News,Authenticity
 பாஸ்வேர்டை பகிரும் பயனர்களிடம் கூடுதல் கட்டணம்: நெட்ஃப்ளிக்ஸ் பலே திட்டம்  ,0
 இந்தியாவில் நடப்பு ஆண்டின் இறுதிக்குள் ‘ஏகே-203’ ரக துப்பாக்கிகள் தயாரிப்பு?   ,0
 பட்ஜெட் விலையில் மோட்டோ E22s ஸ்மார்ட்போன் இந்தியாவில் அறிமுகம் | விலை &...   ,0
 கலாம் கண்ட கடைசி கனவை நனவாக்குவோம்   ,0
 பட்ஜெட் விலையில் ரெட்மி ஏ1+ ஸ்மார்ட்போன் இந்தியாவில் அறிமுகம் | விலை &...   ,0
 கூகுள் பிளே பாயிண்ட்ஸ் இந்தியாவில் அறிமுகம் | டவுன்லோட் செய்தால் புள்ளிகள் பெறலாம்:...   ,0
 நோக்கியா ஜி11 பிளஸ் ஸ்மார்ட்போன் இந்தியாவில் அறிமுகம்: விலை & அம்சங்கள்   ,0
 ஃபேஸ்புக்கில் தொழில்நுட்ப கோளாறு? - ஃபாலோயர்களை அதிக அளவில் இழக்கும் பயனர்கள்   ,0
 5ஜி சாதனங்களில் நவம்பர் மத்தியில் 5ஜி சப்போர்ட்:  சாம்சங் தகவல்; பிற நிறுவனங்களின்...   ,0
 ஸ்மார்ட்போனில் 5ஜி பயன்படுத்த புதிய சிம் கார்டு தேவையா?   ,0
 பரிசோதனைக்கு முன்னர் கர்ப்பத்தை கண்டறிந்த ஆப்பிள் வாட்ச்: பெண் பயனர் பகிர்ந்த தகவல்   ,0
 வாட்ஸ்அப் கட்டணச் சந்தா சேவை: இப்போதைக்கு பீட்டா பயனர்களின் பயன்பாட்டுக்கு கிடைக்க வாய்ப்பு   ,0
 பயனர்களின் ஃபேஸ்புக் பாஸ்வேர்டை களவாடும் செயலிகள்: மெட்டா எச்சரிக்கை   ,0
 ஆண்ட்ராய்டு செயலியை அறிமுகம் செய்த UPSC | என்னென்ன தகவல்களை பெறலாம்?   ,0
 ஓட்டுநர்கள் இல்லா மெட்ரோ ரயில் - சென்னையில் விரைவில் அறிமுகம்   ,0
 இந்தியாவில் 4ஜி மற்றும் 5ஜி சேவையை பிஎஸ்என்எல் அறிமுகம் செய்வது எப்போது? வெளியான...   ,0
" 500 நாட்களில் 25,000 மொபைல் டவர்கள்: ரூ.26,000 கோடியை ஒதுக்கியது மத்திய அரசு  ",0
 அக்.4 | விண்வெளி ஆராய்ச்சியில் உலகம் முதல்படி எடுத்து வைத்த மகத்தான நாள்:...   ,0
" ரூ.15,000 விலையில் லேப்டாப்: ரிலையன்ஸ் விரைவில் அறிமுகம்   ",0
 மலிவு விலையில் லாவா பிளேஸ் 5ஜி ஸ்மார்போன்: சிறப்பு அம்சங்கள் என்னென்ன?   ,0
 விமானப் படையில் இணைக்கப்பட்ட உள்நாட்டு இலகு ரக ஹெலிகாப்டர்கள்: சிறப்பு அம்சங்கள்   ,0
 மோட்டோ ஜி72 ஸ்மார்ட்போன் இந்தியாவில் அறிமுகம் | விலை & அம்சங்கள்   ,0
 மங்கள்யான் விண்கலத்தின் பயணம் முடிவுக்கு வந்தது   ,0
 இந்தியாவில் 4ஜி சேவையை வேகமாக கொண்டு சேர்த்தது ஜியோ: அம்பானியை பாராட்டிய ஏர்டெல்...   ,0
 எலான் மஸ்கை நோக்கி கையசைத்த டெஸ்லா ரோபோ | வீடியோ   ,0
 2023 ஆகஸ்ட் 15 முதல் பிஎஸ்என்எல் 5ஜி சேவையை வழங்கும்: அமைச்சர் அஸ்வினி...   ,0
 ஸ்வீடனில் உள்ள வாகனத்தை டெல்லியில் இருந்து இயக்கிய பிரதமர் மோடி: வீடியோ   ,0
 இந்தியாவில் ரூ.15000-க்கும் குறைவான விலையில் கிடைக்கும் 5ஜி ஸ்மார்ட் போன்கள்   ,0
 5ஜி சேவையை வழங்க தயார் - டெல்லி சர்வதேச விமான நிலையம் தகவல்   ,0
 மொபைல் செயலிகளை பயன்படுத்தாமல் வாட்ஸ்அப் சாட்பாட் மூலம் ரயில் பயண தகவல்களை பெறுவது...   ,0
 இந்தியாவில் அறிமுகமானது டெக்னோ பாப் 6 புரோ ஸ்மார்ட்போன் | விலை &...   ,0
 அரசியல் சாசன அமர்வுகளின் வழக்கு விசாரணையை நேரலையில் ஒளிபரப்பும் உச்ச நீதிமன்றம்   ,0
 இந்திய அரசு முடக்கச் சொன்ன ட்வீட்களில் 50 - 60 சதவீதம் தீங்கற்றவை:...  ,0
 செல்போன்களில் ஜிபிஎஸ் உடன் NavIC-ஐ பயன்படுத்த ‘அழுத்தம்’ தருகிறதா இந்தியா?   ,0
 அக்டோபர் 1-ம் தேதி 5ஜி சேவையை தொடங்கி வைக்கிறார் பிரதமர் மோடி   ,0
 ஒன்பிளஸ் 10R 5ஜி பிரைம் ப்ளூ எடிஷன் இந்தியாவில் அறிமுகம்: விலை &...   ,0
 ஐபோன் 14 சீரிஸில் புதிய அம்சம்: காரை ‘கிராஷ்’ செய்து பரிசோதித்த யூடியூபர்!    ,0
 மின்சாரம் தாக்கி உயிரிழப்பு ஏற்படுவதை தடுக்க சுவிட்ச் போர்டு - மானாமதுரை எலெக்ட்ரீசியன்...   ,0
 இன்ஸ்டா ரீல்ஸில் குறைபாட்டை சுட்டிக்காட்டிய இந்திய மாணவருக்கு ரூ.38 லட்சம் சன்மானம்   ,0
 வாட்ஸ்அப்பில் வாக்கெடுப்பு அம்சம்: விரைவில் வெளியாகும் என எதிர்பார்ப்பு   ,0
 இந்தியாவில் அறிமுகமானது ரியல்மி GT நியோ 3T ஸ்மார்ட்போன் | விலை &...   ,0
 இந்தியாவில் அறிமுகமானது ஒப்போ F21s புரோ சீரிஸ் | விலை & அம்சங்கள்   ,0
 அறிமுகமானது விவோ V25 ஸ்மார்ட்போன் | நிறம் மாறும் பேக் பேனல் உட்பட...   ,0
 ரியல்மி C30s ஸ்மார்ட்போன் இந்தியாவில் அறிமுகம் | விலை & சிறப்பு அம்சங்கள்   ,0
 பட்ஜெட் விலையில் நார்சோ 50i பிரைம் போனை அறிமுகம் செய்த ரியல்மி: விலை...   ,0
 மோட்டோரோலா எட்ஜ் 30 அல்ட்ரா & ஃபியூஷன் ஸ்மார்ட்போன்கள் இந்தியாவில் அறிமுகம்: விலை...   ,0
 உங்கள் ஸ்மார்ட்போனின் இயக்கம் ஸ்லோ டவுன் ஆகிறதா?- வேகப்படுத்த பயனுள்ள டிப்ஸ்   ,0
" ஆப்பிள் ஈவென்ட் 2022 ஹைலைட்ஸ் | ஐபோன் 14 சீரிஸ் போன்கள், ஆப்பிள்...   ",0
 பட்ஜெட் விலையில் 3 ஸ்மார்ட்போன்களை இந்தியாவில் அறிமுகம் செய்த ரெட்மி: விலை &...  ,0
 போக்கோ M5 ஸ்மார்ட்போன் இந்திய சந்தையில் அறிமுகம் | விலை & அம்சங்கள்   ,0
 சூரிய குடும்பத்துக்கு அப்பால் உள்ள பூமியைவிட பெரிய கிரகத்தை படம் பிடித்த ஜேம்ஸ்...   ,0
 இதுவரை இல்லாத வகையில் ஜூலையில் இந்திய பயனாளர்களிடமிருந்து கூகுளுக்கு 37 ஆயிரம் புகார்கள்   ,0
" பட்டதாரி, ஐ.டி. ஊழியர்களை இலக்காக வைத்து கோடிக்கணக்கில் பணம் பறிப்பு: புதுப்புது வடிவங்களில்...   ",0
 களவு (அ) தொலைந்து போன ஸ்மார்ட்போனை பிளாக் செய்ய உதவும் அரசின் CEIR...   ,0
 கர்ப்பப்பை புற்றுநோயை தடுக்கும் “செர்வாவாக்” தடுப்பூசி: இந்தியாவில் முதல் முறையாக உருவாக்கம்   ,0
 ‘எடிட் பட்டன்’ சோதனையில் ட்விட்டர்: கட்டண சந்தா அடிப்படையில் அறிமுகமாகும் அம்சம்   ,0
 மொபைல் போன் மூலம் வாக்காளர் அட்டை - ஆதார் எண் இணைப்பது எப்படி?...   ,0
 விவோ Y35 ஸ்மார்ட்போன் இந்தியாவில் அறிமுகமானது | விலை & சிறப்பு அம்சங்கள்   ,0
 தீபாவளி முதல் சென்னை உட்பட 4 நகரங்களில் ஜியோ 5ஜி சேவை அறிமுகம்   ,0
 சமூக வலைதள நிறுவனங்கள் இந்திய சட்டங்களைப் பின்பற்ற வேண்டும்: மத்திய அமைச்சர் அஸ்வினி...   ,0
 இந்தியாவில் அறிமுகமானது ரெட்மி நோட் 11SE ஸ்மார்ட்போன் | விலை & அம்சங்கள்   ,0
 2030-க்குள் இந்தியா 6ஜி சேவையை பெற வாய்ப்பு: பிரதமர் மோடி   ,0
 சிவகங்கையில் குடிநீர் வருவதை அறிய அலாரம் உருவாக்கிய தொழிலாளி   ,0
" BUYING GUIDE: இந்திய சந்தையில் ரூ.20,000-க்கு குறைவான பட்ஜெட்டில் கிடைக்கும் 5ஜி ஸமார்ட்போன்கள்   ",0
 செவ்வாய் கிரகத்தில் தண்ணீர்: புதிய வரைபடத்தை வெளியிட்ட இஎஸ்ஏ  ,0
 காற்று மாசிலிருந்து பாதுகாப்பு: இருசக்கர வாகன ஓட்டிகளுக்கு புதிய ஹெல்மெட் தயாரித்த ஸ்டார்அப்...   ,0
 நாய்ஸ்ஃபிட் கோர் 2 ஸ்மார்ட்வாட்ச் அறிமுகம்: 50 ஸ்போர்ட்ஸ் மோடுகளுடன் அசத்தும் அம்சங்கள்   ,0
 'மீம்ஸ்' பார்க்க தினமும் 30 நிமிடங்கள் வரை செலவிடும் இந்திய நெட்டிசன்கள்   ,0
 உடனடி கடன் தருவதாக கூறி மக்களிடம் கோடிக்கணக்கில் பணம் பறித்த 100-க்கும் மேற்பட்ட...   ,0
 யுபிஐ பரிவர்த்தனைகளுக்கு சேவைக் கட்டணம் விதிக்கும் விவகாரம்: நிதி அமைச்சகம் விளக்கம்   ,0
 புனே | உள்நாட்டிலேயே உருவாக்கப்பட்ட முதல் ஹைட்ரஜன் எரிபொருள் பேருந்து அறிமுகம்   ,0
 உங்களது இன்ஸ்டா ரீல்ஸை பேஸ்புக்கில் போஸ்ட் செய்வது எப்படி?   ,0
 இந்தியாவின் முதல் மின்சார டபுள்-டெக்கர் பஸ்: அறிந்ததும் அறியாததும்   ,0
 5ஜி-யை அமல்படுத்த தயாராக இருங்கள் - தொலைத்தொடர்பு நிறுவனங்களுக்கு மத்திய அரசு வலியுறுத்தல்   ,0
 ரியல்மி 9i | பட்ஜெட் விலையில் 5ஜி போனை அறிமுகம் செய்துள்ளது ரியல்மி...   ,0
 இந்தியாவில் VLC மீடியா பிளேயருக்கு தடை: அரசு தெரிவித்துள்ளது என்ன?   ,0
 நிறம் மாறும் பேக் பேனல் உடன் விவோ V25 புரோ ஸ்மார்ட்போன் அறிமுகம்...   ,0
 ஹேக் செய்யப்பட்ட1900 ‘சிக்னல்’ கணக்குகள்: தங்கள் கணக்கு பாதிக்கப்பட்டதா என்பதை பயனர்கள் அறிவது...   ,0
 பிக்சல் போனில் 'ஆண்ட்ராய்டு 13' வெர்ஷனை வெளியிட்ட கூகுள்: விரைவில் அனைத்து போன்களிலும்...   ,0
 இந்தியா @ 75: டிஜிட்டல் இந்தியாவும் தகவல் தொழில்நுட்ப வளர்ச்சியும்   ,0
 ரியல் ‘சிட்டி’ - சியோமி அறிமுகம் செய்த ஹியூமனாய்டு ரோபோ: மதிப்பு ரூ.82...  ,0
 இந்தியாவில் அறிமுகமானது மோட்டோ G62 5ஜி ஸ்மார்ட்போன் | விலை & அம்சங்கள்   ,0
 இந்தியாவில் அனைத்து ஸ்மார்ட்போன்களும் டைப்-சி சார்ஜிங் போர்ட்: அரசின் விருப்பம்?   ,0
" சாம்சங் கேலக்ஸி Z ஃபோல்ட் 4, ஃப்ளிப் 4 மற்றும் சில சாதனங்கள்...   ",0
 புதிய பிரைவசி அம்சங்களை அறிமுகம் செய்த வாட்ஸ்அப் | முழு விவரம்   ,0
 செல்போன் கோபுரங்கள் நிறுவுவதாக கூறி பணமோசடி: தொலைத்தொடர்பு துறை எச்சரிக்கை   ,0
" ஆக.7-ல் விற்பனைக்கு வரும் Gizfit அல்ட்ரா ஸ்மார்ட்வாட்ச் | விலை, சிறப்பு அம்சங்கள்   ",0
 இந்தியாவில் அறிமுகமானது ஒன்பிளஸ் 10T 5ஜி ஸ்மார்ட்போன் | விலை & சிறப்பு...   ,0
 இந்திய சந்தையில் அறிமுகமானது ஒப்போ A77 ஸ்மார்ட்போன் | விலை & சிறப்பு...   ,0
 ஜூன் மாதத்தில் 22 லட்சம் வாட்ஸ்அப் கணக்குகள் முடக்கம்   ,0
 இந்தியாவில் அறிமுகமானது iQOO 9T ஸ்மார்ட்போன் | விலை & அம்சங்கள்   ,0
 5ஜி அலைக்கற்றை ஏலம் | ரூ.88 ஆயிரம் கோடியுடன் ரிலையன்ஸ் ஜியோ முதலிடம்...   ,0
 Battlegrounds Mobile India கூகுள் பிளே ஸ்டோர் மற்றும் ஆப்பிள் ஆப் ஸ்டோரிலிருந்து...   ,0
 பட்ஜெட் விலையில் ரெட்மி 10A ஸ்போர்ட் ஸ்மார்ட்போன் அறிமுகம் | விலை &...   ,0
 இந்தியாவில் கூகுள் மேப்ஸின் ‘ஸ்ட்ரீட் வியூ’ அம்சம் அறிமுகம்; விரைவில் சென்னைக்கும் வசதி   ,0
 ‘மெட்டாவெர்ஸ்’ என்னும் மெய்நிகர் தொழில்நுட்பம்: ஒரு விரைவுப் பார்வை   ,0
 ஹேக் செய்யப்பட்ட 54 லட்சம் ட்விட்டர் பயனர்களின் தரவுகள்; ரூ.24 லட்சத்துக்கு விற்பனை?  ,0
 4-ம் தொழிற்புரட்சி காலத்தின் பயன்களும் பாதகங்களும் - ஒரு விரைவுப் பார்வை   ,0
 விண்வெளிக் கதிரியக்க சவால்களைச் சமாளிக்கும் ‘செர்ன்’!   ,0
" 2021-22ல் இந்தியாவில் 747 இணையதளங்கள், 94 யூடியூப் சேனல்களுக்கு தடை: மத்திய அரசு   ",0
 சர்வதேச அளவில் முடங்கிய ‘டீம்ஸ்’ சேவை: மீம்ஸுடன் கொண்டாடிய பல்வேறு நிறுவன ஊழியர்கள்   ,0
 பிளே ஸ்டோரில் 50+ செயலிகள் நீக்கம் - ‘உங்கள் மொபைலில் இருந்தால் டெலிட்...   ,0
 ரெட்மி K50i ஸ்மார்ட்போன் இந்தியாவில் அறிமுகம் | விலை & சிறப்பு அம்சங்கள்   ,0
 இந்தியாவில் அறிமுகமானது ஒப்போ பேட் ஏர் டேப்லெட் | விலை & சிறப்பு...   ,0
 நேப் பாக்ஸ்... அலுவலகத்தில் குட்டித் தூக்கம் போட ஜப்பானில் ஓர் அசத்தல் கண்டுபிடிப்பு!   ,0
 IR கன்ட்ரோல் கொண்ட சியோமி ஸ்மார்ட் ஸ்பீக்கர் இந்தியாவில் அறிமுகம் - விலை...   ,0
 நாட்டிலேயே முதல் முறை: சொந்த இணையதள சேவையை கொண்ட மாநிலமானது கேரளா!   ,0
" புதிய செல்போன், லேப்டாப், டேப்லட் பழுதுக்கு தீர்வு காண ‘பழுது நீக்கம் உங்கள்...   ",0
 வானியலின் அற்புதங்கள் - ஜேம்ஸ் வெப் தொலைநோக்கி சாதித்தது என்ன?   ,0
 டிஆர்டிஓ பெண் விஞ்ஞானி டெஸ்ஸி தாமஸுக்கு ஏபிஜே-2022 விருது   ,0
" ரூ.4,390 கோடி வரி ஏய்ப்பு செய்த சீன செல்போன் நிறுவனம் ஒப்போ: வருவாய்...   ",0
 ஜேம்ஸ் வெப் தொலைநோக்கி எடுத்த 5 புகைப்படங்களையும் புரிந்துகொள்வது எப்படி? - ஒரு...   ,0
 ட்விட்டரை வாங்க எலான் மஸ்க் மறுப்பு: நீதிமன்றம் செல்ல நிறுவனம் முடிவு  ,0
" 8-ம் ஆண்டில் சியோமி இந்தியா | 60% ஆஃபரில் ஸ்மார்ட்போன், ஸ்மார்ட் டிவி,...   ",0
 நம் வாழ்நாளில் செவ்வாய் கிரகத்தில் மனிதர்கள் குடியேறுவர்: எலான் மஸ்க் கருத்து   ,0
 ‘கருத்துப் பதிவுகளை நீக்குவதில் முரண்பாடு’ - மத்திய அரசுக்கு எதிராக நீதிமன்றத்தை நாடும்...   ,0
 இந்தியாவில் ஒன்பிளஸ் நார்டு 2T 5ஜி ஸ்மார்ட்போன் விற்பனை தொடக்கம் | விலை...   ,0
" இந்தியாவில் அறிமுகமானது மோட்டோ ஜி42 | விலை, சிறப்பு அம்சங்கள்   ",0
 வர்த்தக முறைகேட்டில் ஈடுபடும் கல்வித் தொழில்நுட்ப நிறுவனங்கள் மீது நடவடிக்கை: மத்திய அரசு...   ,0
 இந்தியாவில் மே மாதம் 19 லட்சத்திற்கும் மேற்பட்ட கணக்குகளுக்கு தடை விதித்த வாட்ஸ்அப்   ,0
 பிளாக்செயின் தொழில்நுட்பத்தை எளிமையாக புரிந்துகொள்வது எப்படி?   ,0
" லைவ் ஸ்ட்ரீமிங்கில் சட்டம், நிதி, மருத்துவ விவாதங்களுக்கு தகுதி அவசியம்: இன்ஃப்ளூயன்சர்களுக்கு சீனா...   ",0
 வெற்றிகரமாக விண்ணில் பாய்ந்தது பிஎஸ்எல்வி சி-53   ,0
 சிங்கப்பூரின் செயற்கைக்கோள்களுடன் பிஎஸ்எல்வி சி-53 ராக்கெட் இன்று விண்ணில் பாய்கிறது   ,0
 ‘சைபர் பாதுகாப்பு’ காலத்தின் கட்டாயம் - முதன்மை அறிவியல் ஆலோசகர் அஜய் குமார்...   ,0
 2 ஆண்டு வாரன்டியுடன் இந்தியாவில் போக்கோ F4 5ஜி ஸ்மார்ட்போன் அறிமுகம்: விலை...   ,0
 உயிரிழந்தவர்களின் குரலை மிமிக் செய்யும் அலெக்சா? - அமேசானின் பலே திட்டம்   ,0
 இந்திய சந்தையில் அறிமுகமானது சாம்சங் F13 ஸ்மார்ட்போன் | விலை & சிறப்பு...   ,0
 பாட்னா உயர் நீதிமன்ற நீதிபதிகள் அனைவருக்கும் ஐபோன் 13 புரோ வாங்க முடிவு:...  ,0
 சர்வதேச யோகா தினம் | ஸ்மார்ட் யோகா மேட்டை அறிமுகம் செய்த யோகிஃபை   ,0
 'i1' என்ற ஸ்மார்ட் கண்ணாடியை அறிமுகம் செய்துள்ள நாய்ஸ் நிறுவனம் | விலை...   ,0
ப்ரீமியம்  டெலிகிராம் ப்ரீமியம் | கூடுதல் அம்சங்களுடன் கட்டணச் சந்தா அறிமுகம் - விரிவான...   ,0
 இந்திய சந்தையில் அறிமுகமானது ரியல்மி C30 ஸ்மார்ட்போன் | விலை & சிறப்பு...   ,0
 ஆலைகளில் வெளியேறும் கார்பன் டை ஆக்சைடை வெப்பநிலை மாறாமல் உறிஞ்சும் தொழில்நுட்பம்: சிக்ரி...   ,0
 இவ்வாண்டு இறுதிக்குள் 25 நகரங்களில் 5ஜி   ,0
 இந்தியாவில் 700+ ஸ்போர்ட்ஸ் மோடுடன் 'போட் Xtend ஸ்போர்ட்' ஸ்மார்ட்வாட்ச் அறிமுகம்   ,0
 யூடியூப் ஷார்ட்ஸ் வீடியோக்களை மாதந்தோறும் 150 கோடிக்கும் மேலான பயனர்கள் பார்ப்பதாக தகவல்   ,0
 இந்தியாவில் விற்பனைக்கு வந்தது ‘டிஸோ வாட்ச் D’ - விலை & அம்சங்கள்   ,0
 இந்தியாவில் அறிமுகமானது சியோமி 'பேட்டரி ரீப்ளேஸ்மென்ட் புரோகிராம்' | ஆரம்ப விலை ரூ.499   ,0
 முகமது நபிகள் விவகாரம் | மன்னிப்பு கோருமாறு தானே நகர காவல்துறை வெப்சைட்டை...   ,0
 27 ஆண்டு சேவைக்குப் பிறகு இன்டர்நெட் எக்ஸ்புளோரர் நாளை ஓய்வு   ,0
ப்ரீமியம்  நீங்களும் ‘டாக்டர் வசீகரன்’தான்... எப்படி? - மின்னணு கழிவுகள் | E-Waste A...   ,0
 27 ஆண்டு காலம் நிறைவு: ஜூன் 15-ல் விடைபெறுகிறது இன்டர்நெட் எக்ஸ்ப்ளோரர்!   ,0
 கட்டண அம்சங்களுடன் கூடிய ப்ரீமியம் சந்தா திட்டத்தை விரைவில் அறிமுகம் செய்ய டெலிகிராம்...   ,0
 கழிவுநீர்த் தொட்டிகளை சுத்தப்படுத்தும் ‘ஹோமோசெப்’: களப்பணிக்கு தயாராகும் ஐஐடி மெட்ராஸ்-ன் ரோபோ   ,0
 கூகுள் மேப்ஸ் மூலம் உங்கள் பகுதியின் காற்றின் தரத்தை அறிந்துகொள்வது எப்படி? -...   ,0
" 118 நாடுகள், 305 விண்ணப்பங்கள்... - ‘வேர்ல்ட் ஜஸ்டிஸ் சேலஞ்ச்’ விருதை வென்ற...   ",0
 இந்திய சந்தையில் அறிமுகமானது மோட்டோ ஜி82 5ஜி ஸ்மார்ட்போன் | விலை &...   ,0
 இந்தியாவின் முதல் விர்ச்சுவல் இன்ஃப்ளூயன்சர் 'கைரா' - இன்ஸ்டாவில் கவனம் ஈர்ப்பதன் பின்புலம்   ,0
 90 நொடிகள் வரை ரீல்ஸ் பதிவு செய்யலாம்; ரீல்ஸ் தளத்தில் புதிய அம்சங்களை...   ,0
" பேஸ்புக், இன்ஸ்டாகிராமில் வெறுப்பு பதிவுகள் அதிகரிப்பு   ",0
ப்ரீமியம்  பன்ச் கார்டு முதல் கிளவுட் வரை - ஸ்டோரேஜ் டிவைஸ்களின் பரிணாம வளர்ச்சி   ,0
 இந்தியாவில் ஏப்ரலில் மட்டும் 16.66 லட்சம் கணக்குகளுக்கு தடை விதித்த வாட்ஸ்அப்   ,0
 iQOO Neo 6 ஸ்மார்ட்போன் இந்தியாவில் அறிமுகம் | விலை & சிறப்பு...   ,0
 எலெக்ட்ரிக் வாகனங்களுக்கான விலை குறைந்த பேட்டரி: சென்னை ஐஐடி ஆய்வுக் குழு தீவிர...   ,0
 இந்தியாவில் கேம் கன்ட்ரோலரை அறிமுகம் செய்த ஜியோ | விலை & அம்சங்கள்   ,0
 குஜராத் | நாட்டிலேயே முதல்முறை; ட்ரோன் மூலம் பார்சல் டெலிவரி செய்த இந்திய...   ,0
 அறிமுகமானது மோட்டோ E32s ஸ்மார்ட்போன் | சிறப்பு அம்சங்கள்   ,0
" காத்திருக்கும் நேரத்தில் ஸ்நாக்ஸ் வாங்கலாம், எடை பார்க்கலாம்... பெருங்களூருவில் வருகிறது அதிநவீன பேருந்து...   ",0
 பயனர் தகவல்களை பயன்படுத்திய விவகாரம் | ட்விட்டருக்கு 150 மில்லியன் அமெரிக்க டாலர்...   ,0
 அமேசானில் பிளாஸ்டிக் வாளியின் விலை ரூ.25999 - அதிர்ச்சியடைந்த நெட்டிசன்கள்  ,0
 விவசாயத்தில் பேருதவி புரியும் IOT தொழில்நுட்பம்: ஒரு விரைவுப் பார்வை   ,0
 இன்பினிக்ஸ் ஹாட் 12 பிளே ஸ்மார்ட்போன் இந்தியாவில் அறிமுகம்: விலை & சிறப்பு...   ,0
 ரேசர்பே நிறுவனத்தில் ரூ.7.3 கோடி திருட்டு - பெங்களூரு சைபர் கிரைம் போலீஸில்...   ,0
 ஸ்டார்லிங்க் | மலேசியாவில் எலான் மஸ்கின் சாட்டிலைட் மூலம் இணைய சேவை வழங்க...   ,0
 இந்தியாவில் அறிமுகமானது விவோ Y75 ஸ்மார்ட்போன் | விலை & சிறப்பு அம்சங்கள்   ,0
 ரியல்மி நார்ஸோ 50 புரோ 5ஜி & 50 5ஜி ஸ்மார்ட்போன்கள் அறிமுகம்...   ,0
 உங்களுக்குத் தெரியுமா? | டெய்ஸியின் மாயாஜாலம்   ,0
 ‘‘போலி கணக்குகள்; ஒப்பந்தம் அடுத்தகட்டத்துக்கு நகராது’’- ட்விட்டர் நிர்வாகத்துக்கு எலான் மஸ்க் எச்சரிக்கை   ,0
 பற்களில் பாக்டீரியாவை அழிக்க நானோ பாட்கள்: இந்திய ஆராய்ச்சியாளர்களின் முன்முயற்சி   ,0
 பட்ஜெட் விலையில் விவோ Y01 ஸ்மார்ட்போன் அறிமுகம் | சிறப்பு அம்சங்கள் &...   ,0
 வீட்டில் அலுவலக பணி சூழல் மாற்றம் - அலுவலகம் வர சொன்னதால் 800...   ,0
 வரலாற்றில் முதல் முறை | நிலவில் சேகரிக்கப்பட்ட மண்ணை கொண்டு செடி வளர்த்த...   ,0
 கூகுளில் சம்ஸ்கிருதம் மொழிபெயர்ப்பு வசதி   ,0
ப்ரீமியம்  மின்னணு மக்கள் தொகை கணக்கெடுப்பு குறித்து அறிவித்த அமித் ஷா | எப்படி...   ,0
 'கூகுள் வாலெட் அப்ளிகேஷன்' - I/O டெவலப்பர் மாநாட்டில் அறிமுகம்   ,0
ப்ரீமியம்  'ஐபாட்' உற்பத்தியை நிறுத்தியது ஆப்பிள் | ஐபாட் பயணம்: டைம்லைன் பார்வை  ,0
" ""ரிசர்வ் வங்கியின் அழுத்தம் காரணமாக யுபிஐ பேமெண்டை நிறுத்தியுள்ளோம்"" காயின்பேஸ் சிஇஓ   ",0
 'நத்திங் போன் (1)' பிளிப்கார்ட் தளம் மூலமாக மட்டுமே விற்பனை   ,0
 இந்தியாவில் மே 18-ல் விவோ X80 சீரிஸ் ஸ்மார்ட்போன் அறிமுகம் | சிறப்பு...   ,0
" எமோஜி ரியாக்‌ஷன்ஸ், 2 ஜிபி ஃபைல் ஷேரிங், குழுவில் 512 பேர்... -...   ",0
 ஆன்லைன் ஷாப்பிங் முதல் வங்கி கணக்குகள் வரை: ஹேக்கர்கள் ‘உஷார்’   ,0
 வாழ்நாள் 16 ஆண்டுகள்... புதிய புரோ Endurance மைக்ரோ எஸ்டி கார்டை அறிமுகம்...   ,0
 ட்விட்டர் சர்க்கிள் | குறிப்பிட்ட சிலருக்கு மட்டுமே ட்வீட்களை பகிரும் புதிய அம்சம்   ,0
 பயனர்களின் பிறந்த தேதியை உள்ளிடுமாறு கட்டாயப்படுத்தும் இன்ஸ்டாகிராம்: காரணம் என்ன?   ,0
 இந்தியாவில் அறிமுகமானது விவோ T1 புரோ 5ஜி மற்றும் T1 44W ஸ்மார்ட்போன்...   ,0
 ஒரே மாதத்தில் 18.05 லட்சம் இந்திய கணக்குகளுக்கு தடை விதித்த வாட்ஸ்அப்   ,0
ப்ரீமியம்  ஹேக்கர்களிடம் இருந்து உங்கள் கணக்குகளைப் பாதுகாக்க 10 இணையப் பாதுகாப்பு டிப்ஸ்   ,0
ப்ரீமியம்  நோக்கியா G21 முதல் ரியல்மி GT 2 வரை | இந்தியாவில் அறிமுகமான...   ,0
 இந்தியாவில் அறிமுகமானது ரியல்மி GT நியோ 3 ஸ்மார்ட்போன் | விலை &...   ,0
 ஸ்மார்ட் வாட்டர் பாட்டில் விற்பனையில் களமிறங்கிய ஆப்பிள் - விலை & விவரம்   ,0
 இந்தியாவில் அறிமுகமானது iQoo Z6 Pro 5G மற்றும் iQoo Z6 4G...   ,0
 இந்தியாவில் அறிமுகமானது மைக்ரோமேக்ஸ் IN 2c ஸ்மார்ட்போன் | விலை & சிறப்பு...  ,0
 'பேச்சு சுதந்திரம் என்பது?' - விளக்கம் கொடுத்துள்ள எலான் மஸ்க்   ,0
 மஸ்க் வசமான ட்விட்டர் | வெறுப்புப் பேச்சு குறித்த கவலையில் மனித உரிமை...   ,0
 இந்தியாவில் அறிமுகமானது நோக்கியா G21 ஸ்மார்ட்போன்: விலை & சிறப்பு அம்சங்கள்   ,0
 பராக் அகர்வால் சம்பளம் எவ்வளவு? -பணிநீக்கம் செய்தால் ட்விட்டர் ரூ.300 கோடி இழப்பீடு...   ,0
 5 ஆண்டுகளுக்கு முன்பே ட்விட்டரின் விலையை கேட்ட மஸ்க்; வைரலாகும் பழைய ட்வீட்   ,0
 மஸ்க் வசமான ட்விட்டர் | 'நான் ட்விட்டருக்குத் திரும்ப மாட்டேன்' - ட்ரம்ப்   ,0
 'முன்பை காட்டிலும் ட்விட்டரை சிறந்ததாக மாற்ற விரும்புகிறேன்' - எலான் மஸ்க்   ,0
 ‘‘ட்விட்டர் எதிர்காலம் நிச்சயமற்றது’’-  ஊழியர்களிடம் பராக் அகர்வால் ஆதங்கம்   ,0
 மேலும் 16 யூடியூப் சேனல்கள் முடக்கம்   ,0
 எலான் மஸ்க் டீலுக்கு சம்மதம் - 44 பில்லியன் டாலருக்கு கைமாறுகிறது ட்விட்டர்   ,0
 எலான் மஸ்க் வசமாகிறதா ட்விட்டர்? - தொடரும் பேச்சுவார்த்தை   ,0
 இந்தியாவில் அறிமுகமானது ரியல்மி நார்சோ 50A பிரைம் ஸ்மார்ட்போன் | விலை &...   ,0
 கால் ரெக்கார்டிங் செயலிகளுக்கு சிக்கல்: பிளே ஸ்டோரில் கூகுளின் புதிய கொள்கை எதிரொலி   ,0
ப்ரீமியம்  'ஒரே கல்லுல ரெண்டு ஆப்பிள்' - சார்ஜர்கள்‌ இன்றி ஸ்மார்ட்போன்கள் விற்கப்படுவதன் பின்புலம்...   ,0
 இந்தியாவில் அறிமுகமானது ரியல்மி GT 2 ஸ்மார்ட்போன் | சிறப்பு அம்சங்கள் என்னென்ன?!    ,0
ப்ரீமியம்  நல்ல வலைதளங்களில் கெட்ட விளம்பரங்கள் முளைப்பது ஏன்? - ஒரு தெளிவுப் பார்வை  ,0
ப்ரீமியம்  சரியாக நிர்வகிக்கப்படாத கிளவுட் சேவைகளால் பயனர் தகவல்களுக்கு அச்சுறுத்தல். எப்படி?   ,0
ப்ரீமியம்  ரெட்மி 10A டு மோட்டோ ஜி22: இந்தியாவில் புதிதாக அணிவகுக்கும் ஸ்மார்ட்போன்கள் |...   ,0
 இந்தியாவில் அறிமுகமானது 'டிஸோ வாட்ச் S' ஸ்மார்ட்வாட்ச் | விலை & அம்சங்கள்   ,0
 இந்தியாவில் பட்ஜெட் விலையில் அறிமுகமாகும் ரெட்மி 10A | சிறப்பம்சங்கள்   ,0
ப்ரீமியம்  விமானத்தில் தீப்பற்றி எரிந்த போன் | சில நேரங்களில் ஸ்மார்ட்போன்கள் திடீரென தீப்பற்ற...   ,0
" ட்விட்டரின் 100 சதவீத பங்குகளை 4,300 கோடி டாலருக்கு வாங்க எலான் மஸ்க்...   ",0
 மலிவு விலையிலான இன்பினிக்ஸ் ஹாட் 11 2022 ஸ்மார்ட்போன் இந்தியாவில் அறிமுகம்   ,0
 சந்தையில் அறிமுகமானது ஒப்போ A57 ஸ்மார்ட்போன்: சிறப்பம்சங்கள்   ,0
 வாட்ஸ்அப் குழுக்களுக்காக அறிமுகமாகவுள்ள ஐந்து புதிய அம்சங்கள்   ,0
 உலகளவில் சில மணிநேரம் முடங்கிய யூடியூப் சேவை   ,0
 ‘விவோ X ஃபோல்ட்’: மடிக்கும் வகையிலான ஃபோல்டபிள் போனை அறிமுகம் செய்தது விவோ    ,0
 இந்தியாவில் அறிமுகமானது ஒப்போ F21 புரோ சீரிஸ் ஸ்மார்ட்போன்: விலை மற்றும் சிறப்பம்சங்கள்   ,0
 பயனர்களின் போன்களில் தகவல்களை திரட்டிய 10 செயலிகளுக்கு கூகுள் தடை   ,0
 டாக்குமென்ட் பகிர்வு | வாட்ஸ் அப்பில் விரைவில் புதிய அம்சம் அறிமுகமாக வாய்ப்பு   ,0
 ஸ்ரீபெரும்புதூரில் ‘ஐபோன் 13’ உற்பத்தியை தொடங்கியது ஆப்பிள் நிறுவனம்   ,0
 பட்ஜெட் விலையில் அறிமுகச் சலுகையுடன் விற்பனைக்கு வரும் மோட்டோ ஜி22 ஸ்மார்ட்போன்  ,0
 டாடா நியு மொபைல் செயலி | என்னென்ன தேவைகளுக்கு பயன்படுத்தலாம்: முழு விவரம்   ,0
 சாம்சங் கேலக்ஸி A33 5ஜி ஸ்மார்ட்போன் | சாதக - பாதகங்கள் என்னென்ன:...   ,0
 அனைத்துப் பயனாளர்களுக்கும் க்ரீன் 'டிக்' - சமூக வலைதளமான 'கூ' திட்டம்   ,0
 டிஎன்ஏ தொழில்நுட்ப வரைவு மசோதா பரிசீலனையில் உள்ளது - மத்திய அரசு தகவல்   ,0
 இந்தியாவில் அறிமுகமானது 108 மெகாபிக்சல் கேமரா உடனான ரியல்மி 9 ஸ்மார்ட்போன் |...   ,0
" ஸ்விகி, சொமேட்டோ செயலிகள் சிறிது நேரம் முடங்கியதாக பயனர்கள் புகார்   ",0
" டோல்கேட் கட்டண விவரம், சுங்கச்சாவடி இல்லாத சாலை எது? - கூகுள் மேப்ஸில்...   ",0
 இந்தியாவில் அறிமுகச் சலுகையுடன் விற்பனைக்கு வந்தது ரியல்மி C31 ஸ்மார்ட்போன்   ,0
 யூடியூப் வீடியோக்களை எளிதில் விரைந்து பகிர புதிய அம்சம்: ஸ்னாப்சாட்டில் அறிமுகம்   ,0
 தவறான தகவல்களை பரப்பியதற்காக 22 யூடியூப் சேனல்களுக்கு மத்திய அரசு தடை   ,0
ப்ரீமியம்  ட்விட்டரில் எடிட் பட்டன்: கருத்துக் கணிப்பு நடத்தும் மஸ்க் - பராக் அகர்வால்...   ,0
"ப்ரீமியம்  ரூ.38,900-க்கு ஐபோன் 12 - ’எக்ஸ்சேஞ்ச் ’ சலுகை விலை அறிவிப்பு   ",0
 ஆண்ட்ராயடு 13-இல் புதிய அம்சம்: ஒரு eSIM-இல் பல கேரியர் இணைப்புகள்   ,0
 இண்டிகோ ஏர்லைன்ஸ் வலைதளத்தை ஹேக் செய்த பெங்களூர் நபர்: ஏன் தெரியுமா?   ,0
" 18,999 ரூபாய்க்கு கிடைக்கும் சாம்சங் M33 5G ஸ்மார்ட்போன் இந்தியாவில் அறிமுகமானது   ",0
 இ-வாகன தீ விபத்துகளும் 'பேட்டரி' பீதியும் - நாம் கவனிக்க வேண்டியது என்ன?...  ,0
 செமிகண்டக்டர் தட்டுப்பாடு மத்தியிலும் இந்தியாவின் ஸ்மார்ட்போன் ஏற்றுமதி 83 சதவீதம் உயர்வு   ,0
 நாட்டில் முதல்முறையாக உள்நாட்டு தொழில்நுட்பத்தில் 100 கி.மீ தூரத்துக்கு குவான்டம் தகவல் தொடர்பு...   ,0
 இந்திய அறிவியல் தினத்துக்கு வித்திட்ட 'ராமர் விளைவு' நடந்தது எப்படி?   ,0
 ஓட்டுநர்கள் கண்ணயர்ந்தால் எச்சரிக்கும் கருவி: நாக்பூர் ஓட்டுநர் புதிய கண்டுபிடிப்பு   ,0
 நாட்டின் பாதுகாப்புக்கு அச்சுறுத்தல் - 54 சீன செயலிகளுக்கு தடை: மத்திய அரசு...   ,0
 பகுதி 1: குவாண்டம் தகவல் தொடர்பு: இஸ்ரோவின் முன்னோடி சோதனை வெற்றி   ,0
 இறுதிகட்டத்தை எட்டியது 5ஜி நெட்வொர்க்: மத்திய அமைச்சர் தகவல்   ,0
 ‘‘ஒட்டுவேலை’’- லோகோவை மாற்றிய கூகுள் குரோம்: நெட்டிசன்கள் விமர்சனம்   ,0
 8 ஆண்டுகளுக்கு பின் லோகோவை மாற்றிய கூகுள் குரோம்   ,0
 கிருமிநாசினித் திறனுடன் மக்கும் மாஸ்க்குகளை உருவாக்கிய இந்திய விஞ்ஞானிகள்   ,0
 கரன்சி முதல் பல்கலை. வரை - மத்திய பட்ஜெட் 2022-ல் கவனிக்கத்தக்க 'டிஜிட்டல்'...   ,0
 எலக்ட்ரானிக் பொருட்கள் ஏற்றுமதி - இதுவரையிலான சாதனைகளை முறியடிக்கும் இந்தியா   ,0
" எலக்ட்ரிக் வாகனங்களுக்கு 2025-க்குள் ரூ.40,000 கோடி நிதியுதவி: வங்கிகள், நிதி நிறுவனங்கள் ஆற்றல்...   ",0
 இந்தியாவுக்கு எதிரான யூடியூப் தளங்கள் முடக்கப்படும்: மத்திய அரசு எச்சரிக்கை   ,0
 ஆன்லைன் வழியாக கைதிகளிடம் பேச உறவினர்களுக்கு உதவும் ‘இ-பிரிசன்ஸ்’ மென்பொருள்   ,0
 சென்னை ஐஐடி மாணவர்களுக்கு எலெக்ட்ரிக் வாகனங்கள் குறித்த மாஸ்டர் திட்டம் துவக்கம்  ,0
 அடல் கண்டுபிடிப்பு தரவரிசை: தொடர்ந்து மூன்றாவது ஆண்டாக சென்னை ஐஐடி முதலிடம்   ,0
 ஆன்லைன் பரிவர்த்தனையில் புதிய மாற்றங்கள் என்னென்ன?   ,0
 ஜேம்ஸ் வெப் தொலைநோக்கி: விண்ணை அளக்கும் கண்   ,0
 இந்தியாவில் பயன்பாட்டில் 8.77 லட்சம் மின்சார வாகனங்கள்: 7-வது இடத்தில் தமிழகம்   ,0
 போலியான மைக்ரோசாப்ட் மென்பொருள் விற்பனை: சிபிசிஐடி போலீஸார் விசாரணை   ,0
 பழைய கூகுள் குரோமில் பாதுகாப்பு ரீதியாக ஆபத்து: மத்திய அரசு எச்சரிக்கை   ,0
 பெயரை மாற்றி ரீ பிராண்டிங்குக்கு தயாராகிறதா பேஸ்புக்? அமெரிக்க ஆட்சியாளர்களின் அழுத்தம் காரணமா?   ,0
" ஒருவரின் மரணத்துக்குப் பிறகு, கூகுள், ஆப்பிள் உள்ளிட்ட சேவைகளில் அவர் சேமித்து வைத்திருக்கும் தரவுகள்...   ",0
 இந்தியாவின் கிராமப்புறத்தில் முதல் 5ஜி சோதனை: ஏர்டெல் - எரிக்ஸன் கூட்டு முயற்சி   ,0
 தனக்குத் தானே டூடுல் வெளியிட்டுக் கொண்ட கூகுள்: என்ன காரணம்?   ,0
 பெண்களின் மனநிலையை பாதிக்கும் இன்ஸ்டாகிராம்   ,0
 ஒருமுறை பார்த்த பிறகு மறையும் புதிய வசதி: வாட்ஸ் அப் அறிமுகம்   ,0
 அடிப்படை 4ஜி மொபைல் மாடலை அறிமுகம் செய்த நோக்கியா   ,0
 குறிவைத்து துன்புறுத்துபவர்களைக் கட்டுப்படுத்த புதிய வசதி: இன்ஸ்டாகிராம் அறிமுகம்   ,0
 ஆகஸ்ட் 3 முதல் ஃப்ளீட்ஸ் வசதியை நீக்கும் ட்விட்டர்   ,0
 குறைதீர்ப்பு அதிகாரியை நியமிக்க 8 வாரங்கள் தேவை: நீதிமன்ற எச்சரிக்கையை அடுத்து ட்விட்டர்...  ,0
 ஜியோபோன் நெக்ஸ்ட்; மலிவு விலையில் ஒரு ஸ்மார்ட்போன்: கூகுளுடன் இணைந்து ரிலையன்ஸ் அறிமுகம்   ,0
 ஆடியோ செய்திகளின் வேகத்தைக் கட்டுப்படுத்தலாம்: வாட்ஸ் அப்பில் புதிய வசதி அறிமுகம்   ,0
" வானில் இன்று ஒரே நேரத்தில் நிகழும் ரத்த நிலவு, முழு சந்திர கிரகணம்:...   ",0
 புதிய விதிமுறைகள் சர்ச்சை: இந்திய அரசுக்கு எதிராக வாட்ஸ் அப் வழக்கு   ,0
" மே 26 முதல் இந்தியாவில் ட்விட்டர், ஃபேஸ்புக் செயல்படுமா?    ",0
 முடிவுக்கு வரும் இண்டர்நெட் எக்ஸ்ப்ளோரர்: மைக்ரோசாஃப்ட் அறிவிப்பு   ,0
 இனி வீடியோக்களை ம்யூட் செய்து அனுப்பலாம்: வாட்ஸ்அப்பில் அறிமுகம்   ,0
" ரஷ்யா, ஈரான், அர்மேனியாவுடன் தொடர்புடைய நூற்றுக்கணக்கான கணக்குகள் நீக்கம்: ட்விட்டர் அறிவிப்பு   ",0
 5ஜி சேவை: குவால்காம் நிறுவனத்துடன் கைகோத்த ஏர்டெல்   ,0
 விளம்பர உள்ளடக்கங்களை சமூக ஊடக ஆளுமைகள் வெளிப்படையாகத் தெரிவிக்க வேண்டும்: விளம்பரக் கட்டுப்பாட்டு...   ,0
 மே 15-ம் தேதிக்குள் வாட்ஸ் அப்பின் புதிய கொள்கை மாற்றங்களை ஏற்கவில்லை என்றால்...   ,0
 ட்விட்டருக்கு மாற்று?- 5 நாட்களில் 9 லட்சம் பயனர்கள்: 'கூ' செயலிக்குக் குவியும்...   ,0
 4.6 பில்லியன் டாலர்களை இழந்த எலான் மஸ்க்: பணக்காரர்கள் பட்டியலில் பெஸோஸ் மீண்டும்...   ,0
" கோவிட், தடுப்பூசி குறித்த தவறான தகவல்களை நீக்க ஃபேஸ்புக் நடவடிக்கை   ",0
 இனி வாட்ஸ் அப் உரையாடல்களை டெலிகிராமிலும் மாற்றிக் கொள்ளலாம்   ,0
 100 கோடி பயனர்களைத் தாண்டிய ஐஃபோன்: வருவாயிலும் புதிய சாதனை  ,0
 வாட்ஸ் அப் கணக்கு நீக்கப்படாது: மே 15 வரை கால அவகாசம்   ,0
 கூகுள் தேடலில் தனிப்பட்ட வாட்ஸ் அப் குழுக்களின் லிங்க்: மீண்டும் எழும் வாட்ஸ்...   ,0
 ஜனவரி 1 முதல் ஜியோவில் இருந்து மற்ற நெட்வொர்க்குகளுக்கும் வாய்ஸ் கால் இலவசம்   ,0
 ட்விட்டர் கணக்குகளை சரிபார்க்கும் புதிய முறை: ஜனவரி 20 முதல் தொடக்கம்   ,0
 மோசமான டிஜிட்டல் பணியிடமாக ஸொமேட்டோ தேர்வு: தவறை ஏற்றுக்கொண்ட தலைமைச் செயல் அதிகாரி    ,0
" யூடியூப், ஜிமெயில் உள்ளிட்ட கூகுள் சேவைகள் முடங்கின; உலகளாவிய அளவில் பாதிப்பு   ",0
 உலகில் அதிக ஸ்பேம் அழைப்புகள்: இந்தியாவுக்கு 9-வது இடம்   ,0
 இந்தியாவில் பணப் பரிமாற்றத்துக்குக் கட்டணமா? -கூகுள் பே விளக்கம்   ,0
 இந்தியாவில் இலவசமாக நெட்ஃபிளிக்ஸ்: டிசம்பர் 5-6 தேதிகளில் புதிய சலுகை    ,0
 ரீவைண்ட் 2020 கிடையாது: யூடியூப் அறிவிப்பு   ,0
 ஃபிளாஷ் ப்ளேயருக்கு விடை கொடுத்த அடோபி: விண்டோஸிலும் நீக்கம்   ,0
 700 கோடி பார்வைகளைத் தாண்டி யூடியூபில் சாதனை படைத்த குழந்தைகள் பாடல்   ,0
 7 நாட்களில் மறைந்து போகும் மெசேஜ்: வாட்ஸ் அப்பில் புதிய வசதி   ,0
" வெள்ளிக்கிழமை முதல் பப்ஜி மொபைல், லைட் இந்தியாவில் வேலை செய்யாது   ",0
 மீண்டும் முடங்கிய ட்விட்டர் தளம்: சில மணி நேரங்களில் சரி செய்யப்பட்டது   ,0
 இன்டர்நெட் எக்ஸ்ப்ளோரரைக் கைவிடும் மைக்ரோசாஃப்ட்: எட்ஜ் ப்ரவுசர் பயன்பாட்டை ஊக்குவிக்க திட்டம்  ,0
 மூன்றாம் காலாண்டில் அதிகரித்த மொபைல் விற்பனை: முதலிடத்தில் ஸியோமி நிறுவனம்   ,0
 4ஜி வசதி கொண்ட நோக்கியாவின் 2 அடிப்படை மாடல் மொபைல்கள் அறிமுகம்   ,0
 கரோனா தடுப்பூசி குறித்த தவறான வீடியோக்கள் நீக்கப்படும்: யூடியூப் அறிவிப்பு   ,0
 ஐபோன் 12 வரவால் குறைந்த ஐபோன் 11 விலை: இலவசமாக ஏர்பாட் தர ஆப்பிள் நிறுவனம் முடிவு   ,0
 ஃபேஸ்புக் மெஸஞ்சர் சேவையில் புதிய அம்சங்கள் அறிமுகம்   ,0
 5ஜி உலகில் நுழையும் ஆப்பிள் நிறுவனம்: நான்கு புதிய மாடல்கள் அறிமுகம்   ,0
 முடிவுக்கு வரும் யாஹூ க்ரூப்ஸ் சேவை: அதிகாரப்பூர்வ அறிவிப்பு   ,0
 ப்ளே ஸ்டோரில் 10 கோடி பயனர்களைக் கடந்த இந்தியச் செயலி   ,0
" நேரடிச் செய்தி, ரீட்வீட்டுகளில் புதிய அம்சம்: ட்விட்டர் திட்டம்   ",0
 இன்ஸ்டாகிராம் ரீல்ஸில் புதிய ஆடியோ அம்சங்கள்; பயனர்களிடையே வரவேற்பு   ,0
" 'ஒழுக்கமற்ற, அநாகரிக உள்ளடக்கம்'- டிக்டாக் செயலிக்கு பாகிஸ்தான் தடை   ",0
 இந்தியாவில் ட்ரூகாலர் செயலியைப் பயன்படுத்துபவர்கள் எண்ணிக்கை 15 கோடி   ,0
 இந்தியாவில் புதிய ஸ்மார்ட் டிவி மாடல்களை அறிமுகம் செய்யும் நோக்கியா   ,0
 கூகுள் ப்ளே ஸ்டோருக்கு சவால்: பேடிஎம் உருவாக்கியுள்ள புதிய ப்ளே ஸ்டோர்   ,0
 முடிவுக்கு வருகிறது ஃபார்ம்வில் விளையாட்டு: டிசம்பர் 31க்குப் பிறகு ஃபேஸ்புக்கில் இருக்காது   ,0
 பில்கேட்ஸின் தந்தை காலமானார்  ,0
 டிக் டாக்குக்குப் போட்டியாக யூடியூபின் ஷார்ட்ஸ்: இந்தியாவில் பரிசோதனை வடிவம் அறிமுகம்   ,0
 ஐரோப்பாவில் 10 கோடி பயனர்கள்: டிக் டாக்கின் புதிய மைல்கல்   ,0
" ஆரக்கிளுக்கு டிக்டாக் விற்கப்படாது: சீன ஊடகம் தகவல், மௌனம் காக்கும் நிறுவனம்   ",0
 டிக் டாக் அமெரிக்கப் பிரிவை ஆரக்கிள் நிறுவனத்துக்கு விற்க முடிவு   ,0
 பதிவேற்றிய ட்வீட்டைத் திருத்தம் செய்யும் வசதியா?- ட்விட்டர் மறுப்பு   ,0
 சாம்சங்கின் புதிய எம்51: அசுரத்தனமான பேட்டரி திறனுடன் அறிமுகம்   ,0
 ப்ளே ஸ்டோரிலிருந்து நீக்கப்பட்ட பப்ஜி விளையாட்டு   ,0
 நோக்கியா 3310 மொபைலுக்கு வயசு 20: ட்விட்டரில் ரசிகர்கள் நினைவுப் பகிர்வு   ,0
 சாம்சங் மொபைல் விற்பனை சரிவு: தெற்காசியாவில் முதலிடம் பிடித்த ஓப்போ   ,0
 பேடிஎம் மால் தளம் ஹாக் செய்யப்பட்டதா? - மறுப்பு தெரிவித்துள்ள நிறுவனம்   ,0
 தானாகவே திறந்து மூடும் ஸ்மார்ட் லாக்: பயன்படுத்துவது எப்படி?   ,0
 குழப்பும் ஃபேஸ்புக்கின் புதிய தோற்றம்: கடுமையாகச் சாடும் நெட்டிசன்கள்   ,0
 உலக வரலாற்றில் 200 பில்லியன் டாலர் சொத்து மதிப்புடைய முதல் நபரானார் அமேசான் நிறுவனர்   ,0
 டிக் டாக் செயலியை வாங்கும் திட்டமுள்ளதா? - சுந்தர் பிச்சை பதில்   ,0
 ஃபேஸ்புக் நியூஸ் மூலம் செய்தி நிறுவனங்களுக்குப் பணம்: ஃபேஸ்புக் திட்டம்   ,0
" குழு அழைப்புகளுக்கு தனி ரிங்டோன், அனிமேட் ஆகும் ஸ்டிக்கர்கள்: வாட்ஸ் அப்பின் புதிய அப்டேட்  ",0
 நோக்கியா அறிமுகம் செய்யும் 2 புதிய மொபைல்கள்    ,0
" இதயத் துடிப்பு, ரத்த அழுத்தத்தைப் பரிசோதிக்கும் புதிய மொபைல் அறிமுகம்: விலை ரூ.1,599   ",0
 கூகுள் சேவைகளைத் தொடர்ந்து வாட்ஸ் அப் சேவையும் பாதிப்பு   ,0
 40 சதவீத உணவகங்கள் நிரந்தரமாக மூடப்படும் அபாயம்: ஸொமேட்டோ அறிக்கை   ,0
" ஜிமெயில், ட்ரைவ் உள்ளிட்ட கூகுள் சேவைகள் பாதிப்பு: மின்னஞ்சல் அனுப்புவதில் சிக்கல்   ",0
 இந்தியாவில் இன்ஸ்டாகிராம் ரீல்ஸுக்கு வரவேற்பு அதிகரிப்பு   ,0
 டிக்டாக்கை வாங்கும் பந்தயத்தில் ஆரக்கிள் நிறுவனம் இணைகிறதா?    ,0
 'விக்கிபீடியாவில் தயவு செய்து என்னைத் திட்டுங்கள்' - எலான் மஸ்க் ட்வீட்   ,0
 அக்டோபர் இரண்டாம் வாரத்தில் ஐஃபோன் 12 அறிமுகமா?    ,0
 வீசாட் செயலி தடை எதிரொலியால் சீனாவில் ஐஃபோன் வியாபாரம் பாதிக்கப்படுமா?   ,0
 100 கோடி அமெரிக்க டாலரை முதன்முறையாகத் தாண்டிய டிம் குக் சொத்து மதிப்பு   ,0
 4 வெவ்வேறு கருவிகளில்  ஒரே வாட்ஸ் அப் கணக்கு: புதிய வசதி விரைவில் அறிமுகம்   ,0
 லேப்டாப் வியாபாரத்திலிருந்து வெளியேறும் டோஷிபா   ,0
 100 பில்லியன் அமெரிக்க டாலர்களைத் தொட்ட ஸக்கர்பெர்க்கின் சொத்து மதிப்பு   ,0
 பல செயலிகளைப் பிரதி எடுத்த ஃபேஸ்புக்: போட்டியா? பொறாமையா?   ,0
 ஓராண்டுக்கு வீட்டில் இருந்தே பணியாற்றலாம்; ஊழியர்களுக்கு ரூ.75 ஆயிரம்: ஃபேஸ்புக் அறிவிப்பு  ,0
 ஸ்மார்ட் வீடியோ காலிங் பெல்: வெளியில் நிற்பது யார்?   ,0
 உலக அளவில் பொருளாதார நெருக்கடி; 25 கோடி பேர் வேலையிழப்பார்கள்: மைக்ரோசாப்ஃட் மதிப்பீடு   ,0
 டிக் டாக் தளத்துக்குப் போட்டி: இன்ஸ்டாகிராமில் புதிய வசதி; அடுத்த மாதம் அறிமுகம்   ,0
 வெட்கப்படுகிறோம்; வருத்தம் தெரிவிக்கிறோம்: ஹேக்கிங் சர்ச்சை குறித்து ட்விட்டர் விளக்கம்   ,0
 இணையத்தில் பெருகும் ரம்மி விளையாட்டுகள்: ஏமாற வேண்டாம் மக்களே!   ,0
 முக்கியப் பிரபலங்களின் ட்விட்டர் பக்கங்கள் ஹேக்: எஃப்.பி.ஐ விசாரணை தொடக்கம்   ,0
 யூடியூப்புக்கு போட்டியாக களமிறங்கும்  ஃபேஸ்புக்   ,0
 சில மணி நேரம் முடங்கிய வாட்ஸ் அப்: நெட்டிசன்கள் பதற்றம்   ,0
 இந்த ஆண்டில் அலுவலகம் திரும்புவது சாத்தியமில்லை: ஆப்பிள் நிறுவனம்   ,0
 யூடியூப் வருமானத்தை வைத்து ரோல்ஸ் ராய்ஸ் கார் வாங்கிய இளைஞர்   ,0
 ஜூம் செயலிக்குப் போட்டி: 24 மணி நேரமும் தொடர்ந்து இலவசமாகப் பேச ஜியோமீட்...   ,0
" பேடிஎம் இந்தியாவா, சீனாவா? - ட்விட்டரில் எழுச்சி கண்ட இன்னொரு ட்ரெண்ட்   ",0
 நிறம் மாறும் ஜன்னல்கள்!   ,0
 பயனர் தகவல் திருட்டு: மன்னிப்பு கேட்ட ட்விட்டர்   ,0
 சீன மொபைல் நிறுவனங்களின் இந்தியப் பிரிவு அதிகாரிகளை ட்விட்டரில் கலாய்க்கும் நெட்டிசன்கள்   ,0
 24 மணி நேரங்களில் மறையும் ட்வீட்: புதிய வசதியைப் பரிசோதனை செய்யும் ட்விட்டர்  ,0
 டொமைன் பெயர் மோசடிக்காக இந்திய நிறுவனங்கள் மீது வழக்கு: ஃபேஸ்புக் நடவடிக்கை   ,0
 ஃபேஸ்புக் பாதுகாப்பு அச்சுறுத்தல் கண்டுபிடிப்பு: இந்திய ஆய்வாளருக்கு ரூ. 23 லட்சம் சன்மானம்   ,0
 ஜீ 5 ஸ்ட்ரீமிங் சேவையின் சந்தாதாரர்கள் பற்றிய தகவல்கள் திருடப்பட்டதா? - தொழில்நுட்பப்...   ,0
 உங்கள் பிரச்சார வீடியோவை முடக்கியது சட்டவிரோதம் அல்ல: ட்ரம்ப்புக்கு ட்விட்டர் பதில்   ,0
 இனவாதி என்று தேடினால் டொனால்ட் ட்ரம்ப்பின் பக்கத்தைக் காட்டும் ட்விட்டர்; காரணம் என்ன?   ,0
" சீக்கியர்கள் தொடர்பான ஹாஷ்டேகை தவறுதலாக முடக்கி வைத்திருந்த ஃபேஸ்புக், இன்ஸ்டாகிராம்   ",0
 அமேசான் ஏகபோகத்தை உடைக்க வேண்டிய நேரமிது: எலான் மஸ்க் கருத்து   ,0
 ட்ரம்ப்பின் பதிவைக் கவனிக்காமல் விட்ட ஃபேஸ்புக்: ஸக்கர்பெர்கை சாடும் முன்னாள் ஊழியர்கள்   ,0
 இனவாதத்துக்கு எதிரான போராட்டம்: கூகுள் 37 மில்லியன் அமெரிக்க டாலர்கள் நிதி   ,0
 கரோனா நிவாரணத்துக்கு மேலும் 10 மில்லியன் அமெரிக்க டாலர்கள்: ட்விட்டர் இணை நிறுவனர் நிதி   ,0
 அமேசான் தளத்தில் விற்பனையாளர்கள் அடையாளம் சரிபார்ப்பு: வீடியோ கான்ஃபரன்சிங்  மூலம் ஆரம்பம்   ,0
 எஸ்எம்எஸ் மூலம் ட்வீட் செய்யும் வசதியை முடக்கிய ட்விட்டர்   ,0
 கிருமி நாசினி பற்றிய ட்ரம்ப்பின் வீடியோவை நீக்குவது கடினம்: ட்விட்டர்   ,0
 ஜூம் செயலிக்குப் போட்டியாக மெஸஞ்சர் ரூம்ஸ்:  ஃபேஸ்புக் புதிய முயற்சி   ,0
 5ஜி பற்றிய கட்டுக்கதைகளை ட்விட்டர் அனுமதிக்காது: நீக்க நடவடிக்கை   ,0
 வாட்ஸ் அப் புதிய ஸ்டிக்கர் பேக் அறிமுகம்: உலக சுகாதார மையத்துடன் இணைந்து முயற்சி  ,0
 அமெரிக்காவில் வீட்டிலிருந்து வெளியே வந்து போராடச் சொல்லும் பதிவுகளை நீக்கும் ஃபேஸ்புக்   ,0
" இந்தியாவில் ஒன்ப்ளஸ் 8 ரூ.41,999, ஒன்ப்ளஸ் 8 ப்ரோ ரூ.54,999   ",0
 ஃபேஸ்புக்கில் புதிதாக 'கட்டிப்புடி' வைத்தியம்' எமோஜி அறிமுகம்   ,0
 விரைவில் அறிமுகமாகிறது கூகுள் டெபிட் கார்ட்   ,0
 வாட்ஸ் அப் வீடியோ அழைப்பு மற்றும் குரல் அழைப்பில் கூடுதல் நபர்கள்: விரைவில் அறிமுகம்   ,0
 கரோனா தொடர்பாக ஒவ்வொரு நாளும் 1.8 கோடி போலி மின்னஞ்சல்கள்: கூகுள் தகவல்   ,0
 டிக்டாக்கில் புதிய வசதி: பெற்றோர் தங்கள் பக்கத்தை தங்கள் பிள்ளைகளின் பக்கத்தோடு இணைக்கலாம்    ,0
 இனி யூடியூபிலும் யுபிஐ பேமெண்ட் முறை: இந்தியாவில் அறிமுகம்   ,0
 ஏப்ரலில் 80 சதவீதம் குறைந்த இந்தியப் போக்குவரத்து: ஆப்பிள் மேப்ஸ் தகவல்   ,0
 ’கரோனா ஸ்ட்ரைக்கர்’ - புதிய விழிப்புணர்வு விளையாட்டு அறிமுகம்   ,0
 வீடியோ சந்திப்புகளுக்கு வழி செய்யும் ‘ஜூம்’ செயலி - பயன்பாடும் விழிப்புணர்வும்   ,0
 சீன வர்த்தக இணையத்தில் ஐபோன் 9 விற்பனை   ,0
 கோவிட்-19 களேபரத்தில் டிக் டாக்கால் ஏற்படும் நன்மை - தீமைகள்   ,0
 தெரிந்துகொள்ளுங்கள்: கரோனா வதந்திகளைத் தடுக்க வாட்ஸ் அப் நிறுவனம் புதிய கட்டுப்பாடு   ,0
 பாதிக்கப்படும் ஸ்மார்ட்போன் விற்பனை: துறையின் எதிர்காலம் எப்படி இருக்கும்?   ,0
 ட்விட்டர் பயனர் தரவுகள் சேமிப்பு: மோஸில்லாவைக் குற்றம் சாட்டும் ட்விட்டர்  ,0
 மக்கள் நடமாட்டத்தை அறிய சுகாதாரத் துறைக்கு உதவும் கூகுள் மேப்ஸ்   ,0
 ஃபேஸ்புக் மெஸஞ்சர் இனி டெஸ்க்டாப்பிலும் பயன்படுத்தலாம்   ,0
 டிக் டாக்குக்குப் போட்டியாக கூகுள் 'ஷார்ட்ஸ்'?   ,0
" வீட்டுக்குள்ளே வரும் புலி, சிங்கம்: குழந்தைகளைக் குதூகலப்படுத்துவது எப்படி?- கூகுள் அறிமுகம்   ",0
 ஏப்ரல் 14-ல் ஒன் ப்ளஸ் 8 வரிசை மொபைல் அறிமுக நிகழ்ச்சி    ,0
 வீட்டுக்குள் கைகொடுக்கும் செயலிகள்   ,0
 கணினித் தொழில்நுட்பத்தின் வரலாற்று முகம் விலகியது: பில் கேட்ஸ் கடந்து வந்த பாதை   ,0
" பொருள் புதுசு: ஜீப்ரானிக்ஸின் வைஃபை, இன்ஃப்ரா ரெட் வசதியுடன் கூடிய புதிய சிசிடிவி...   ",0
 மைக்ரோசாப்டிலிருந்து பில் கேட்ஸ் விலகல்   ,0
 அனைத்து ஊழியர்களும் வீட்டில் இருந்தே பணியாற்ற வேண்டும்: ட்விட்டர் உத்தரவு   ,0
 வாட்ஸ் அப்பில் வந்து விட்டது டார்க் மோட்!   ,0
 குறைந்த விலையில் அதிக அம்சங்கள்: விரைவில் வெளியாகிறது இன்ஃபினிக்ஸ் எஸ் 5 ப்ரோ   ,0
 குறட்டையில்லா உறக்கம்   ,0
 ஸ்மார்ட் குக்கர்   ,0
 சுத்திகரிக்கும் வாட்டர் பாட்டில்   ,0
 யூடியூப் பாணியில் ‘ட்ரெண்டிங்’ பட்டியல்: நெட் ஃபிளிக்ஸ் அதிரடி  ,0
 சூரியனை ஆராயும் 'ஆதித்யா' செயற்கைக்கோளின் பணிகள் தாமதம்: மயில்சாமி அண்ணாதுரை தகவல்   ,0
 வீட்டுக்கு அறிவூட்டும் கூகுள் ஹோம்   ,0
 கரோனா வைரஸ் பாதிப்பால் குறையும் ஐபோன் விநியோகம்    ,0
" கட், காப்பி, பேஸ்ட் வசதியைக் கண்டுபிடித்த லேரி டெஸ்லர் மறைவு   ",0
 பட்ஜெட் விலையில் களமிறங்கும் சாம்சங் கேலக்ஸி எம்31   ,0
 கரோனா வைரஸால் சர்வதேச மொபைல் கூட்டம் பாதிப்பு   ,0
 மொபைல் செயல்பாட்டை மந்தமாக்கிய ஆப்பிள் நிறுவனத்துக்கு ரூ.194 கோடி அபராதம்   ,0
 வாக்யூம் கிளீனர் 2.0   ,0
 டால்பி திறன் கொண்ட ஜெப்ரானிக்ஸின் புதிய சவுண்ட்பார்   ,0
 இன்ஸ்டாகிராம் போல ப்ரொஃபைல் பக்கத்தை மாற்றியமைக்கும் டிக் டாக்   ,0
 எப்போது வெளியாகிறது எம்ஐ 10? - ஆவலுடன் காத்திருக்கும் வாடிக்கையாளர்கள்    ,0
 கரோனா தொடர்பான தவறான பதிவுகளை நீக்கும் ஃபேஸ்புக்   ,0
 அடுத்த கேலக்ஸி மொபைல் அறிவிப்புக்கு முன்னரே விற்பனை முன்பதிவு    ,0
 3ஜி சேவையை நிறுத்திய ஏர்டெல்- வாடிக்கையாளர்கள் அதிருப்தி   ,0
" இந்தியாவில் 5ஜி ஆராய்ச்சி: சென்னை ஐஐடி, எஸ்டிஎல் இடையே புரிந்துணர்வு ஒப்பந்தம்   ",0
 இன்னும் சில நாட்கள்தான்; 2020-ம் ஆண்டில் இருந்து வாட்ஸ் அப் இயங்காத ஸ்மார்ட்...  ,0
 சமூக வலைதளங்களால் கடும் பாதிப்புக்கு ஆளாகும் சராசரிக்கும் கீழான மாணவர்கள்: ஆய்வில் தகவல்   ,0
 அதிக நேரம் சார்ஜ் தாங்கக்கூடிய விவோ யு 20: நவ. 22-ல் வெளியாகிறது    ,0
 11 மணி நேர பேட்டரி திறன் கொண்ட ஜெப்ரானிக்ஸ் இயர்ஃபோன் அறிமுகம்   ,0
 சன் நெக்ஸ்ட் உடன் கூட்டணி அமைத்த ஜியோ சினிமா   ,0
 ஆன்லைன் வீடியோக்களில் அதிக நேரம் செலவழிக்கும் இந்தியர்கள்: ஆய்வில் தகவல்   ,0
 இனி வாட்ஸ் அப்பை உங்கள் கைரேகை இன்றி யாரும் திறக்க முடியாது :...   ,0
" பி.எஸ்.என்.எல்., எம்.டி.என்.எல். இணைக்கப்படுவது நல்லதா?    ",0
 உலகின் மிகப்பெரிய சந்தை: சீனாவில் எலெக்ட்ரிக் கார் உற்பத்தியை தொடங்கும் டெஸ்லா    ,0
 ஆரக்கிள் இணை தலைமை நிர்வாக அதிகாரி மார்க் ஹர்ட் காலமானார்   ,0
 40 நிமிடத்தில் ரீசார்ஜ் செய்துகொள்ளும் வோல்வோ எலக்ட்ரிக் கார் அறிமுகம்    ,0
 ஒரு நாளில் 1 லட்சம் மில்லியன் செய்திகள்; இணைய போலீஸாக ஃபேஸ்புக் இருக்க...   ,0
 ஃபேஸ்புக்கில் வரும் விளம்பரங்களால் அவதியா?- எப்படித் தடுக்கலாம்?   ,0
 ஃபேஸ்புக்குடன் கைகோத்த தமிழக அரசு: ரத்த தானத்தை ஊக்குவிக்க புதிய முயற்சி   ,0
 ட்விட்டரின் திடீர் முடக்கத்தால் நெட்டிசன்கள் அவதி   ,0
 மடக்கி வைக்கும் வசதி கொண்ட சாம்சங் போன்கள் அறிமுகம்; என்னென்ன சிறப்பம்சங்கள்? #GalaxyFold   ,0
 பட்ஜெட் விலையில் ரெட்மி 8ஏ: என்ன சிறப்பம்சங்கள்?  ,0
 இனி வாட்ஸ் அப் ஸ்டேட்டஸ்களையே ஃபேஸ்புக் ஸ்டோரியாக வைக்கலாம்!   ,0
 பெங்களூருவில் உலகத் தரத்தில் ஆய்வு மையம்: கூகுள் அறிவிப்பு   ,0
" புதிய ஐபோன் 11, ஐபோன் 11 ப்ரோ, ஐபோன் ப்ரோ மேக்ஸ் ஆகிய...   ",0
 கூடுதல் வசதிகளுடன் புதிய வரவான ஆப்பில் வாட்ச் 5 சீரிஸ் : சூடான...   ,0
 பிஎஸ்என்எல் நிறுவனத்தின் புதிய ப்ரீபெய்ட் பிளான்   ,0
 ஆப்பிள் டிவி+ ஸ்ட்ரீமிங் சேவை: மாதம் ரூ.99 சந்தாவில் அறிமுகம்   ,0
 இந்தியாவில் 5 வண்ணங்களில் வெளியாகிறது  Xiaomi MI Band 4    ,0
" இலவச அழைப்புகள், அதிவேக இணையம் சலுகைகளுடன்  ரிலையன்ஸ் ஜியோ ஃபைபர் செப்.5ம் தேதி...   ",0
 ஃபேஸ்புக்கில் எத்தனை லைக்குகள்?- எண்ணிக்கையை மறைக்க ஃபேஸ்புக் திட்டம்   ,0
 ஜெப்ரானிக்ஸின் 12 மணி நேர ஸ்பீக்கர் அறிமுகம்   ,0
 கோவை மாலில் ஜெப்ரானிக்ஸ் சில்லறைக் கடை   ,0
 ஃபிங்கர் ப்ரின்ட் லாக்: ஆண்ட்ராய்டு பீட்டா வெர்சனில் வாட்ஸ் அப்பின் புதிய வசதி...   ,0
 செல்ஃபி வீடியோ மூலம் ரத்த அழுத்தத்தைக் காணலாம்   ,0
 இனி ஏசியை கையில் எடுத்துச் செல்லலாம்: அறிமுகமாகிறது சோனியின் பாக்கெட் ஏசி   ,0
 இன்று இந்தியச் சந்தையில் வெளியாகிய ரெட்மி K20 மற்றும் ரெட்மி K20 ப்ரோ   ,0
 சாம்பியனாக நிறைய உழைக்கணும்: ரோஹித் சர்மா கருத்து  ,0
 T20 WC | ஆஸ்திரேலிய அணியில் கேமரூன் கிரீன்   ,0
 அழுத்தத்தை கையாள்வதற்கு கோலி கற்றுக்கொடுப்பார்: மனம் திறக்கும் ரிஷப் பந்த்   ,0
 சூப்பர் 12 ரவுண்ட் அப்: மட்டைக்கும் பந்துக்குமான சமநிலை போர்க்களம்!   ,0
 T20 WC | அரையிறுதிக்கு நுழையக் கூடிய 4 அணிகள் - இது...   ,0
 T20 WC | நமீபியாவை 7 ரன்களில் வீழ்த்திய அமீரகம்; சூப்பர் 12-க்கு...   ,0
 T20 WC அலசல் | குசால் மெண்டிஸ் இன்னிங்ஸால் பிழைத்த இலங்கை... கத்துக்குட்டி...   ,0
" T20 WC | இந்தியா - பாகிஸ்தான் போட்டியில் ரன் மழையா, வான்...   ",0
 T20 WC அலசல் | பாகிஸ்தானை இந்திய அணி வீழ்த்துவதற்கு அதிக வாய்ப்பு...   ,0
" T20 WC | நெதர்லாந்தை வீழ்த்தியது இலங்கை: குரூப் சுற்றில் முதலிடமா, 2-ம்...   ",0
" 374 சர்வதேச போட்டிகள்... 17,253 ரன்கள்... - ‘இந்திய அணியின் பயமறியான்’ சேவாக்...   ",0
 T20 WC | அஃப்ரிடி வீசிய யார்க்கர்; ஆப்கன் வீரரின் பாதத்தை பதம்...   ,0
 சையத் முஷ்தாக் அலி கோப்பை டி20 தொடரில் பம்பரமாக சுழன்று ரன் குவித்து...   ,0
 T20 WC அலசல் | ஆஸி. ஆடுகளங்களில் அபாயகரமானது ‘டார்க் ஹார்ஸ்' எனும்...   ,0
 T20 WC | விளையாடியது மழை - இந்தியா Vs நியூஸிலாந்து பயிற்சிப்...   ,0
 T20 WC | இலங்கைக்கு எதிராக ஹாட்ரிக் சாதனை புரிந்த சென்னை வீரர்:...   ,0
 T20 WC | டாப் 4-ல் இடம்பெற இந்திய அணிக்கு 30% மட்டுமே...  ,0
 T20 WC | 'இது அதுக்கும் மேல' IND vs PAK போட்டியை...   ,0
 T20 WC | சூப்பர் 12 சுற்றில் நுழைவது யார்?   ,0
 T20 WC | கார்த்திக் மெய்யப்பனின் ‘ஹாட்ரிக்’ வீணானது - இலங்கையிடம் வீழ்ந்தது...   ,0
 T20 WC | நெதர்லாந்து அணிக்கு 2-வது வெற்றி - நமீபியாவை வீழ்த்தியது   ,0
 2023 ஆசியக் கோப்பைக்காக பாகிஸ்தானுக்கு இந்திய அணி செல்லாது: ஜெய் ஷா   ,0
 T20 WC: SL vs UAE | ஹாட்-ட்ரிக் விக்கெட் வீழ்த்திய சென்னை...   ,0
 T20 WC | பாகிஸ்தானை வென்றால் இந்திய அணியால் உலகக் கோப்பையையும் வெல்ல...   ,0
 36-வது பிசிசிஐ தலைவராக ரோஜர் பின்னி நியமனம்; விடைபெற்றார் கங்குலி   ,0
 Ballon d'Or விருதை மக்களுக்கு அர்ப்பணிக்கிறேன்: கால்பந்தாட்ட வீரர் கரிம் பென்சிமா!   ,0
 ஆஸ்திரேலிய ஒருநாள் கிரிக்கெட் அணியின் கேப்டனாக பேட் கம்மின்ஸ் நியமனம்   ,0
 எயிம்செஸ் ரேபிட் செஸ் - கார்ல்சனை சாய்த்தார் குகேஷ்   ,0
 T20 WC | அயர்லாந்து அணியை வென்றது ஜிம்பாப்வே   ,0
 T20 WC வார்ம்-அப் | ‘இதற்குமேல் எதிர்கொள்ள மனமில்லை’ - போட்டியின்போது சூரியகுமார்...   ,0
 சிறந்த கால்பந்தாட்ட வீரருக்கு வழங்கப்படும் Ballon d'Or விருது | வெல்லப்போவது யார்?   ,0
 T20 WC | ஆஸி. உடனான போட்டிக்கு முன்னர் ஷமி பகிர்ந்த ட்வீட்   ,0
 T20 WC | தோனி பாணியில் ஹெலிகாப்டர் ஷாட் ஆடிய கே.எல்.ராகுல்  ,0
 ஃபீல்டிங்கில் கலக்கிய கோலி... ஷமி கழட்டிய 3 விக்கெட் | இந்திய வெற்றியின்...   ,0
 கிரிக்கெட் களத்தில் அண்டர்டேக்கர் நுழைந்ததை போன்ற உணர்வு: ஷமியை போற்றும் நெட்டிசன்கள்   ,0
 T20 WC | பாகிஸ்தான் vs இங்கிலாந்து வார்ம்-அப் போட்டியை நேரில் பார்த்த...   ,0
 T20 WC: WI vs SCO | மேற்கிந்திய தீவுகள் அணியை வீழ்த்தியது...   ,0
 T20 WC வார்ம்-அப் | 2 2 W W W W...   ,0
 T20 WC அலசல் | நாங்கள் ‘நெட் பவுலர்கள்’ அல்ல - இலங்கைக்குப்...   ,0
 T20 WC | ரோஹித்தை ஆச்சரியப்படுத்திய 11 வயது சிறுவன்   ,0
 பெங்களூருவில் டிசம்பர் 16-ல் ஐபிஎல் ஏலம்   ,0
  மேற்கு வங்க கிரிக்கெட் சங்க தலைவர் பதவிக்கு கங்குலி போட்டி   ,0
 El Clásico | லா லீகாவில் பார்சிலோனாவை வீழ்த்தியது ரியல் மாட்ரிட்   ,0
" இன்ஸ்டாகிராம் மூலம் அதிக வருமானம் ஈட்டும் பிரபலம்: ரொனால்டோ, மெஸ்ஸி வரிசையில் கோலி   ",0
 டி20 உலக கோப்பை | இறுதிவரை போராடிய யுஏஇ - 3 விக்கெட்...   ,0
 டி20 உலக கோப்பை | சீட்டுக்கட்டாக சரிந்த ஐக்கிய அரபு அமீரக அணி:...   ,0
 டி20 உலக கோப்பை | முதல் ஆட்டத்தில் இலங்கையை வீழ்த்தி நமீபியா அபார...   ,0
 T20 WC | பாக். அணிக்கு எதிராக விளையாடும் வீரர்களை முடிவு செய்துவிட்டேன்...   ,0
 ட்விட்டரில் டிரெண்டான ‘#ArrestKohli’... - காரணம் இதுதான்  ,0
 “24 பந்துகளையுமே ‘ஸ்லோயர்’ பந்துகளாக வீசுவதில் தவறில்லை” - ஹர்ஷல் படேல் துல்லிய...   ,0
 ஆசிய கோப்பை கிரிக்கெட் | 7-வது முறையாக சாம்பியன் பட்டம் வென்ற இந்திய...   ,0
" T20 WC அலசல் | பாபர் அசாம், ரிஸ்வான், ஷாஹின் அஃப்ரீடியை மட்டுமே...   ",0
 இந்திய அணியில் இடது கை பேட்ஸ்மேன் அவசியம் - சுரேஷ் ரெய்னா கருத்து   ,0
 T20 WC | 6 லட்சம் டிக்கெட்கள் விற்பனை; சாம்பியனுக்கு ரூ.13.30 கோடி...   ,0
 T20 WC | 3 சுழற்பந்து வீச்சாளர்கள் தேவையா?   ,0
 T20 WC | புகுந்து விளையாடலாம்... மைதானம் பெருசு... - ரவிச்சந்திரன் அஸ்வின்   ,0
 டி20 கிரிக்கெட் உருவானது எப்படி?   ,0
 டி 20 கிரிக்கெட் உலகக் கோப்பை நாளை தொடக்கம்   ,0
 “சச்சினை போல பேட் செய்ய விரும்பினேன்; ஆனால்...” - தோனி பகிர்வு   ,0
 T20 WC | பும்ராவுக்கு மாற்றாக இந்திய அணியில் ஷமி: பிசிசிஐ அறிவிப்பு   ,0
 T20 WC | “இந்திய அணியில் 3 ஸ்பின்னர்கள் இருப்பது கொஞ்சம் ஓவர்”...   ,0
 T20 WC அலசல் | அதிரடியாக ஆடும் இங்கிலாந்து அணி கோப்பையை வெல்வது...   ,0
 டி 20 உலகக் கோப்பை | ஷாஹீன் ஷா பந்துவீச்சை அடித்து விளையாட...   ,0
 ஐஎஸ்எல் தொடரில் இன்று சென்னை – பெங்களூரு மோதல்   ,0
 ஜோகோவிச்சிற்கு ஆஸி. விசா கிடைப்பதற்கான வாய்ப்புகள் அதிகம்: வழக்கறிஞர்  ,0
 மகளிர் ஆசிய கோப்பை டி20 இறுதிப் போட்டியில் இந்தியா - இலங்கை பலப்பரீட்சை   ,0
" மேற்கு ஆஸ்திரேலியாவுக்கு எதிராக இந்திய அணி தோல்வி: ஆறுதல் தந்த அஸ்வின், ராகுல்   ",0
 T20 WC | “உலகின் சிறந்த காரை கேரேஜில் நிறுத்தி வைத்துள்ளது இந்திய...   ,0
" T20 WC அலசல் | சொதப்பும் பிஞ்ச், மேக்ஸ்வெல்; 3 ஆண்டாக தடவும்...   ",0
 டி 20 உலகக் கோப்பையில் மார்கோ ஜேன்சன்   ,0
 தேசிய விளையாட்டில் 74 பதக்கங்களுடன் தமிழகத்துக்கு 5-வது இடம்   ,0
 ஆஸ்திரேலியாவை மீண்டும் வீழ்த்தியது இங்கிலாந்து   ,0
 வங்கதேசத்தை வீழ்த்தி இறுதிப் போட்டிக்கு முன்னேறியது நியூஸி. - கிளென் பிலிப்ஸ் 60...   ,0
 ஆஸி. ஆடுகளங்கள் சூர்யகுமாரின் 360 டிகிரி ஆட்டத்துக்கு ஏற்றவை - டேல் ஸ்டெய்ன்...   ,0
 புலி உடம்பிலும் வரிகள் இருக்கும்; பூனை உடம்பிலும் வரிகள் இருக்கும் | தோனியுடன்...   ,0
 T20 WC | ‘மனசார கேக்குறோம் இந்த முறை ஜெயிச்சிடுங்க’ - கவனம்...   ,0
 டி20 உலகக் கோப்பையை வெல்வதற்கான சக்ஸஸ் ரகசியத்தை பகிர்ந்த தோனி!   ,0
" T20 WC | வெளியேறிய தீபக் சஹார்; இந்திய அணியில் இணையும் சிராஜ்,...   ",0
 தோனியின் ஹெலிகாப்டர் ஷாட்டிற்கு புதிய ‘ட்விஸ்ட்’ கொடுத்த சூரியகுமார்: ஆச்சரிய ஷாட்கள் -...   ,0
 ஜிம்னாஸ்டிக்கில் 3 பதக்கம் வென்றார் சென்னை மாணவி   ,0
 ‘IND vs PAK-ல் கோலி 117... இந்தியா வெல்லும்...’ - போலி ஸ்கோர்...  ,0
 T20 WC | இந்திய அணிக்கு அச்சுறுத்தல்: முழு உடல் தகுதியுடன் பாக்....   ,0
 IND vs SA அலசல் | குல்தீப் மேஜிக்... ஷிகர் தவான் துல்லிய...   ,0
 IND vs SA 3-வது ஒருநாள் | அட்டகாச வெற்றியுடன் தொடரை வென்றது...   ,0
 36th National Games | மல்லர் கம்பம் - தமிழகத்துக்கு 2 பதக்கங்கள்;...   ,0
 IND vs SA 3-வது ஒருநாள் | இந்திய பவுலர்கள் அசத்தல் -...   ,0
 T20 WC | இந்திய அணியில் நெட் பவுலர்களாக இணைந்த இடக்கை பவுலர்கள்...   ,0
 “நான் 10-ம் வகுப்பு தேர்வில் பாஸ் ஆகமாட்டேன் என அப்பா நினைத்தார்” -...   ,0
 “ஆருயிர் மகனை கொஞ்சம் மிஸ் செய்கிறேன்” - ஹர்திக் பாண்டியா நெகிழ்ச்சிப் பதிவு   ,0
 உகாண்டா சர்வதேச பாரா பாட்மின்டன் போட்டியில்: ராம்கோ சிமென்ட்ஸ் 3 வெண்கல பதக்கம்   ,0
 ஃபிபா யு 17 மகளிர் உலகக் கோப்பை கால்பந்து: இந்தியா - அமெரிக்கா...   ,0
 யு 17 ஆசிய கால்பந்து தொடருக்கு இந்திய அணி தகுதி   ,0
 ஒருநாள் கிரிக்கெட் போட்டித் தொடரை வெல்வது யார்? - தென் ஆப்பிரிக்காவுடன் இந்திய...   ,0
 T20 WC | இந்தியா vs பாகிஸ்தான் போட்டி குறித்து அஸ்வின் ஓபன்...   ,0
" மேற்கு ஆஸ்திரேலியாவை 13 ரன்களில் வீழ்த்திய இந்திய அணி: சூர்யகுமார், அர்ஷ்தீப், புவனேஷ்வர்...   ",0
 கால்பந்தாட்ட கிளப் அணிக்காக 700-வது கோலை பதிவு செய்த ரொனால்டோ   ,0
 டேவன்கான்வே விளாசலில் நியூஸிலாந்து வெற்றி  ,0
 முதல் டி20 கிரிக்கெட் போட்டியில் ஆஸி.யை வீழ்த்தியது இங்கிலாந்து அணி   ,0
 IND vs SA 2-வது ஒருநாள் | ஷ்ரேயஸ் - இஷான் கிஷன்...   ,0
 அழுத்தமாக உணர்ந்தால் ஐபிஎல் விளையாட வேண்டாம்: கபில் தேவ்   ,0
 விளையாட்டுத் துளிகள்.. ஹாக்கியில் தமிழக அணி தோல்வி   ,0
 மகளிர் ஆசிய கோப்பை கிரிக்கெட் - வங்கதேசத்தை வீழ்த்தியது இந்தியா   ,0
 இன்று 2-வது ஒருநாள் கிரிக்கெட் போட்டி | வெற்றி நெருக்கடியில் இந்தியா - தோல்வியடைந்தால் தொடரை...   ,0
 செவித்திறன் குறைந்தவர்களுக்கான டி20 சாம்பியன்ஸ் டிராபி - இறுதி சுற்றில் இந்தியா   ,0
 யு-17 கால்பந்தில் மியான்மரை பந்தாடியது இந்தியா   ,0
" ""அணியில் அனைவரும் தோனியை மிஸ் செய்கிறோம்"" - ஷர்துல் தாகூர்   ",0
 'ஈகோவை ஒழித்தால் உச்சத்தை அடையலாம்' - மில்கா சிங் சிறப்புப் பகிர்வு   ,0
 ஓய்வை நோக்கி பயணிக்கும் மெஸ்ஸி   ,0
 விளையாட்டு துளிகள்: தொடரை வென்றது ஆஸ்திரேலியா   ,0
 2 பெரிய ஷாட்கள் விளையாடியிருந்தால் வெற்றி கிடைத்திருக்கும் - சஞ்சு சாம்சன்   ,0
 இது எனது கடைசி உலகக் கோப்பை தொடர்: மெஸ்ஸி   ,0
 மகளிர் ஆசிய கோப்பை டி20 | பாகிஸ்தானிடம் வீழ்ந்தது இந்திய அணி   ,0
" T20 WC | பும்ரா, ஜடேஜா இல்லாதது புதிய சாம்பியன்களை வெளிக்கொண்டு வரும்:...  ",0
 36-வது தேசிய விளையாட்டு போட்டி - கூடைப்பந்தில் தமிழகத்துக்கு தங்கம்   ,0
 புரோ கபடி லீக் இன்று தொடக்கம்   ,0
 மகளிர் ஆசிய கோப்பை டி 20 | இந்தியா – பாகிஸ்தான் இன்று...   ,0
 டி 20 உலகக் கோப்பையில் பங்கேற்க ஆஸ்திரேலியா சென்றது இந்திய அணி   ,0
 டி 20 உலகக் கோப்பை | எலும்பு முறிவு காரணமாக டுவைன் பிரிட்டோரியஸ்...   ,0
 யு-17 கால்பந்தில் இந்தியா வெற்றி   ,0
 அட்லாண்டா ஓபன் டி20 | 77 பந்துகளில் 205 ரன்கள் குவித்த மேற்கிந்திய...   ,0
 IND vs SA முதல் ஒருநாள் போட்டி | சஞ்சு சாம்சன் போராட்டம்...   ,0
 IND vs SA முதல் ஒருநாள் | இந்திய அணிக்கு 40 ஓவர்களில்...   ,0
 உலக டேபிள் டென்னிஸ் சாம்பியன்ஷிப்: தோல்வியுடன் வெளியேறியது இந்திய ஆடவர் அணி   ,0
" டென்னிஸ் களத்தில் இணைந்த இந்திய கிரிக்கெட் ஜாம்பவான்கள் தோனி, சச்சின்: காரணம் என்ன?   ",0
 டி20 உலகக் கோப்பை தொடருக்கு புறப்பட்ட இந்திய அணியின் உற்சாக க்ரூப் போட்டோ!   ,0
" பின்ச், மேத்யூ வேட் விளாசலில் ஆஸி. வெற்றி   ",0
" சிறந்த கோல்கீப்பர்களாக ஸ்ரீஜேஷ், சவிதா தேர்வு   ",0
 உலக டேபிள் டென்னிஸில் இந்திய மகளிர் அணி தோல்வி   ,0
 முதல் ஒருநாள் கிரிக்கெட் போட்டியில் இன்று இந்தியா – தென் ஆப்பிரிக்கா மோதல்  ,0
 2023 உலகக்கோப்பைக்கு நான் ஃபிட்டாக இருக்க விரும்புகிறேன்: ஷிகர் தவான் நம்பிக்கை   ,0
 மன்கட் அவுட் எச்சரிக்கை கொடுத்த தீபக் சஹார்: நெட்டிசன்கள் ரியாக்‌ஷன்   ,0
 “இனி என்னால் கிரிக்கெட் விளையாட முடியாது” - கண் அறுவை சிகிச்சைக்கு பிறகு...   ,0
 'பும்ராவுக்கு மாற்று வீரரை இன்னும் அடையாளம் காணவில்லை' - ரோகித் சர்மா தகவல்   ,0
 IND vs SA | டிரிஸ்டன் ஸ்டப்ஸ்க்கு மன்கட் அவுட் எச்சரிக்கை விடுத்த...   ,0
 IND vs SA | நிலைக்க தவறிய முன்னணி வீரர்கள் - 3வது...   ,0
" 36-வது தேசிய விளையாட்டு போட்டி - தமிழகத்தின் ஆரோக்கிய அலிஸ், ஆரத்தி தங்கம்...   ",0
 டேபிள் டென்னிஸ் சாம்பியன்ஷிப்பில் இந்திய மகளிர் அசத்தல்   ,0
 தென் ஆப்பிரிக்காவுடன் இன்று மோதல் - டி 20 கிரிக்கெட் தொடரை முழுமையாக...   ,0
 “அதுவும் போட்டியை ரசித்து பார்க்க வந்தது” - களத்திற்குள் பாம்பு புகுந்த விவகாரத்தில்...   ,0
 டி20 உலகக்கோப்பையில் இருந்து பும்ரா விலகல் - பிசிசிஐ அதிகாரபூர்வ அறிவிப்பு   ,0
 T20 WC | பாகிஸ்தான் முதல் சுற்றோடு வெளியேறும் என அஞ்சுகிறேன்: ஷோயப்...   ,0
 மகளிர் ஆசிய கோப்பை டி20 | 2-வது வெற்றியை பதிவு செய்தது இந்திய...   ,0
 தென்னாப்பிரிக்க அணிக்கு எதிரான ஒருநாள் தொடர்: தவான் தலைமையில் இந்திய அணி அறிவிப்பு   ,0
 கால்பந்தின் கருப்பு நாளாக மாறிய இந்தோனேசிய கலவரம்!   ,0
 IND vs SA 2-வது டி20 | சதம் விளாசி மிரட்டிய மில்லர்;...  ,0
 IND vs SA 2-வது டி20 | களத்திற்குள் புகுந்த பாம்பு; சில...   ,0
 IND vs SA 2-வது டி20 | வானவேடிக்கை காட்டிய சூர்யகுமார் யாதவ்;...   ,0
 தென் ஆப்பிரிக்க அணியுடன் 2-வது டி20 கிரிக்கெட்டில் இந்தியா இன்று மோதல்   ,0
 36-வது தேசிய விளையாட்டு | ஒரே நாளில் தமிழகத்துக்கு 4 தங்கப் பதக்கம்...   ,0
 ஆசிய பசிபிக் காது கேளாதோர் பேட்மிண்டன் போட்டி: 6 தங்கப் பதக்கங்கள் வென்ற...   ,0
 மகளிர் ஆசிய கோப்பை டி20 | இலங்கையை வீழ்த்தியது இந்தியா   ,0
 T20 WC | பும்ரா இன்னும் தொடரில் இருந்து விலகவில்லை: கங்குலி புதிய...   ,0
" 36-வது தேசிய விளையாட்டு போட்டி - தமிழகத்தின் பவானி தேவி, பர்வின் தங்கம்...   ",0
 டி 20 உலகக் கோப்பை கிரிக்கெட் தொடரில் பட்டம் வெல்லும் அணிக்கு ரூ.13.30...   ,0
 மகளிர் ஆசிய கோப்பை கிரிக்கெட்டில் இந்தியா - இலங்கை இன்று மோதல்   ,0
 டி20 உலகக் கோப்பை | பும்ரா இன்னும் வெளியேறவில்லை - கங்குலி தகவல்   ,0
 IND vs SA | இந்திய அணியில் பும்ராவுக்கு பதிலாக முகம்மது சிராஜ்...   ,0
" சர்வதேச டி 20 கிரிக்கெட்டில் ஒரே ஆண்டில் அதிக ரன்கள், சிக்ஸர்களை விளாசிய...   ",0
 முதுகு வலி காரணமாக டி 20 உலகக் கோப்பையில் இருந்து பும்ரா விலகல்...   ,0
 36-வது தேசிய விளையாட்டு போட்டிகளை தொடங்கி வைத்தார் பிரதமர் நரேந்திர மோடி   ,0
" IND-L vs AUS-L அரையிறுதியில் இர்பான் பதான், ஓஜா அட்டகாச ஆட்டம்: இறுதிக்கு...  ",0
 T20 WC | இந்தியாவுக்கு அடுத்த பின்னடைவு: காயம் காரணமாக பும்ரா விலக...   ,0
 கால்பந்தில் ஓமனை வீழ்த்தியது இந்தியா   ,0
 உலக கேடட் செஸ் போட்டி: இந்திய சிறுமிகள் சாம்பியன்   ,0
 இரானி கோப்பை கிரிக்கெட் - ரெஸ்ட் ஆஃப் இந்தியா அணியில் இடம் பெற்றார்...   ,0
 ஐசிசி டி 20 கிரிக்கெட் தரவரிசையில் 2-வது இடம் பிடித்தார் சூர்யகுமார் யாதவ்   ,0
" IND vs SA | சூர்யகுமார், கேஎல் ராகுல் அடுத்தடுத்து அரைசதம் -...   ",0
" IND vs SA | தென்னாப்பிரிக்காவை ஆட்டம் காண செய்த அரஷ்தீப், தீபக்...   ",0
 சூர்யகுமார் யாதவ் கரியருக்கு கேகேஆர் அணியில்தான் திருப்புமுனை கிடைத்தது: ரிக்கி பாண்டிங்   ,0
 செஸ் போட்டியில் ஹான்ஸ் நீமன் மோசடி செய்கிறார் - மேக்னஸ் கார்ல்சன் வெளிப்படையாக...   ,0
 தென் ஆப்பிரிக்காவுடன் முதல் டி 20-ல் இன்று மோதல் - பந்து வீச்சை...   ,0
 IND A vs NZ A | சஞ்சு சாம்சன் அரை சதம்...   ,0
 T20 WC | மெல்போர்னில் விராட் கோலியின் போஸ்டர்கள் - ‘விக்ரம்’ தீமில்...   ,0
 கவுன்டி கிரிக்கெட் சாம்பியன்ஷிப்பில் சதம் விளாசிய சுப்மன் கில்!   ,0
 தனது செய்கையால் கேரள ரசிகர்களின் இதயங்களை வென்ற கிரிக்கெட் வீரர் சூர்யகுமார் யாதவ்   ,0
 ரோஜர் பெடரர் ஓர் அணையா தீபம்   ,0
 டி 20 தரவரிசையில் இந்தியா ஆதிக்கம்  ,0
 தென்னாப்பிரிக்காவுக்கு எதிரான டி20 தொடர்: காயம் காரணமாக தீபா ஹூடா விலகல்?   ,0
 தேசிய விளையாட்டுப் போட்டிகள் | வாள் வீச்சில் ஹாட்-ட்ரிக் தங்கத்தை குறிவைக்கும் பவானி...   ,0
 மன்கட் அவுட் சர்ச்சை: இந்திய வீராங்கனை தீப்தி சர்மா தகவலுக்கு சார்லி டீன்...   ,0
 IND vs AUS 3-வது டி20 போட்டியை நேரில் பார்த்து ரசித்த ஆளுநர்...   ,0
 மன்கட் அவுட் சர்ச்சை: களத்தில் நடந்ததை விவரித்த இந்திய வீராங்கனை தீப்தி சர்மா   ,0
 மீண்டும் சர்ச்சைக்குள்ளான மன்கட் அவுட் விவகாரம்   ,0
 ‘மகளிர் கிரிக்கெட் சகாப்தம்’ - ஜூலனுக்கு பிசிசிஐ புகழாரம்   ,0
 துலீப் டிராபியை கைப்பற்றியது மேற்கு மண்டல அணி   ,0
 ராகுல் திராவிடை முந்தி கோலி புதிய சாதனை!   ,0
 IND vs AUS | சூர்யகுமார் யாதவ் & கோலி தரமான கூட்டணி:...   ,0
 IND vs AUS 3வது டி20 | இந்திய அணிக்கு 187 ரன்கள்...   ,0
 கண்ணீர் மல்க விடைபெற்றார் சுவிஸ் நாயகன் ரோஜர் பெடரர் - பிரிவு உபசார...   ,0
 இந்தியா - ஆஸ்திரேலியா 3-வது டி 20-ல் இன்று மோதல்   ,0
 ஜூலியஸ் பேர் கோப்பை செஸ் - இறுதிப் போட்டியில் அர்ஜூன் எரிகைசி   ,0
 “இந்த ஒரு வருத்தம் மட்டுமே எனக்கு”... - விடைபெற்றார் 'சக்தா எக்ஸ்பிரஸ்' ஜூலன்...   ,0
" சர்வதேச ஸ்குவாஷ் போட்டியில் அபய் சிங், கென்சி அய்மன் சாம்பியன்  ",0
 ஹாக்கி இந்தியாவின் தலைவராக போட்டியின்றி திலீப் திர்கி தேர்வு   ,0
 துலீப் டிராபி கிரிக்கெட் | யஷஸ்வி ஜெய்ஸ்வால் இரட்டை சதம் விளாசல்   ,0
" ஜூலியஸ் கோப்பை செஸ் போட்டி - அரை இறுதிக்கு முன்னேறினார் எரிகைசி, பிரக்ஞானந்தா...   ",0
 IND vs AUS 2வது டி20 | ரோகித்தின் ஆக்ரோஷம்; டி.கே-வின் பைனல்...   ,0
 ஒரே ஃப்ரேமில் 66 கிராண்ட் ஸ்லாம்: ரோஜர் ஃபெடரர் பகிர்ந்த புகைப்படம்   ,0
 “அழுத்தம் காரணமாக அப்படி நடக்கிறது” - ரோகித்தின் கள ஆக்ரோஷம் குறித்து சூர்யகுமார்   ,0
 “நான் களத்தில் கோபப்படுவது இல்லை. ஏனெனில்...” - தோனி விளக்கம்   ,0
 சிக்ஸர் விளாசிய சச்சின்: பழைய நினைவுகளில் மூழ்கிய ரசிகர்கள்!   ,0
 சேப்பாக்கம் மைதானத்தில் மீண்டும் ஐபிஎல் போட்டி   ,0
 2-வது டி20 ஆட்டத்தில் இன்று மோதல் | ஆஸி.க்கு பதிலடி கொடுக்குமா இந்திய...   ,0
 முதல் ஒருநாள் கிரிக்கெட் போட்டியில் நியூஸிலாந்து ‘ஏ’ அணியை வீழ்த்தியது இந்தியா ‘ஏ’   ,0
" ஜூலியஸ் பேர் கோப்பை செஸ்: கால் இறுதி சுற்றில் அர்ஜூன் எரிகைசி, பிரக்ஞானந்தா   ",0
 ஐபிஎல் 2023 சீசன் குறித்து கங்குலி முக்கிய அறிவிப்பு: சென்னையில் ‘தல’ தோனியின்...   ,0
 “அவர் ஒரு லெஜெண்ட்” - ஜூலான் கோஸ்வாமியின் ஓய்வுத் தகவலை வெளியிட்ட கங்குலி   ,0
 ‘ஏரியா கிரிக்கெட்டை அடித்துக்கொள்ள எதுவும் இல்லை’ - தெருவில் விளையாடிய அஸ்வின்   ,0
 தள்ளாடும் இந்திய அணியின் இறுதிக்கட்ட பந்து வீச்சு  ,0
 மகளிர் ஆசிய கோப்பை கிரிக்கெட் - அக்.7-ல் இந்தியா – பாகிஸ்தான் மோதல்   ,0
 ஜூலியஸ் பேர் கோப்பை செஸ் போட்டி - 2-வது இடத்தில் அர்ஜூன் எரிகைசி   ,0
 வ்ரூம்.. வ்ரூம்.. | அடுத்த ஆண்டு இந்தியாவில் 'Moto GP' பைக் ரேஸ்...   ,0
 ‘லார்ட்ஸ்’ அல்ல ‘ஓவல்’ | WTC இறுதிப் போட்டியின் மைதானத்தை உறுதி செய்த...   ,0
 IND vs AUS | மீம் கன்டென்ட் ஆன விராட் கோலியின் ரியாக்‌ஷன்!   ,0
 டி 20 உலகக் கோப்பையில் 7-வது முறையாக களமிறங்குகிறார் நியூஸிலாந்தின் மார்ட்டின் கப்தில்   ,0
" ஜூலியஸ் கோப்பை செஸ் போட்டி - அர்ஜூன் எரிகைசி, பிரக்ஞானந்தா ஆதிக்கம்   ",0
 2-வது ஒருநாள் போட்டியில் இன்று மோதல் - தொடரை வெல்லும் முனைப்பில் இந்திய...   ,0
 டி20 தரவரிசையில் மந்தனா 2-வது இடம்   ,0
 IND vs AUS முதல் டி20 | ‘கேம் சேஞ்சர்’ மேத்யூ வாட்...   ,0
 IND vs AUS முதல் டி20 | ஹர்திக் அதிரடி: 208 ரன்கள்...   ,0
 SA20 லீக் தொடருக்கான வீரர்கள் ஏலம்: 6 அணிகள் வாங்கிய வீரர்களின் முழு...   ,0
" உமிழ்நீருக்கு தடை, பெனால்டி ரன்... அக்.1 முதல் அமலுக்கு வரும் ஐசிசி-யின் புதிய...   ",0
" ஆஸ்திரேலியாவுடன் முதல் டி20 | நடுவரிசை பேட்டிங், 6-வது பந்து வீச்சாளர் பிரச்சினைக்கு...   ",0
" நாங்கள் வீரர்கள், ரோபோக்கள் இல்லை - சமூக வலைதள விமர்சனங்களுக்கு வினேஷ் போகத்...   ",0
 டீம் இந்தியாவின் புதிய ஜெர்சி அணிந்து புகைப்படத்தை பகிர்ந்த தினேஷ் கார்த்திக்  ,0
 இளம் கிரிக்கெட் வீரர்களுடன் செல்ஃபி எடுத்துக்கொண்ட மேக்ஸ்வெல்: பிக் ஷோவின் உன்னத செயல்   ,0
 கோல் கணக்கில் ரொனால்டோவை முந்திய மெஸ்ஸி: எப்படி?   ,0
 தேசிய ஹாக்கி அணியில் இடம் பிடிப்பேன்: மும்தாஜ்   ,0
 அந்த நாள் ஞாபகம்: டி20-யில் ஒரே ஓவரில் 6 சிக்ஸர் விளாசி யுவராஜ்...   ,0
 T20 WC | கே.எல்.ராகுல் தொடக்க வீரராக களமிறங்குவார்: ரோஹித் சர்மா பேட்டி   ,0
 சென்னை ஓபன் மகளிர் டென்னிஸ் | செக். குடியரசு வீராங்கனை லிண்டா சாம்பியன்   ,0
 கரோனா தொற்று உறுதி: டி20 தொடரிலிருந்து ஷமி விலகல்   ,0
 உலக மல்யுத்த சாம்பியன்ஷிப் | வெண்கலம் வென்றார் பஜ்ரங் புனியா   ,0
 வெளியானது இந்திய கிரிக்கெட் அணியின் புதிய டி20 ஜெர்சி!   ,0
 91 ரன்களில் ஸ்மிருதி அவுட்: இங்கிலாந்துக்கு எதிரான ஒருநாள் போட்டியில் இந்திய மகளிர்...   ,0
 உலக மல்யுத்த சாம்பியன்ஷிப்: கால் இறுதி சுற்றில் பஜ்ரங் புனியா தோல்வி   ,0
 இளையோர் செஸ் சாம்பியன்ஷிப்பில் தமிழகத்தின் இளம்பரிதி சாம்பியன்   ,0
 துலீப் டிராபி கிரிக்கெட் போட்டியில் 7 விக்கெட்கள் வீழ்த்தினார் சாய் கிஷோர்   ,0
 ஜடேஜா இல்லாதது இந்திய அணிக்கு இழப்பு - மகிளா ஜெயவர்த்தனே கருத்து   ,0
 டேவிஸ் கோப்பையில் இந்திய அணி தோல்வி   ,0
 “பயிற்சியாளராக எனது காலம் முடிந்துவிட்டது” - ரவி சாஸ்திரி  ,0
 நான் 4-ம் இடத்தில் விளையாடுவது சிறப்பானது என நினைக்கிறேன்: சூர்யகுமார் யாதவ்   ,0
 Impact Player | டொமஸ்டிக் டி20 கிரிக்கெட்டில் பிசிசிஐ அறிமுகப்படுத்தும் புதிய விதி!   ,0
 “என் அதிரடிக்கு காரணமே சிஎஸ்கே தான்” - தனது ராயல் லண்டன் ஃபார்ம்...   ,0
 ஹர்திக் பாண்டியாவுக்கு மாற்று வீரராக ராஜ் அங்கத் பாவா?   ,0
 குட்பை பெடரர் - சாதனைகள் ஒரு பார்வை…   ,0
 உலக இளையோர் செஸ் சாம்பியன்ஷிப்: யூ-16 பிரிவில் பட்டம் வென்றார் இந்தியாவின் பிரணவ்...   ,0
 துலீப் கோப்பை | பவுலர் வீசிய பந்தால் காயமடைந்த வெங்கடேஷ் ஐயர்: களத்திற்கு...   ,0
 T20 WC | இலங்கை அணி அறிவிப்பு; முதல் சுற்றில் விளையாடும் ஆசிய...   ,0
 T20 WC | பாகிஸ்தான் அணியின் தேர்வுக்குழு தலைவரை சாடிய முகமது ஆமிருக்கு...   ,0
 நியூஸி-ஏ அணிக்கு எதிரான ஒருநாள் தொடர்: சஞ்சு சாம்சன் தலைமையில் இந்திய-ஏ அணி...   ,0
 மும்பை இந்தியன்ஸ் அணியின் தலைமை பயிற்சியாளராக மார்க் பவுச்சர் நியமனம்   ,0
 17 ஆண்டுகளுக்கு பின் பாகிஸ்தானில் இங்கிலாந்து கிரிக்கெட் அணியினர்   ,0
 துலீப் டிராபி - ஹனுமா விகாரி சதம்   ,0
 T20 WC | இந்தியா - பாக். போட்டிக்கான டிக்கெட்கள் விற்று தீர்ந்தன   ,0
 கேரி கிர்ஸ்டன் அகாடமி சென்னையில் தொடக்கம்   ,0
 பல கிரிக்கெட் ஆளுமைகள் ஆட்கொண்ட புகைப்படங்களை பகிர்ந்து புதிர் போட்ட சச்சின்  ,0
 “24 ஆண்டுகளை 24 மணி நேரம் போல உணர்கிறேன்” - ஓய்வை அறிவித்தார்...   ,0
 T20 WC | ஷாஹீன் அஃப்ரிடி உள்ளே - பாகிஸ்தான் அணி அறிவிப்பு   ,0
 T20 WC | வியூகம் வகுத்து வெற்றிக்கு வித்திடுவாரா ‘ரங்கன் வாத்தியார்’ ராகுல்...   ,0
 சாம்பியன்ஸ் லீக் | அக்ரோபாட்டிக் பாணியில் கோல் போட்டு பிரமிக்க வைத்த ஹாலண்ட்   ,0
 சென்னை ஓபன் மகளிர் டென்னிஸ் கால் இறுதி சுற்றில் நுழைந்தார் லிண்டா   ,0
 T20 WC | வங்கதேச அணியில் மஹ்மதுல்லா நீக்கம்   ,0
 இங்கிலாந்துக்கு எதிராக மந்தனா அதிரடியில் இந்தியா வெற்றி   ,0
 ஐசிசி டி20 தரவரிசையில் விராட் கோலி முன்னேற்றம்   ,0
 இந்தியாவுக்கு எதிரான தொடர்: மிட்செல் ஸ்டார்க் உள்ளிட்ட 3 ஆஸி. வீரர்கள் விலகல்   ,0
 “எல்லா நல்ல விஷயங்களும் முடிவுக்கு வர வேண்டும்” - ஓய்வை அறிவித்தார் உத்தப்பா   ,0
 தினேஷ் கார்த்திக் எனும் ஃபீனிக்ஸ் - T20 WC அணியில் கிடைத்த வாய்ப்பும்...   ,0
" 2025 வரை பிசிசிஐ பொறுப்புகளில் தொடர கங்குலி, ஜெய் ஷாவுக்கு உச்ச நீதிமன்றம்...   ",0
 T20 WC | இங்கிலாந்து அணியின் பயிற்சி ஆலோசகராக மைக்கேல் ஹஸ்ஸி   ,0
" சென்னை ஓபன் மகளிர் டென்னிஸ் - அலிசன் ரிஸ்கி அதிர்ச்சி தோல்வி, இந்தியாவின்...   ",0
 உலக மல்யுத்த சாம்பியன்ஷிப்: வினேஷ் போகத் தோல்வி   ,0
" டபிள்யூடிஏ பைனலில் ஸ்வியாடெக், ஜபிர்  ",0
 ஆஸி. அணியின் கேப்டன் பொறுப்பு குறித்து மனம் திறந்த வார்னர்   ,0
 ஆசிய கோப்பையை வென்று நாடு திரும்பிய இலங்கை அணியினருக்கு உற்சாக வரவேற்பு அளித்த...   ,0
" T20 WC | இந்திய அணியின் பலம், பலவீனம், வாய்ப்பு, அச்சுறுத்தல் என்னென்ன?...   ",0
 டி20 போட்டிகளில் விராட் கோலி ஓப்பனராக களம் இறங்குவது சிறந்தது: ரோகன் கவாஸ்கர்   ,0
 டி20 உலகக் கோப்பைக்கான இந்திய அணியில் ஜஸ்பிரீத் பும்ரா   ,0
 சென்னை ஓபன் மகளிர் டென்னிஸ்: இந்தியாவின் கர்மான் கவுர் முதல் சுற்றில் வெற்றி   ,0
 அமெரிக்க ஓபனில் சாம்பியன் பட்டம் வென்ற அல்கராஸ் உலகத் தரவரிசையிலும் முதலிடத்தை பிடித்தார்   ,0
 பாகிஸ்தான் போட்டியின்போது இந்திய தேசியக் கொடியை அசைத்த அப்ரிடி மகள் - காரணம்...   ,0
 T20WC | “கனவு நனவானது” - தினேஷ் கார்த்திக் நெகிழ்ச்சிப் பதிவு   ,0
" T20WC | இந்திய அணி அறிவிப்பில் அதிருப்தி: சஞ்சு, ஷமிக்காக குரல் எழுப்பும்...   ",0
 ஜடேஜாவுக்கு பதிலாக அக்சர் படேல்: டி20 உலக கோப்பைக்கான இந்திய அணி அறிவிப்பு   ,0
 லெஜன்ட்ஸ் லீக் போட்டி: இந்தியன் மகாராஜா அணிக்கு சேவாக் கேப்டன்   ,0
 சென்னையில் இன்று முதல் சர்வதேச மகளிர் ஓபன் டென்னிஸ்: முன்னணி வீராங்கனைகள் பங்கேற்பு   ,0
 எஸ்ஏஎப்எப் மகளிர் கால்பந்து: மாலத்தீவுகள் அணியை வீழ்த்தியது இந்தியா   ,0
 அமெரிக்க ஓபன் கிராண்ட்ஸ்லாம்: இகா ஸ்வியாடெக் சாம்பியன்   ,0
 ஆசிய கோப்பையை வென்ற இலங்கை: கொழும்பு நகர வீதிகளில் கொண்டாடிய மக்கள்  ,0
 ராஜபக்சே & பவுலிங் அசத்தல்: பாகிஸ்தானை வீழ்த்தி ஆசிய கோப்பை சாம்பியன் ஆனது...   ,0
 ஆசிய கோப்பை ஃபைனல்  | சரிவிலிருந்து இலங்கையை மீட்ட ராஜபக்சே: 171 ரன்களை...   ,0
 ஆசிய கோப்பை | இறுதிப் போட்டியில் பாகிஸ்தான் - இலங்கை இன்று மோதல்   ,0
" அமெரிக்க ஓபன் டென்னிஸ் - இறுதிப் போட்டியில் கார்லோஸ் அல்கராஸ், காஸ்பர் ரூட்...   ",0
 சர்வதேச ஒருநாள் கிரிக்கெட் போட்டிகளில் ஆரோன் பின்ச் ஓய்வு   ,0
 சென்னை ஓபன் மகளிர் டென்னிஸ் - இந்திய வீராங்கனைகள் தகுதி சுற்றில் ஏமாற்றம்   ,0
" சென்னை ஓபன்: அங்கிதா, கர்மான் கவுருக்கு கடினமான முதல் சுற்று   ",0
 வெற்றிகரமாக முடிந்த முழங்கால் அறுவை சிகிச்சை - ரவீந்திர ஜடேஜா மீது பிசிசிஐ...   ,0
 “இது டிராவிட்டிற்கு நெருக்கடியான நேரம்” - பிசிசிஐ முன்னாள் தேர்வாளர் கடும் விமர்சனம்   ,0
" சென்னை ஓபன் தொடரில் கரோலின் கார்சியா, மெர்டென்ஸ் விலகல்   ",0
" அமெரிக்க ஓபன்: இறுதி சுற்றில் இகா ஸ்வியாடெக், ஆன்ஸ் ஜபிர்   ",0
 பாகிஸ்தான் அணியின் ஆலோசகரானார் ஹைடன்   ,0
 71-வது சர்வதேச சதம்: விராட் கோலி தகர்த்த 9 சாதனைகளின் பட்டியல்   ,0
 சதம் விளாசிய கோலி: கிரிக்கெட் ஆளுமைகளின் ரியல் டைம் ரியாக்‌ஷன்   ,0
 டைமண்ட் லீக் ஃபைனலில் பட்டத்தை வென்ற முதல் இந்தியர்: வரலாறு படைத்த நீரஜ்...   ,0
 அமெரிக்க ஓபன் டென்னிஸ் - 5 மணி நேரத்துக்கும் மேல் போராடி வெற்றி...  ,0
 நியூஸிலாந்துக்கு எதிரான 2-வது போட்டியில் ஆஸ்திரேலியா அபார வெற்றி   ,0
 ஆடவர் ஹாக்கி உலகக் கோப்பை ‘டி’ பிரிவில் இடம் பெற்றது இந்திய அணி   ,0
 ஆசிய கோப்பை | 1019 நாட்களுக்குப் பிறகு விராட் கோலி சதம் -...   ,0
 இலங்கைக்கு எதிரான ஆட்டத்தில் 10 முதல் 15 ரன்கள் குறைவாக எடுத்துவிட்டோம்: ரோஹித்...   ,0
 தெற்காசிய கால்பந்து: பாகிஸ்தானை வீழ்த்தியது இந்தியா   ,0
 ஐசிசி தரவரிசை: 4-வது இடத்தில் சூர்யகுமார்   ,0
 அமெரிக்க ஓபன் கிராண்ட்ஸ்லாம் டென்னிஸ் அரை இறுதியில் கரோலின் கார்சியா   ,0
 ஆசிய கோப்பை | ஆப்கனை வீழ்த்தி இந்திய அணியை தொடரிலிருந்து வெளியேற்றியது பாகிஸ்தான்   ,0
 ஆசிய கோப்பை | இந்தியா முதலில் ஃபீல்ட் செய்திருந்தால் ஆட்டத்தின் முடிவு மாறி...   ,0
 அனைத்து வடிவிலான கிரிக்கெட்டில் இருந்தும் ஓய்வு பெற்றார் ரெய்னா   ,0
 டி 20 உலகக் கோப்பை | தென் ஆப்பிரிக்கா அணிக்கு தெம்பா பவுமா...   ,0
 முதல் ஒருநாள்: நியூஸிலாந்தை வீழ்த்தியது ஆஸ்திரேலியா   ,0
" இலங்கைக்கு எதிராக இந்தியா தோல்வி | ""மிஸ் யூ தோனி"" என ரியாக்ட்...   ",0
 தினேஷ் கார்த்திக்கை மிஸ் செய்கிறதா இந்திய அணி? - வல்லுனர்களின் கருத்து   ,0
 IND vs SL | 6 விக்கெட்டுகள் வித்தியாசத்தில் இலங்கை வெற்றி: தொடரில்...   ,0
 ரயிலுக்காக காத்திருக்கும் ஸ்ரீநாத்... வைரலான பழைய புகைப்படம்!  ,0
 தோனியிடம் இருந்து மட்டுமே எனக்கு ஆதரவு கிடைத்தது: விராட் கோலி ஆதங்கம்   ,0
 ஆசிய கோப்பை | வெற்றி நெருக்கடியில் இந்திய அணி; இலங்கையுடன் இன்று பலப்பரீட்சை   ,0
 கிரிக்கெட் வீரர் அர்ஷ்தீப்புக்கு காலிஸ்தான் இயக்கத்துடன் தொடர்பா? - விக்கிப்பீடியாவுக்கு மத்திய அரசு...   ,0
 அமெரிக்க ஓபன் | நான்காவது சுற்றில் நடாலை வீழ்த்தினார் ப்ரான்சைஸ் டைஃபோ   ,0
 அமெரிக்க ஓபன் டென்னிஸ்: நடப்பு சாம்பியன் மேத்வதேவை வீழ்த்தினார் நிக் கிர்கியோஸ்   ,0
 “இந்தியாவே அவருடன் உள்ளது” - அர்ஷ்தீப் குடும்பத்திற்கு ஆறுதல் சொன்ன பஞ்சாப் அமைச்சர்   ,0
 பாகிஸ்தானுக்கு எதிராக விராட் கோலி அரை சதம்: அன்றே கணித்த ரவி சாஸ்திரி   ,0
 துபாய் ஓபன் செஸ் தொடரை வென்ற அரவிந்த் சிதம்பரத்திற்கு முதல்வர் வாழ்த்து   ,0
 டி20 போட்டிகளில் இருந்து முஷ்பிகுர் ரஹிம் ஓய்வு   ,0
 “முன்மாதிரி வாழ்க்கை” - செரீனாவுக்கு சச்சின் வாழ்த்து   ,0
 அமெரிக்க ஓபன் கிராண்ட்ஸ்லாம் டென்னிஸ்: 4-வது சுற்றுக்கு நடால் முன்னேற்றம்   ,0
 IND vs PAK | தோல்விக்கு காரணம் என்ன? - கேப்டன் ரோகித்...   ,0
 IND vs PAK | கவுன்ட்டர் அட்டாக் செய்த ரிஸ்வான் - நவாஸ்;...   ,0
 The King is Back | பாகிஸ்தானுக்கு எதிராக 60: கோலியை போற்றும்...   ,0
 IND vs  PAK | அரை சதம் விளாசிய கோலி: பாகிஸ்தானுக்கு 182...   ,0
 கண்ணீருடன் ஓய்வுபெற்றார் செரீனா - போராட்ட வாழ்க்கை முதல் 39 கிராண்ட் ஸ்லாம்...  ,0
 அடுத்த ஐபிஎல் சீசனிலும் சிஎஸ்கே கேப்டனாக தோனி நீடிப்பார்: சிஇஓ காசி விஸ்வநாதன்...   ,0
" ""என் அக்கா இல்லையென்றால் நான் இங்கு இல்லை""- 27 ஆண்டுக்கால டென்னிஸ் பயணத்தில்...   ",0
 டி20 உலகக் கோப்பையில் இருந்து விலகும் ரவீந்திர ஜடேஜா   ,0
 ஜப்பான் பாட்மிண்டன் - கால் இறுதியில் பிரனாய் தோல்வி   ,0
 அமெரிக்க ஓபன் டென்னிஸ்: முக்கிய நிகழ்வுகள்   ,0
 கால்பந்து சங்க தலைவரானார் கல்யாண் சவுபே   ,0
 சுழற்பந்து வீச்சாளர்கள் நோ-பால் வீசுவது குற்றம் - வங்கதேச கேப்டன் ஷகிப் அல்ஹசன்...   ,0
 ஆசிய கோப்பை | இந்தியா - பாகிஸ்தான் அணிகள் மீண்டும் பலப்பரீட்சை   ,0
 ஆசிய கோப்பை | டி20 வரலாற்றில் பாகிஸ்தான் புதிய சாதனை - 38...   ,0
 ஆசிய கோப்பை | இந்திய ஆல்ரவுண்டர் ஜடேஜாவுக்கு பதிலாக அக்சர் படேல் சேர்ப்பு   ,0
 அமெரிக்க ஓபன் | மூக்கில் பட்ட பேட்... காயத்துடன் விளையாடிய நடால் 3-ம்...   ,0
" ‘2D, D5’ - இலங்கை வீரர்களுக்கு டிரெஸ்ஸிங் ரூமில் இருந்து அனுப்பப்பட்ட சீக்ரெட்...   ",0
 பேட்டிங்கில் எந்த இடத்திலும் களமிறங்க முடியும் - மனம் திறக்கும் சூர்யகுமார் யாதவ்   ,0
 ஐஎஸ்எல் கால்பந்து தொடர் - அக்.7-ல் தொடக்கம்   ,0
 அமெரிக்க ஓபன் டென்னிஸ்: 3-வது சுற்றில் நுழைந்தார் செரீனா   ,0
 டி 20 உலகக் கோப்பை ஆஸி. அணியில் டிம் டேவிட்  ,0
 ஆசிய கோப்பை | த்ரில் ஆட்டத்தில் வங்கதேசத்தை வீழ்த்தி சூப்பர் 4 சுற்றுக்கு...   ,0
 IND vs HK | போட்டி முடிந்ததும் மைதானத்தில் தோழியிடம் காதலை சொன்ன...   ,0
" ஃபார்முக்கு திரும்பும் கோலி: இன்சமாம், கவுதம் கம்பீர் கருத்து   ",0
" மெஸ்ஸி அசிஸ்ட்: கோல் பதிவு செய்த எம்பாப்பே, நெய்மர் | எழுந்து நின்று...   ",0
 இந்திய தொடருக்கான ஆஸி.யின் டி20 அணி அறிவிப்பு: வார்னருக்கு ஓய்வு!   ,0
 ஆசிய கோப்பை | 6வது பவுலராக பந்துவீசிய கோலி - ஹாங்காங் அணியை...   ,0
 ஆசிய கோப்பை | கோலி - சூர்யகுமார் இணை அதிரடி; ஹாங்காங் அணிக்கு...   ,0
 “எனது வளர்ச்சியில் தோனிக்கு பெரும் பங்கு உண்டு” - ஹர்திக் பாண்டியா   ,0
 அமெரிக்க ஓபன் | வைரம் பதித்த காலணியை அணிந்து விளையாடிய செரீனா வில்லியம்ஸ்   ,0
 விநாயகர் சதுர்த்தி | இன்ஸ்டா மூலம் வாழ்த்து சொன்ன டேவிட் வார்னர்   ,0
 ஆசிய கோப்பை Throwback: 14 ஆண்டுகளுக்கு முன்பு ஹாங்காங் அணியை தெறிக்கவிட்ட தோனி   ,0
 “எதிர்காலம் முக்கியம்” - நியூசிலாந்து ஆல் ரவுண்டர் கொலின் டி கிராண்ட்ஹோம் ஓய்வு...   ,0
 ஜப்பான் ஓபன் பாட்மிண்டன் - 2-வது சுற்றில் பிரனாய்   ,0
 அல்டிமேட் கோ கோ லீக் - அரை இறுதியில் சென்னை அணி   ,0
 அமெரிக்க ஓபன் டென்னிஸ் | சிமோனா ஹாலப்பை வீழ்த்தினார் தரியா ஸ்னிகுர் -...   ,0
 'ஒருமுறை என் மரணம் பற்றிய வதந்தி பரவியது' - ரவீந்திர ஜடேஜா  ,0
 ஆசிய கோப்பை | 2-வது வெற்றி பெற்று அடுத்த சுற்றுக்கு முன்னேறியது ஆப்கானிஸ்தான்   ,0
 100 மீட்டரை 10.25 வினாடிகளில் கடந்து தேசிய சாதனை: இந்தியாவின் அதிவேக ஓட்டக்காரர்...   ,0
 “கோலி ஃபார்முக்கு திரும்பி ரன்கள் சேர்க்க வேண்டும்” - ஹாங்காங் கேப்டன் நெகிழ்ச்சி   ,0
 இந்திய அணி முதல் சாய்ஸ் விக்கெட் கீப்பராக தினேஷ் கார்த்திக் ஏன்? -...   ,0
 உலகக் கோப்பை தொடருக்குப் பிறகு டி 20-ல் விராட் கோலி விளையாடுவாரா?   ,0
 சாதித்தது போன்ற உணர்வை தருகிறது - மனம் திறக்கும் ஹர்திக் பாண்டியா   ,0
 பேயர்ன் மூனிச் FC அணியின் போட்டோஷூட்: மத நம்பிக்கையின் காரணமாக மது கோப்பையை...   ,0
 ‘ஆட்டோகிராப்’ இட்டு தனது ஜெர்சியை பாகிஸ்தான் பவுலருக்கு கிஃப்ட் ஆக வழங்கிய கோலி   ,0
 “கோலியின் ஆட்டம் பார்க்க நன்றாக இருந்தது” - வாசிம் ஜாபர்   ,0
 வெர்ஷன் 2.0 - ‘வீழ்ச்சியும் எழுச்சியும்’ படத்தை பகிர்ந்த ஹர்திக் பாண்டியா   ,0
 இங்கிலாந்து வீரர் ஆண்டர்சன் சாதனை   ,0
 இந்திய விளையாட்டுத் துறையின் ஏற்றத்துக்கு ஊக்கம் தரும் லீக் தொடர்கள் | National Sports...   ,0
 தமிழ்நாடு சைக்கிள் லீக் முதல் சுற்றில் ரேன்சைக்கர்ஸ் வெற்றி   ,0
 ஆப்கன் பந்துவீச்சாளர்களுக்கு கேப்டன் நபி புகழாரம்   ,0
 ஆசிய கோப்பை | பாகிஸ்தானை வீழ்த்திய இந்தியா - கொண்டாட்டத்தில் மக்கள்; வாழ்த்திய...   ,0
 IND vs PAK | ஜடேஜா - பாண்டியா வெற்றிக் கூட்டணியால் பாகிஸ்தானை...  ,0
 IND vs PAK | முதல் ஓவரில் கே.எல்.ராகுலை டக் அவுட் செய்த...   ,0
" IND vs PAK | புவனேஷ்வர், பாண்டியா அசத்தல் பந்துவீச்சு; 147 ரன்களில்...   ",0
 ஆசிய கோப்பை கிரிக்கெட் தொடர் : இந்தியா - பாகிஸ்தான் இன்று பலப்பரீட்சை   ,0
 “வாழ்க்கையில் எதுவும் எளிதானது அல்ல”... - விராட் கோலிக்கு மீண்டும் ஆதரவு தெரிவித்த...   ,0
 “நான் பலவீனமாக உணர்வதை ஒப்புக்கொள்ள வெட்கப்படவில்லை” - கோலி ஓப்பன் டாக்   ,0
 வரலாறு படைத்த நீரஜ் சோப்ரா: டைமன்ட் லீக் ஈட்டி எறிதல் போட்டியில் தங்கம்...   ,0
 Asia Cup 2022 | இந்தியாவின் புதிய அணுகுமுறைக்கான சோதனைக்களம்   ,0
 ஆசிய கோப்பை கிரிக்கெட் | விராட் கோலி ‘100’   ,0
 ஆசிய கோப்பை கிரிக்கெட் | டாப் 5 வீரர்கள் இவர்கள் தான்   ,0
 ஆசிய கோப்பை கிரிக்கெட் | 7 முறைவாகை சூடிய இந்தியா - யார்...   ,0
 ஆசிய கோப்பை கிரிக்கெட் இன்று தொடக்கம் - ஆப்கானிஸ்தான் - இலங்கை மோதல்   ,0
 இந்திய கால்பந்து சங்கத்துக்கு விதித்த தடையை நீக்கியது பிஃபா   ,0
 INDvsPAK | நீங்கள் ஃபார்முக்கு திரும்ப வேண்டி பிராத்திக்கிறேன் - கோலியிடம் தெரிவித்த...   ,0
 கே.எல்.ராகுலுக்கு பதிலாக சஞ்சு சாம்சன்தான் இடம்பெற்றிருக்க வேண்டும்: கனேரியா கருத்து   ,0
 “எங்கள் டீமில் அழுதுகொண்டே இருந்தனர். ஏனெனில்...” - 1986 IND vs PAK...   ,0
 BWF உலக சாம்பியன்ஷிப் | ஆடவர் இரட்டையரில் இந்தியாவுக்கு முதல் பதக்கம் உறுதி;...  ,0
 “தோனி உடனான பார்ட்னர்ஷிப் எப்போதுமே ஸ்பெஷல்” - 7+18 கூட்டணி ரகசியம் பகிர்ந்த...   ,0
 2-வது டெஸ்ட் போட்டியில் 151 ரன்னில் சுருண்டது தென் ஆப்பிரிக்கா   ,0
 ஹரிகா துரோணவல்லிக்கு பெண் குழந்தை   ,0
 ஆசிய கோப்பை கிரிக்கெட் - ஹாங்காங் தகுதி   ,0
 அபுதாபி செஸ் போட்டியில் அர்ஜூன் எரிகைசி சாம்பியன்   ,0
 உலக பாட்மிண்டன் சாம்பியன்ஷிப் - சாய்னா நெவால் அதிர்ச்சி தோல்வி   ,0
 அமெரிக்க ஓபன் டென்னிஸ் | தடுப்பூசி செலுத்திக் கொள்ளாத காரணத்தால் ஜோகோவிச் வெளியேறினார்   ,0
 டெஸ்ட் கிரிக்கெட்டில் தனித்துவ சாதனை படைத்த இங்கிலாந்து வீரர் ஆண்டர்சன்!   ,0
 BWF உலக சாம்பியன்ஷிப்: லக்‌ஷயாவை வீழ்த்தி காலிறுதிக்கு முன்னேறினார் பிரனாய்   ,0
 பிரபல சைக்கிள் பந்தய வீரர் ரப் வார்டெல் மரணம்: விளையாட்டு உலகம் அதிர்ச்சி   ,0
" ஆசிய கோப்பை | பாபரை சந்தித்த கோலி: 34,198 சர்வதேச ரன்களின் சங்கமம்   ",0
 உலக பாட்மிண்டன் சாம்பியன்ஷிப் | 2-ம் நிலை வீரரை வீழ்த்தினார் பிரனாய்   ,0
 ஸ்னூக்கர் போட்டியில் இந்தியாவுக்கு 2 பதக்கம்   ,0
 திறமை இல்லாமல் இவ்வளவு தூரம் வந்திருக்க முடியாது - விராட் கோலி ஆவேசம்   ,0
 ஆசிய கோப்பை | இந்திய அணியின் இடைக்கால பயிற்சியாளராக விவிஎஸ் லஷ்மண் நியமனம்   ,0
 ஐசிசி ஒருநாள் தரவரிசை: கிடுகிடுவென முன்னேறி 38-ம் இடத்தை பிடித்த சுப்மன் கில்  ,0
" சென்னை ஓபன் மகளிர் டென்னிஸில் யூஜின் பவுச்சார்ட், அங்கிதாவுக்கு வைல்டு கார்டு   ",0
 அமெரிக்க ஓபனில் இருந்து சானியா விலகல்   ,0
 உலக பாட்மிண்டன் சாம்பியன்ஷிப்: 3-வது சுற்றில் நுழைந்தார் சாய்னா   ,0
 ராகுல் திராவிட்டுக்கு கரோனா தொற்று   ,0
 மூன்று முறை தற்கொலை செய்து கொள்ள நினைத்தேன்: ரோகித் சர்மாவிடம் பகிர்ந்த ஷமி   ,0
 ராயல் லண்டன் ஒருநாள் தொடர்: மீண்டும் சதம் விளாசிய புஜாரா - 11...   ,0
 ஒருநாள் போட்டிகளை 40 ஓவர்களாக குறைக்க பென் ஸ்டோக்ஸ் பரிந்துரை   ,0
 நிதி நெருக்கடியில் போராடும் வினோத் காம்ப்ளிக்கு ரூ.1 லட்சம் சம்பளத்தில் வேலை தர...   ,0
 பாகிஸ்தானுக்கு எதிராக அரைசதம் விளாசி விமர்சகர்களின் வாயடைப்பார்: கோலி குறித்து ரவி சாஸ்திரி   ,0
 சிக்கந்தர் ரசா பேட் செய்த விதத்தை கண்டு ‘ஆட்டம்’ கண்டுவிட்டோம்: அக்சர் படேல்   ,0
 IND vs ZIM | சச்சினை முந்தினார் ஷுப்மன் கில்   ,0
 சென்னை ஓபன் கோஃல்ப் இன்று தொடக்கம்   ,0
 இந்திய கால்பந்து கூட்டமைப்பின் நிர்வாகக் குழுவை கலைத்தது உச்ச நீதிமன்றம்   ,0
 அடுத்தடுத்து 2 ஒருநாள் தொடர்களில் தொடர் நாயகன் விருதை வென்ற சுப்மன் கில்   ,0
 IND vs ZIM 3rd ODI | வெற்றிக்காக இறுதி வரை போராடிய...   ,0
 IND vs ZIM 3rd ODI | சுப்மன் கில் சதம் விளாசல்:...  ,0
 தனது பிறந்த நாளன்று பார்சிலோனா அணிக்காக கோல் ஸ்கோர் செய்த லெவோண்டஸ்கி   ,0
 FTX கிரிப்டோ கோப்பை | உலக சாம்பியன் கார்ல்சனை மீண்டும் வீழ்த்தினார் பிரக்ஞானந்தா;...   ,0
 டென்னிஸ் | இறுதிச் சுற்றில் பெட்ரா குவிட்டோவா   ,0
 ஜிம்பாப்வே உடனான ஒருநாள் தொடரை முழுமையாக கைப்பற்றும் முனைப்பில் இந்தியா   ,0
 பந்துவீச்சாளர்களுக்கு கே.எல்.ராகுல் புகழாரம்   ,0
 ஷாஹின் அப்ரிடி விலகல் இந்தியாவுக்கு சாதகம்: பாக். முன்னாள் கேப்டன் வக்கார் யூனிஸ்   ,0
 சென்னைக்கும் ‘மஞ்சள் தமிழன்’ தோனிக்கும் இடையேயான உன்னத உறவு | Chennai Day   ,0
 இந்திய கால்பந்து அணி முன்னாள் கேப்டன் சமர் காலமானார்   ,0
 ஐரோப்பிய கால்பந்துப் போட்டியில் தடம் பதித்த இந்திய வீராங்கனை   ,0
 உலக ஜூனியர் மல்யுத்தம் - இந்திய வீராங்கனை சாதனை   ,0
 இங்கிலாந்து தொடருடன் ஜூலன் கோஸ்வாமி ஓய்வு   ,0
 Ind Vs Zim | இந்திய அணியின் ‘லக்கி வீரர்’ - தீபக்...   ,0
 Ind Vs Zim 2nd ODI | ஜிம்பாப்வே அணியை எளிதில் வீழ்த்தி...   ,0
 லெவான்டோவ்ஸ்கியின் ரூ.74 லட்சம் மதிப்புள்ள வாட்ச் திருட்டு   ,0
 இங்கிலாந்து அணி இன்னிங்ஸ் தோல்வி   ,0
 ஜூனியர் பாட்மிண்டனில் ரெஷிகாவுக்கு தங்கப் பதக்கம்  ,0
 அரோனியனை வீழ்த்தினார் பிரக்ஞானந்தா   ,0
 Ind vz Zim | 2-வது ஒருநாள் போட்டியில் இன்று மோதல் -...   ,0
 திட்டமிட்ட போட்டிகளில் விளையாட அனுமதிக்க வேண்டும்: பிஃபாவுக்கு மத்திய விளையாட்டு அமைச்சகம் கோரிக்கை   ,0
 கால்பந்து உலகக் கோப்பை: 2.45 மில்லியன் டிக்கெட்டுகள் விற்று தீர்ந்ததாக பிஃபா அறிவிப்பு:...   ,0
 “எங்களது முக அழகைப் பார்த்து யாரும் பதக்கம் கொடுக்கவில்லை” - இந்திய லான்...   ,0
 தேசிய கீதம் பாடுவதற்கு முன்... கே.எல்.ராகுலின் செயலுக்கு ரசிகர்கள் பாராட்டு   ,0
 ரசிகரின் செல்போனை உடைத்த ரொனால்டோ   ,0
 முதல் தோல்வியை சந்தித்தது நியூஸிலாந்து அணி   ,0
 முதல் டெஸ்டில் 165 ரன்களுக்கு சுருண்டது இங்கிலாந்து அணி   ,0
" “தயவுசெய்து, இதற்கு முற்றுப்புள்ளி வையுங்கள்” - விவாகரத்து குறித்து இந்திய வீரர் சாஹல்   ",0
" IND vs ZIM 1st ODI | தவான், கில் அசத்தல் கூட்டணி:...   ",0
 மலைக்க வைக்கும் நம்பர்களுடன் கோலியின் சாதனைத் தடங்கள் - ஒரு பார்வை |...   ,0
 IND vs ZIM 1st ODI | இந்தியா அசத்தல் பவுலிங்: 189...   ,0
 IND vs ZIM | இந்தியா – ஜிம்பாப்வே இன்று மோதல்   ,0
 லார்ட்ஸ் டெஸ்டில் இங்கிலாந்து அணி திணறல்   ,0
 சென்னை அண்ணா சாலையில் விபத்தில் சிக்கியவரை மீட்டு மருத்துவமனைக்கு அனுப்பி வைத்த முதல்வர்   ,0
 கட்டிடக் கழிவுகளை பொது இடங்களில் கொட்டினால் நடவடிக்கை: மாசு கட்டுப்பாட்டு வாரியம் எச்சரிக்கை   ,0
 புத்த துறவி போல டெல்லியில் வசித்த சீன பெண்: உளவாளியாக இருக்கலாம் என...   ,0
 இது திகில் பட ஃபர்ஸ்ட் லுக் அல்ல... ஓர் எறும்பின் முகம்: வாகை...   ,0
 மீனவர்கள் மீது துப்பாக்கிச்சூடு | அறிக்கை கிடைத்த பின் அடுத்தக்கட்ட நடவடிக்கை: எல்.முருகன்   ,0
 T20 WC | முதல் சுற்றோடு வெளியேறியது மே.இ.தீவுகள்; சூப்பர் 12-க்கு முன்னேறியது...   ,0
 பெங்களூரு டூ ஹூப்ளி | விமான கட்டணத்தை விட பஸ் கட்டணம் அதிகம்?...   ,0
" உத்தராகண்ட் | கேதார்நாத், பத்ரிநாத் கோயில்களில் பிரதமர் நரேந்திர மோடி வழிபாடு   ",0
 தமிழக மீனவர் மீதான துப்பாக்கிச்சூடு கண்டிக்கத்தக்கது | ரூ.25 லட்சம் இழப்பீடு வழங்க...   ,0
 விரைவில் யூடியூபில் அறிமுகமாக உள்ள 'ஹேண்டில்ஸ்': முழு விவரம்   ,0
 காவலர் வீரவணக்க நாள்: கடந்த ஓராண்டில் பணியின்போது உயிரிழந்த 264 காவலர்களுக்கு அஞ்சலி    ,0
" ஏற்றம் கண்ட பங்குச்சந்தை: சென்செக்ஸ் 250 புள்ளிகள், நிஃப்டி 71 புள்ளிகள் உயர்வு   ",0
 பிரின்ஸ் Review: சிவகார்த்திகேயனின் வழக்கமான காமெடி சரவெடி!   ,0
 அண்ணாமலை பல்கலை. தொகுப்பூதிய ஊழியர்கள் பணிநீக்கம்: சீமான் சாடல்     ,0
 சரியும் ரூபாய் மதிப்பு | ரகுராம் ராஜனை அணுக மோடிக்கு ப.சிதம்பரம் ஆலோசனை   ,0
 சாம்பியனாக நிறைய உழைக்கணும்: ரோஹித் சர்மா கருத்து   ,0
 T20 WC | ஆஸ்திரேலிய அணியில் கேமரூன் கிரீன்  ,0
 அழுத்தத்தை கையாள்வதற்கு கோலி கற்றுக்கொடுப்பார்: மனம் திறக்கும் ரிஷப் பந்த்   ,0
" இந்திய நன்கொடையாளர்கள் பட்டியல்: ரூ.1,161 கோடி வழங்கி ஷிவ் நாடார் முதலிடம்   ",0
" பெங்களூருவில் வள்ளுவர் சிலை கல்வெட்டு மறைப்பு: காங்., பாஜக மோதலால் தமிழர்கள் அதிருப்தி   ",0
 ப்ளேட்லெட்ஸுக்குப் பதில் லெமன் ஜூஸ்? - டெங்கு நோயாளி பலி: உ.பி. தனியார்...   ,0
 திருப்பதி | அங்கப்பிரதட்சண டிக்கெட் ஆன்லைனில் வெளியீடு   ,0
 இரட்டை முகத்தை காட்டும் சசி தரூர்: காங்கிரஸ் கட்சி கடும் கண்டனம்   ,0
" மாயாவதி கட்சியில் இணைந்தார் உ.பி காங். முஸ்லிம் தலைவராக இருந்த மசூத்: சமாஜ்வாதி,...   ",0
 டெல்லி அரசு கொண்டுவந்த பட்டாசு தடையை நீக்க உச்ச நீதிமன்றம் மறுப்பு   ,0
 இந்திய பாதுகாப்பு துறைக்கு இது பொற்காலம்: அமைச்சர் ராஜ்நாத் சிங் பெருமிதம்   ,0
" நியாயமற்ற வணிக நடைமுறைகளால் மேக் மை டிரிப், ஓயோவுக்கு ரூ.392 கோடி அபராதம்   ",0
 இங்கிலாந்தின் அடுத்த பிரதமர் ரிஷி சுனக்?   ,0
" 'ஜிகாத் இஸ்லாத்தில் மட்டுமில்லை; கிருஷ்ணரும், கிறிஸ்துவம் கூட பேசியுள்ளார்கள்' - காங்கிரஸ் முன்னாள்...   ",0
 அதங்கோடு பள்ளி மாணவனுக்கு சீருடையில் வந்து குளிர்பானத்தை கொடுத்தது யார்? - சிபிசிஐடி...   ,0
 தேசிய செஸ் போட்டியில் சாம்பியன் பட்டம் பெற்ற அரியலூர் சிறுமிக்கு அரசு உதவி...   ,0
 கொள்ளிடம் ஆற்றின் வெள்ளப் பெருக்கால் 500 ஏக்கரில் தண்ணீர் புகுந்து நெற்பயிர்கள் சேதம்   ,0
 மத்திய அரசு ஓய்வூதியதாரர்களுக்கு அகவிலை நிவாரணம் 4 சதவீதம் அதிகரிப்பு  ,0
 குழந்தை திருமணம் தொடர்பான புகாரில் சிதம்பரம் தீட்சிதர்கள் 49 பேரை கைது செய்யக்...   ,0
" 10 லட்சம் பேருக்கு வேலை வழங்க இலக்கு: நாளை 75,000 இளைஞர்களுக்கு பணி...   ",0
 தமிழகம் முழுவதும் பரவலாக மழை: 3 மாவட்டங்களில் பள்ளிகளுக்கு விடுமுறை   ,0
 சுற்றுச்சூழலை பாதுகாக்க வாழ்க்கை முறையில் மாற்றம் தேவை: மிஷன் லைப் தொடக்க நிகழ்ச்சியில்...   ,0
 அமைச்சரவை அனுப்பி வைக்கும் சட்ட மசோதாவை ஆண்டுக்கணக்கில் நிறுத்திவைக்கும் அதிகாரம் ஆளுநருக்கு இல்லை:...   ,0
 மக்களவை தேர்தல் பணிக்காக தமிழக பாஜகவில் முழு நேர ஊழியர்கள் தேர்வு: மாத...   ,0
 பள்ளி பேருந்துகளில் கேமரா கட்டாயம்: தமிழக அரசு உத்தரவு   ,0
 குளங்கள் புனரமைத்தலில் வழிகாட்டுதலை பின்பற்றாததால் மத்திய அரசின் ரூ.29.95 கோடி நிதி கிடைக்கவில்லை:...   ,0
 டாலருக்கு நிகரான ரூபாய் மதிப்பு விரைவில் ரூ.84 ஆக சரியும்: நிபுணர்கள் எச்சரிக்கை   ,0
" காசி தமிழ் சங்கமம் மூலம் தமிழ் மொழி, தமிழ் மக்களின் பெருமைகளை நாடு...   ",0
 தீபாவளி பண்டிகையையொட்டி கூடுதல் மெட்ரோ ரயில்கள் இயக்கம்   ,0
 சூப்பர் 12 ரவுண்ட் அப்: மட்டைக்கும் பந்துக்குமான சமநிலை போர்க்களம்!   ,0
 விலை உயர்ந்த பொருட்கள் உட்பட நடிகை பார்வதி நாயர் வீட்டில் வைரம் பதித்த...   ,0
 ஓய்வுபெற்ற நீதிபதி ஏ.கே.ராஜன் எழுதிய ஆங்கில நூல் நாளை வெளியீடு   ,0
" மூடப்பட்ட சாலைகள், மாற்றுப் பாதைகள் குறித்து அறிய வாகன ஓட்டிகளுக்கு புதிய செயலி...   ",0
 தீபாவளி பண்டிகையை முன்னிட்டு இன்று முதல் சிறப்பு பேருந்துகள் இயக்கம்: சென்னையில் 6...  ,0
 புதுக்கோட்டை | 3 மீனவர்களை கைது செய்தது இலங்கை   ,0
 நரபலி: மூடநம்பிக்கைகளின் விபரீத உச்சம்   ,0
 முதல்வர் ஸ்டாலினை நான் சந்தித்தேனா? - நிரூபித்தால் அரசியலை விட்டு விலக தயார்:...   ,0
ப்ரீமியம்  காங்கிரஸின் புதிய மீட்பர்?   ,0
 ஹெக்சா இன்னோவேஷன் நிறுவனம் சார்பில் 5 வகையான மின்சார வாகனங்கள் அறிமுகம்   ,0
ப்ரீமியம்  பூர்விகக் குடிகளின் பாவலர்: வீ.வே.முருகேச பாகவதர் 125   ,0
ப்ரீமியம்  ஆணைய அறிக்கைகளுக்கு உரிய முக்கியத்துவம் தேவை!   ,0
 காலாட்படை மீதான பற்றை ஊக்குவிக்க ராணுவ வீரர்கள்: வெலிங்டனிலிருந்து டெல்லி வரை மோட்டார்...   ,0
 மாணவி சத்யா கொலை வழக்கு; சதீஷை 3 நாள் காவலில் எடுத்து விசாரிக்க...   ,0
ப்ரீமியம்  இயக்குநரின் குரல்: ஒரு சாமானியனின் வன்முறை!   ,0
 கோலிவுட் ஜங்ஷன்: உக்ரைனிலிருந்து மரியா!   ,0
 இங்கிலாந்து பிரதமர் லிஸ் ட்ரஸ் ராஜினாமா | பொதுத்தேர்தலை நடத்த எதிர்க்கட்சி வலியுறுத்தல்   ,0
 மருத்துவ படிப்புக்கான சேர்க்கை கலந்தாய்வு: அரசுப் பள்ளி மாணவர்கள் 565 பேருக்கு இடங்கள்...   ,0
 மேட்டூர் அணைக்கு 1 லட்சம் கனஅடி நீர்வரத்து: 2 லட்சம் கனஅடி வரை...   ,0
"ப்ரீமியம்  நீங்களும் யூபிஎஸ்சி வெல்லலாம் - 13: அன்னை தெரஸா, அப்துல் கலாமால் கவரப்பட்டு...   ",0
ப்ரீமியம்  டிஜிட்டல் கில்லாடி ஆகலாம்! - 14: மின்கட்டணம் எப்படி கணக்கிடப்படுகிறது தெரியுமா?  ,0
ப்ரீமியம்  கொஞ்சம் technique கொஞ்சம் English - 71: Quantity Adjective பற்றி பார்க்கலாம்!   ,0
 அடிப்படை வசதி செய்துதர மாநகராட்சி ஆணையரிடம் உதயநிதி எம்எல்ஏ மனு   ,0
ப்ரீமியம்  மொழிபெயர்ப்பு: இரவு வானம் ஏன் ஒளிர்கிறது என்பதை கண்டுபிடித்தவர்   ,0
" வீடு, பள்ளி, வீதி, மொட்டைமாடி, மரத்தடியே களங்கள்: பள்ளியையும் சமூகத்தையும் இணைக்கும் வாசிப்பு...   ",0
 சிறுபான்மையின மாணவர்கள் கல்வி உதவித்தொகைக்கு விண்ணப்பிக்கலாம்: மாவட்ட ஆட்சியர் தகவல்   ,0
ப்ரீமியம்  ஆன்லைன் விளையாட்டே ஆபத்துதான்!   ,0
 நல்லதே நடக்கும்   ,0
" விழுப்புரத்தில் உயர்கல்வி, வேலைவாய்ப்பு வழிகாட்டி முகாம்   ",0
 தூத்துக்குடி துப்பாக்கிச் சூடு | போராட்டக்காரர்களை குறிபார்த்து சுடும் அளவுக்கு அதிகாரிகளுக்கு வன்மம்...   ,0
 இந்தநாள் உங்களுக்கு எப்படி? - 12 ராசிகளுக்கும் உரிய பலன்கள்   ,0
 கால்நடை மருத்துவ படிப்பு தரவரிசை பட்டியல் வெளியீடு: கலந்தாய்வு அக்டோபர் 29-ல் தொடங்குகிறது   ,0
 அக்.21: இன்று என்ன? - தேசிய காவலர் தினம்   ,0
 108 வைணவ திவ்ய தேச உலா - 34 | திருவாலி -...   ,0
 கால்நடை மருத்துவ படிப்புகளுக்கான தரவரிசை பட்டியல் இணையத்தில் வெளியீடு - கலந்தாய்வு அக்.29-ம்...   ,0
" மீன்வளம், கால்நடை துறையில் ரூ.31.67 கோடியில் கட்டிடங்கள் திறப்பு - சட்டத் துறைக்கு...   ",0
 மறைந்த தொழிலதிபர் எம்ஏஎம். ராமசாமியின் வளர்ப்பு மகன் - ஐயப்பனுக்கு வாரிசு சான்றிதழ்...  ,0
" விதிமீறல்களுக்கான அபராதங்களை உயர்த்தி அரசாணை - ஹெல்மெட் அணியாவிட்டால் ரூ.1,000   ",0
 தீபாவளி பண்டிகையை முன்னிட்டு சிவகாசியில் சாலையோரம் கடைகள் அமைக்க அனுமதி   ,0
 ஒரே நாளில் 2 டீசர்... ஸ்டைலிஷ் வில்லன்... - கவனம் ஈர்க்கும் கௌதம்...   ,0
 பள்ளி மாணவர்களுக்கான தேசிய பாடத்திட்ட கட்டமைப்பு: மத்திய அமைச்சர் தொடங்கி வைத்தார்   ,0
" மாணவர்களை ஆபத்தான பயணம் செய்ய வைத்ததாக அரசுப் பள்ளி தலைமை ஆசிரியர், உடற்கல்வி...   ",0
" ரூ.399-க்கு ரூ.10 லட்சம் விபத்து காப்பீடு: அஞ்சல் ஊழியர், தபால்காரர் மூலம் சேரலாம்   ",0
 மீண்டும் ரிஷி சுனக்... கருத்துக்கணிப்பில் குவியும் ஆதரவு - பிரிட்டனின் அடுத்த பிரதமர்...   ,0
 'திராவிடாக்ரிஸ் அண்ணாமலைக்கா'... - தமிழகத்தில் கண்டுபிடிக்கப்பட்ட புதிய வெட்டுக்கிளி   ,0
 மத்திய அரசு திட்ட பெயர்களை தமிழில் மொழிபெயர்க்க வழக்கு - தமிழக அரசு...   ,0
 தஞ்சை பெரிய கோயிலின் பிரகாரத்தில் உள்ள இந்திரன் கோயிலை திறக்கக்கோரி வழக்கு   ,0
 சிம்பு நடிக்கும் பத்து தல படத்தின் படப்பிடிப்பு நிறைவு   ,0
 புதிய காங்கிரஸ் தலைவர் மல்லிகார்ஜுன கார்கேவுக்கு காத்திருக்கும் சவால்களும் வாய்ப்புகளும்   ,0
 பழங்குடியினர் பாரம்பரியங்களை முந்தைய அரசுகள் கேலிக்குரியதாக ஆக்கின: பிரதமர் மோடி   ,0
 தமிழகத்தில் புதிதாக 235 பேருக்கு கரோனா பாதிப்பு   ,0
 சட்டவிரோத பணப் பரிவர்த்தனை சட்டத்தின் கீழ் வழக்கு: உயர் நீதிமன்றம் முக்கிய உத்தரவு   ,0
 சொத்து வரியை நவ.15-க்குள் செலுத்தினால் 2% வட்டி கிடையாது: சென்னை மாநகராட்சி  ,0
 புதிய முறைப்படி தட்டச்சு தேர்வு நடத்த உயர் நீதிமன்றம் உத்தரவு   ,0
 T20 WC | அரையிறுதிக்கு நுழையக் கூடிய 4 அணிகள் - இது...   ,0
 ‘கேஜிஎஃப் 2’ முதல் ‘காந்தாரா’ வரை: 2022-ல் கோடிகளை வாரிக் குவித்த கன்னட...   ,0
 மாடுகள் ஏப்பம் விட்டால் உரிமையாளர்களிடம் வரி வசூல்: நியூஸிலாந்தில் விவசாயிகள் போராட்டம்   ,0
 சென்னையில் போக்குவரத்து மாற்றங்கள்: செயலி மூலம் அறிந்துகொள்வது எப்படி?    ,0
 சென்னை டுவின்டெக் அகாடமியில் கல்லூரி மாணவர்களுக்கு இலவச மென்திறன் மேம்பாடு பயிற்சி   ,0
 மதுரை எய்ம்ஸ் கட்டுமானப் பணிகள் எப்போது தொடங்கும்? - ஆர்டிஐ கேள்விக்கு கைவிரித்த...   ,0
 வெறும் 45 நாட்கள்... - பிரிட்டன் பிரதமர் லிஸ் ட்ரஸ் பதவி விலகல்   ,0
 தெலங்கானாவில் மக்கள் குறைகளை கேட்கப்போவதாக தமிழிசையால் அறிவிக்க முடியுமா? - நாராயணசாமி சவால்   ,0
 “உன் திரைப் பயணத்தில் சிறிய பங்காக இருந்தது அதிர்ஷ்டம்” - அலியா பட்...   ,0
 ‘இந்து மதத்தை தெரிந்து கொள்வோம்’ மாநாடு நடத்த அனுமதி கோரி உயர் நீதிமன்றத்தில்...   ,0
 திமுக அரசு எத்தனை வழக்குகள் தொடுத்தாலும் தமாகா அஞ்சாது: யுவராஜா   ,0
" வித்தியாசமான கெட்டப்பில் விஜய் சேதுபதி, சந்தீப் கிஷன் சிக்ஸ் பேக் - ‘மைக்கேல்’...   ",0
" “ஊர்ந்து சென்று பதவி வாங்கியது, நம்பிக்கை துரோகம் செய்தது யார்?” - இபிஎஸ்ஸுக்கு...   ",0
 T20 WC | நமீபியாவை 7 ரன்களில் வீழ்த்திய அமீரகம்; சூப்பர் 12-க்கு...   ,0
 இதய மாற்று அறுவை சிகிச்சை செய்துகொண்ட 35 வயது பெண் - தோனியின்...  ,0
 தீபாவளி | சென்னையில் நெரிசல்மிகு நேரங்களில் கூடுதல் ரயில்கள்: மெட்ரோ நிர்வாகம் அறிவிப்பு   ,0
 ஓடிடி திரை அலசல் | Palthu Janwar - பசுவுக்காக மடிப் பால்...   ,0
 மீண்டும் வருகிறார் பாலிவுட் பாட்சா - ஷாருக்கானால் மீளுமா பாலிவுட்?   ,0
 காசா அகதிகள் முகாம் சிறுவர்களுக்கு உளவியல் சிகிச்சை ஆன பிரேக் டான்ஸ்!   ,0
 T20 WC அலசல் | குசால் மெண்டிஸ் இன்னிங்ஸால் பிழைத்த இலங்கை... கத்துக்குட்டி...   ,0
" ஏற்றத்துடன் பங்குச்சந்தை நிறைவு: சென்செக்ஸ் 96 புள்ளிகள், நிஃப்டி 50 புள்ளிகள் உயர்வு   ",0
" ‘பிரின்ஸ்’ முதல் ‘பேட்டைக்காளி’ வரை: தியேட்டர், ஓடிடியில் இந்த வாரம் என்ன பார்க்கலாம்?   ",0
" T20 WC | இந்தியா - பாகிஸ்தான் போட்டியில் ரன் மழையா, வான்...   ",0
" “தெலங்கானா, புதுச்சேரியில் முழுமையாக பணியாற்றுகிறேன்... தமிழகத்தில் அன்பை செலுத்துகிறேன்” - தமிழிசை   ",0
 சிவகாசியில் தீபாவளி இறுதிக்கட்ட பட்டாசு விற்பனை விறுவிறுப்பு: பிற மாவட்ட மக்கள் வருகையால்...   ,0
 கோவை | தீபாவளியை முன்னிட்டு விமான கட்டணம் பல மடங்கு உயர்வு   ,0
 T20 WC அலசல் | பாகிஸ்தானை இந்திய அணி வீழ்த்துவதற்கு அதிக வாய்ப்பு...   ,0
 நடப்பு ஆண்டில் 99 குழந்தைகள் இறப்பு: இந்தோனேசியாவில் இருமல் மருந்துகளுக்குத் தடை   ,0
 பசுமை தமிழகம் திட்டம் | 2.50 கோடி மரக்கன்றுகளை இந்த மழைக் காலத்திலேயே...   ,0
 தீபாவளியை முன்னிட்டு திரையரங்குகளில் சிறப்புக் காட்சிகளுக்கு அரசு அனுமதி    ,0
 அனைவருக்கும் வீடு திட்டத்தில் தமிழகம் 3-ம் இடம்: பிரதமரிடம் விருது பெற்ற அமைச்சர்  ,0
 திரைத்துறை துளிகள் | ‘காந்தாரா’வுக்குப் புகழாரம்; அறிவியல் கிரைம் த்ரில்லரில் பிரியாமணி   ,0
 'தேசிய தலைவர்' சாதி படமல்ல: இயக்குநர் அரவிந்த்ராஜ் தகவல்   ,0
 மீண்டும் படம் இயக்கும் எஸ்.ஜே.சூர்யா   ,0
" T20 WC | நெதர்லாந்தை வீழ்த்தியது இலங்கை: குரூப் சுற்றில் முதலிடமா, 2-ம்...   ",0
 வானிலை முன்னறிவிப்பு: தமிழகத்தின் 32 மாவட்டங்களில் கனமழைக்கு வாய்ப்பு   ,0
" 374 சர்வதேச போட்டிகள்... 17,253 ரன்கள்... - ‘இந்திய அணியின் பயமறியான்’ சேவாக்...   ",0
 டேனியல் கிரெய்க்குக்கு இங்கிலாந்து கவுரவம்   ,0
 தீபாவளி பண்டிகை | அரசுப் பேருந்துகளில் 1.5 லட்சம் பேர் முன்பதிவு   ,0
 ஆசிரியர் நியமனம் | உச்ச வயது வரம்பு உயர்வு - தமிழக அரசு...   ,0
 இலங்கை | உணவளித்தவருக்கு இறுதி அஞ்சலி செலுத்திய குரங்கு; நெகிழும் நெட்டிசன்கள்   ,0
 பருவமழை முடியும்வரை நடமாடும் மருத்துவ முகாம்கள் இயங்கும்: அமைச்சர் மா.சுப்பிரமணியன்   ,0
 டெல்லி | சூட்கேஸில் கண்டெடுக்கப்பட்ட பெண்ணின் உடல்: கணவர் கைது   ,0
 உழவர்களை காப்பீட்டு நிறுவனங்கள் சுரண்டுவதை அரசு வேடிக்கை பார்க்கக்கூடாது: ராமதாஸ்    ,0
 234 எம்எல்ஏ அலுவலகங்களில் இ-சேவை மையம்: முதல்வர் ஸ்டாலின் தொடங்கி வைத்தார்   ,0
 பெயர் விடுப்பட்ட டெல்டா விவசாயிகளுக்கு உரிய இழப்பீடு பெற்றுத்தர வேண்டும்: தினகரன்   ,0
 T20 WC | அஃப்ரிடி வீசிய யார்க்கர்; ஆப்கன் வீரரின் பாதத்தை பதம்...  ,0
 பஞ்சாப் | அஜாக்கிரதையால் மொபைல் கடையில் நடந்த துப்பாக்கிச்சூடு: இளைஞரைச் சுட்ட போலீஸ்...   ,0
 அதிமுகவினர் நடத்திய போராட்டம் எனக்கு எதிரானதாக கருதவில்லை: ஓபிஎஸ்    ,0
" ஆம்புலன்ஸ், தீயணைப்பு வாகனங்களுக்கு வழிவிடத் தவறினால் ரூ.10000 அபராதம்: தமிழக அரசு ஆணை   ",0
 'கார்கேவிடம் கேளுங்கள்' - ராகுல் காந்தியின் பேச்சுக்கு விளக்கம் அளித்த காங்கிரஸ்   ,0
 இந்திய ரூபாயின் மதிப்பு வரலாறு காணாத வீழ்ச்சி: 83.12 ஆக சரிவு   ,0
 திருப்பூர் | ஒப்பந்த தூய்மைப் பணியாளர்களுக்கான தீபாவளி போனஸ் விவகாரம்: தேசிய தாழ்த்தப்பட்டோர்...   ,0
 பிரதமர் மோடியின் 'ஸ்கூல் விசிட்' ஆம் ஆத்மியின் மிகப்பெரிய சாதனை: கேஜ்ரிவால்   ,0
 காரைக்குடி சாலையில் இருசக்கர வாகனத்தில் சாகசம்: நீதிமன்ற உத்தரவுப்படி போக்குவரத்தை சரி செய்த...   ,0
 பூத்துறையில் புதுப்பிக்கப்பட்ட நூலகத்தை திறந்து வைத்த பள்ளி மாணவி   ,0
 மழையால் சேதமடைந்த பகுதிகளை இரு சக்கர வாகனத்தில் சென்று ஆய்வு செய்த மாவட்ட...   ,0
 இந்திக்கு அளிக்கும் முக்கியத்துவத்தை இந்தி பேசும் மக்களுக்கு அளியுங்கள்: விஐடி வேந்தர் கோ.விசுவநாதன்...   ,0
" மகரம், கும்பம், மீனம் ராசிகளுக்கு இந்த வாரம் எப்படி? | பலன்கள் @...   ",0
 கொல்லப்பட்ட பெண்களின் உடல் உறுப்புகள் விற்பனை? - வதந்தி பற்றி கேரள போலீஸார் விளக்கம்   ,0
 பணவீக்கத்தால் வாழ்க்கை செலவு அதிகரிப்பு | பிரிட்டனில் ஒரு நாள் உணவை தவிர்க்கும் லட்சக்கணக்கான மக்கள்   ,0
 லேண்ட்லைன் போன் இணைப்பில் பிஎஸ்என்எல் நிறுவனத்தை பின்னுக்கு தள்ளியது ஜியோ   ,0
 பரந்தூர் விமான நிலையத்தால் தொழில் முதலீடுகள் அதிகரிக்கும்: அமைச்சர் தங்கம் தென்னரசு விளக்கம்  ,0
 காங்கிரஸ் ஆட்சிக்கு வந்ததும் ஆந்திர மாநிலத்துக்கு சிறப்பு அந்தஸ்து - பாத யாத்திரையில் ராகுல் காந்தி...   ,0
 கான்டாக்ட் லென்ஸ் அணிந்து பட்டாசு வெடிக்க கூடாது: அகர்வால் மருத்துவமனை அறிவுறுத்தல்     ,0
 அமைச்சர் நிர்மலா சீதாராமன் திருப்பதி வருகை   ,0
 இந்தியாவில் ‘ஏகே 203’ துப்பாக்கிகள் தயாரிப்பை விரைவில் தொடங்க ரஷ்யா திட்டம்   ,0
 திருப்பதி கோயிலில் விஐபி பிரேக் தரிசனம் 3 நாட்கள் ரத்து   ,0
" துலாம், விருச்சிகம், தனுசு ராசிகளுக்கு இந்த வாரம் எப்படி? | பலன்கள் @...   ",0
 புரூடென்ட் தேர்தல் அறக்கட்டளை கட்சிகளுக்கு ரூ.464 கோடி நன்கொடை   ,0
 மாணவரின் தாய்க்கு பாலியல் தொல்லை: சிவசங்கர் பாபாவுக்கு எதிரான வழக்கு ரத்து   ,0
 தொழிலதிபரை கடத்தி சொத்துகளை எழுதி வாங்கியதாக காவல் துறை அதிகாரிகளுக்கு எதிரான வழக்கு...   ,0
 இமாச்சல் சட்டப்பேரவை தேர்தல் - 62 வேட்பாளர்கள் பட்டியலை வெளியிட்டது பாஜக   ,0
 7 கிலோ கோகைன் போதைப்பொருள் பறிமுதல் - ஆப்ரிக்கர்கள் உட்பட 5 பேர்...   ,0
" அனைத்துச் சாதி அர்ச்சகர்: நடந்ததும், நடக்க வேண்டியதும்!   ",0
ப்ரீமியம்  எங்கே செல்லும் இந்தப் பாதை?   ,0
ப்ரீமியம்  மாநில நெடுஞ்சாலைகள்: மத்திய அரசு உதவட்டும்   ,0
 கேதார்நாத் ஹெலிகாப்டர் விபத்து | இறந்தவர்கள் உயிர்களின் மீது இரக்கம் கொண்டவர்கள்: சென்னை...   ,0
 அமைச்சர் செந்தில்பாலாஜி மீதான வழக்கை ரத்து செய்ய அமலாக்கத் துறை கடும் ஆட்சேபம்  ,0
ப்ரீமியம்  வள்ளலார் 200 | அருட்பிரகாசம் 04:  குளிர்தருவே... தரு நிழலே...   ,0
 அண்ணா சாலை மின் நிலையத்தில் தீ விபத்து   ,0
ப்ரீமியம்  சித்திரப் பேச்சு: ஞானத்திற்கு எதற்கு வீணை?   ,0
 5-வது வழித்தட பணி நடக்கும்போது பரங்கிமலைக்கு மெட்ரோ ரயில் போகாது: மெட்ரோ ரயில்...   ,0
" கடகம், சிம்மம், கன்னி ராசிகளுக்கு இந்த வாரம் எப்படி? | பலன்கள் @...   ",0
 நம்பியாரால் விதைக்கப்பட்டதுதான் இன்றைய அரசியலமைப்பு: நெறிமுறைகள் உச்ச நீதிமன்ற தலைமை நீதிபதி கருத்து   ,0
 கள்ளக்குறிச்சி | தீபாவளி நெருங்கும் நிலையில் கிராமங்களுக்கு படையெடுக்கும் ஆடு திருடர்கள்   ,0
" எம்பிபிஎஸ், பிடிஎஸ் கலந்தாய்வு தொடங்கியது: சிறப்பு பிரிவில் 65 பேருக்கு கல்லூரி ஒதுக்கீடு   ",0
 இந்தியாவின் உதவியை பெற்று இந்தியாவுக்கே ஜவுளி ஏற்றுமதி செய்யும் வங்கதேசம்: 5 மாதங்களில்...   ,0
 108 வைணவ திவ்ய தேச உலா - 33 |  திருவைகுந்த விண்ணகரம்   ,0
 மேற்கு வங்க கடலில் புயல் உருவாக வாய்ப்பு - தமிழகத்தில் 26 மாவட்டங்களில் இன்று...   ,0
 இரவில் திறந்திருக்கும் கடைகளுக்கு தொந்தரவு கொடுக்கக் கூடாது: போலீஸாருக்கு டிஜிபி சைலேந்திரபாபு உத்தரவு   ,0
 தேவர் சிலைக்கு அணிவிக்கப்படும் தங்க கவசத்தை இபிஎஸ் தரப்பிடம் தருவதற்கு ஓபிஎஸ் கடும்...   ,0
 இந்தி திணிப்பு என கூறுவது அரசியல்: ஜி.கே.வாசன் குற்றச்சாட்டு   ,0
 இந்தி திணிப்புக்கு எதிராக மிகப்பெரிய போராட்டம் நடத்த தமிழர்கள் தயங்கமாட்டார்கள்: கனிமொழி எச்சரிக்கை   ,0
 தங்கம் விலை பவுனுக்கு ரூ.40 குறைந்தது  ,0
 மாணவர்களின் பதிவேடுகள் டிஜிட்டல் மயமாக்கும் பணி; அண்ணா பல்கலையில் ரூ.77 கோடி முறைகேடு:...   ,0
 நீதிபதிகள் குறித்து ஆதாரமின்றி நேர்காணல் நடத்தும் சமூக ஊடகங்கள் மீது கடும் நடவடிக்கை:...   ,0
 2 ஆண்டுகளில் 861 தரைப் பாலங்களை மேம்பாலமாக மாற்ற நடவடிக்கை: சட்டப்பேரவையில் அமைச்சர்...   ,0
ப்ரீமியம்  நீங்க ‘பாஸ்' ஆக வேண்டுமா? - 14: பூவில் சிறந்த பூ எது?   ,0
 7 கோயில்களுக்கு ரோப் கார் - அமைச்சர் சேகர்பாபு தகவல்   ,0
 உலக பொருளாதார சரிவு வந்தாலும் தமிழகத்துக்கு பாதிப்பு குறைவாகவே இருக்கும்: அமைச்சர் பழனிவேல்...   ,0
 தீபாவளி கூட்ட நெரிசலில் ஊடுருவும் சீசன் திருடர்களுக்கு 10 முக அடையாள கேமரா...   ,0
ப்ரீமியம்  ஊடக உலா - 14: டிரென்டிங் செய்திதான் நல்ல செய்தியா?   ,0
" காங்கிரஸ் கட்சி தலைவராக மல்லிகார்ஜுன கார்கே தேர்வு: முதல்வர் ஸ்டாலின், தலைவர்கள் வாழ்த்து   ",0
ப்ரீமியம்  கொஞ்சம் technique கொஞ்சம் English - 70: Quality of adjective பற்றி...   ,0
ப்ரீமியம்  தயங்காமல் கேளுங்கள் - 14: இடது கைப்பழக்கம் தவறா?    ,0
 பின்னலாடை நிறுவனங்களுக்கு சிறப்பு அவசர கால கடன் உத்தரவாத திட்டம் - உடனே அறிவிக்க பிரதமருக்கு முதல்வர்...   ,0
 நல்லதே நடக்கும்   ,0
 நிறைவேறிய வாக்குறுதிகள்: பேரவையில் முதல்வர் விளக்கம்   ,0
ப்ரீமியம்  மொழிபெயர்ப்பு: சேலைக்கு பின்னால் மறைந்திருந்த உண்மை   ,0
" பள்ளிக்கல்வி, நகராட்சி நிர்வாகம், போக்குவரத்து உள்ளிட்ட துறைகள் சார்பில் தமிழகத்தில் ரூ.11,253 கோடியில்...  ",0
" 4,000 பேராசிரியர்கள் விரைவில் நியமனம்: பேரவையில் அமைச்சர் பொன்முடி தகவல்   ",0
ப்ரீமியம்  முகக்கவசம் மீண்டும் கட்டாயமாக்கப்பட வேண்டும்!   ,0
" சென்னையில் தடையை மீறி அதிமுகவினர் உண்ணாவிரதம் | பழனிசாமி உள்ளிட்ட 1,300 பேர்...   ",0
 இந்தநாள் உங்களுக்கு எப்படி? - 12 ராசிகளுக்கும் உரிய பலன்கள்   ,0
 தமிழில் குழந்தைகளுக்கான திரைப்படங்கள் - காலத்தின் தேவை   ,0
 பேருந்து படிக்கட்டில் தொங்கும் பள்ளி மாணவர்கள் மீது நடவடிக்கை எடுக்கப்படும்: மாநகர போக்குவரத்து...   ,0
 அக். 20: இன்று என்ன? - பெண் குரல் மறைந்தது   ,0
ப்ரீமியம்  ஆழ்மனதின் அற்புத சக்தி    ,0
 இந்தியா-பாகிஸ்தான் எல்லை அருகே குஜராத்தில் புதிய விமானப்படை தளம் - பிரதமர் நரேந்திர மோடி...   ,0
 காங்கிரஸ் கட்சித் தலைவர் தேர்தலில் மல்லிகார்ஜுன கார்கே வெற்றி -  9 ஆயிரம்பேர் வாக்களித்த...   ,0
" மேஷம், ரிஷபம், மிதுனம் ராசிகளுக்கு இந்த வாரம் எப்படி? | பலன்கள் @...   ",0
 புதிய காங்கிரஸ் தலைவர் மல்லிகார்ஜுன கார்கே வீட்டுக்கே சென்று வாழ்த்திய சோனியா காந்தி   ,0
 கோவை | குழந்தைக்கு பாலியல் துன்புறுத்தல் அளித்து கொலை செய்த இளைஞருக்கு ஆயுள்...   ,0
 “நம்ம எப்போ ஷூட்டிங் போலாம்?” - சிவகார்த்திகேயனிடம் வெங்கட் பிரபு கேள்வி   ,0
 “ஸ்டாலினால் தன் கட்சியினரை கட்டுப்படுத்த முடியவில்லை. ஏனெனில்...” - தமிழருவி மணியன் நேர்காணல்   ,0
 தென்காசி பள்ளிச் சிறுவன் தற்கொலை வழக்கு: உடலை வாங்கிக்கொள்ள பெற்றோருக்கு உயர் நீதிமன்றம்...  ,0
 காலநிலை மாற்றத்திற்கு எதிராக கைகொடுக்கும் கால்நடை மேய்ச்சல்: 16 ஆண்டு கால ஆய்வில்...   ,0
 அடிமை மனோபாவத்தில் இருந்து நாட்டை விடுவிக்கும் முயற்சியே புதிய தேசிய கல்விக் கொள்கை:...   ,0
 மதுரை புதுநத்தம் சாலையில் ‘சென்டர் மீடியம் கேப்’-களை குறைக்க கோரிக்கை - விபத்துகள்...   ,0
 பிரைய்லி வடிவ திருக்குறள் உட்பட 45 சங்க இலக்கிய நூல்கள் இலவசம்: உயர்நீதிமன்றத்தில்...   ,0
 போதை தரும் மருந்துகளை மருத்துவரின் பரிந்துரை இல்லாமல் விற்பனை செய்தால் உரிமம் ரத்து:...   ,0
 சின்ன வெங்காயம் விலை கிலோ ரூ.110 - அதிக விலை விற்றும் லாபம்...   ,0
 சையத் முஷ்தாக் அலி கோப்பை டி20 தொடரில் பம்பரமாக சுழன்று ரன் குவித்து...   ,0
 பள்ளிக் கட்டிடத்தில் விழும் அபாய நிலையில் ஜன்னல்கள்: நடவடிக்கை எடுக்குமா சென்னை மாநகராட்சி?   ,0
 பாறு கழுகுகளைப் பாதுகாக்க குழு அமைத்தது தமிழக அரசு: பணிகளின் முக்கிய அம்சங்கள்   ,0
 “ஐஸ்வர்யா ராய் எனக்கு சிறந்த நண்பர்” - இயக்குநர் மணிரத்னம்   ,0
 பாஸ்வேர்டை பகிரும் பயனர்களிடம் கூடுதல் கட்டணம்: நெட்ஃப்ளிக்ஸ் பலே திட்டம்   ,0
 “மதச்சார்பற்ற பண்புகளை காக்க போராடிவரும் தருணத்தில் தலைமை பொறுப்புக்கு கார்கே தேர்வு” -...   ,0
 சென்னை | ஆட்டோவில் விளையாடிய குழந்தைகளை கண்டித்ததால் தகராறு: கொலை முயற்சியில் ஈடுபட்டவருக்கு...   ,0
 சிக்கன் பிரியாணி ஆர்டரை மாற்றியதால் ஆத்திரம்: வங்கதேச உணவகத்திற்கு தீவைத்த அமெரிக்கர்   ,0
 டி.என்.பி.எஸ்.சி குரூப் 1 தேர்வு பயிற்சிக்கான எளிய முறை குறிப்புகள் - பகுதி...   ,0
 தூத்துக்குடி துப்பாக்கிச் சூடு | “யாருக்காக இதெல்லாம் நடந்தது?” - சீமான் அடுக்கும்...  ,0
 T20 WC அலசல் | ஆஸி. ஆடுகளங்களில் அபாயகரமானது ‘டார்க் ஹார்ஸ்' எனும்...   ,0
 தேவர் சிலைக்கு அணிவிக்கப்படும் தங்க கவசத்தை இபிஎஸ் தரப்பிடம் கொடுக்க ஓபிஎஸ் தரப்பு...   ,0
 “எனது முழு உழைப்பும் திருப்பூர் மக்களுக்காக...” - சார் ஆட்சியராக பொறுப்பேற்ற நடிகர்...   ,0
 செய்யாத பணிகளுக்கு ரூ.11 கோடியை ஒப்பந்ததார்களுக்கு வழங்கிய அண்ணா பல்கலை. - சிஏஜி...   ,0
 13 ஆண்டுகளுக்குப் பிறகு மலையாள சினிமாவில் மீண்டும் ஜோதிகா   ,0
 காங்கிரஸ் கட்சியின் புதிய தலைவர் - யார் இந்த மல்லிகார்ஜுன கார்கே?   ,0
 T20 WC | விளையாடியது மழை - இந்தியா Vs நியூஸிலாந்து பயிற்சிப்...   ,0
 தமிழகத்தில் இலவச சீருடை வழங்குவதில் ரூ.4.13 கோடி வீண் செலவு: சிஏஜி தகவல்   ,0
 அண்டத்தின் பெருவிரல் ரேகையா..? - ஜேம்ஸ் வெப் தொலைநோக்கி வெளியிட்ட புகைப்படத்தால் சர்ச்சை   ,0
 இன்னும் உண்மையின் ஒளியை வைத்திருக்கும் தீபாவளியின் புராணக் கதை!   ,0
 தூத்துக்குடி துப்பாக்கிச்சூடு | “13 பேர் குடும்பங்களுக்கு கூடுதல் நிதி... குற்றவாளிகள் தண்டிக்கப்படுவர்”...   ,0
 T20 WC | இலங்கைக்கு எதிராக ஹாட்ரிக் சாதனை புரிந்த சென்னை வீரர்:...   ,0
 “சட்டப்பேரவை இல்லா யூனியன் பிரதேசமாக புதுச்சேரி மாறிவிடும்” - அதிமுக எச்சரிக்கை   ,0
 ’அன்றும் இன்றும் என்றும் காங்கிரஸார் இதயங்களில் வாழும் நேரு - காந்தி குடும்பம்’ -...   ,0
 “திறனற்ற பிசிசிஐ” - பாகிஸ்தானுக்கு இந்திய அணியை அனுப்ப மறுத்ததால் ஜெய் ஷா...   ,0
 தீபாவளி | சென்னை - கீழ்ப்பாக்கம் மருத்துவமனையின் தீக்காய சிறப்பு பிரிவில் என்னென்ன...  ,0
 அமெரிக்கா | நடுவானில் பறந்து கொண்டிருந்த விமானத்தில் பயணிகளை பயமுறுத்திய பாம்பு   ,0
" பள்ளிகளுக்கு ரூ.1,050 கோடியில் 7,200 புதிய வகுப்பறைகள்: பேரவையில் முதல்வர் ஸ்டாலின் அறிவிப்பு   ",0
 தூத்துக்குடி துப்பாக்கிச் சூடு சம்பவத்தில் ஒழுங்கு நடவடிக்கை: பேரவையில் முதல்வர் ஸ்டாலின் அறிவிப்பு   ,0
 ஹிஜாப் அணியாமல் போட்டியில் பங்கெடுப்பு: மன்னிப்பு கேட்ட ஈரான் வீராங்கனை   ,0
 காஷ்மீர் தனிநாடு | பிஹார் பள்ளி 7ஆம் வகுப்பு தேர்வில் கேட்கப்பட்ட கேள்வியால்...   ,0
 T20 WC | டாப் 4-ல் இடம்பெற இந்திய அணிக்கு 30% மட்டுமே...   ,0
 திருப்பூர் காப்பக குழந்தைகள் உயிரிழந்த விவகாரம்: மாவட்ட குழந்தைகள் நல அலுவலர் பணியிடை...   ,0
 78 சதவீத அறிவிப்புகளுக்கு அரசாணை வெளியீடு: பேரவையில் முதல்வர் ஸ்டாலின் தகவல்    ,0
 எடப்பாடி பழனிசாமியை மக்கள் மன்னிக்கவே மாட்டார்கள்: சிபிஎம் கே.பாலகிருஷ்ணன்    ,0
 T20 WC | 'இது அதுக்கும் மேல' IND vs PAK போட்டியை...   ,0
 பரந்தூர் விமானநிலையம்: சட்டப்பேரவையில் சிறப்பு கவன ஈர்ப்பு தீர்மானம்   ,0
 கல்வி நிலையங்களில் நிகழும் மரணங்களை சிபிசிஐடி விசாரிக்கும் உத்தரவு மாற்றியமைப்பு: உயர் நீதிமன்றம்    ,0
 தூத்துக்குடி துப்பாக்கிச் சூடு | அப்போதைய உள்துறை அமைச்சரையும் விசாரிக்கவும்: முத்தரசன்   ,0
 ஒடிசா | கடனைத் திருப்பித் தராததால் தண்டனை: இளைஞரை வண்டியின் பின்னால் கட்டி...   ,0
 'ஸ்டாலின் முதல்வரான பிறகுதான் மழையோ மழை பெய்கிறது' - அமைச்சர் துரைமுருகன்    ,0
 வங்கக் கடலில் புதிய புயல் சின்னம்: இந்திய வானிலை ஆய்வு மையம் தகவல்  ,0
" தூத்துக்குடி துப்பாக்கிச் சூடு | அப்போதைய ஆட்சியர், காவல்துறையினர் மீது நடவடிக்கை எடுக்கவும்:...   ",0
 ஒழுங்குமுறை ஆணையம் அமைத்து பால் விலையை அரசு நிர்ணயிக்க வேண்டும்: அன்புமணி வலியுறுத்தல்   ,0
 'மகளை பத்திரமாக பார்த்துக்கொள்' - கேதார்நாத் விபத்தில் பலியான பைலட்டின் கடைசி உரையாடல்   ,0
 'ஸ்டாலின் ஆணைக்கிணங்கும் சபாநாயகர்; 'பி' டீமாக செயல்படும் ஓபிஎஸ்' - இபிஎஸ் சரமாரி...   ,0
 பல்லவர் கால அமானுஷ்யங்கள் ‘நந்திவர்மன்’ இயக்குநர் வியப்பு   ,0
 தடையை மீறி உண்ணாவிரதப் போராட்ட முயற்சி: எதிர்க்கட்சித் தலைவர் இபிஎஸ் உள்ளிட்ட அதிமுகவினர்...   ,0
 'எப்போதும் வெளிநாட்டுப் பயணம்; என்னதான் செய்கிறேன் நான்' - வெளியுறவு அமைச்சர் ஜெய்சங்கர்...   ,0
 ஸ்ரீதேவியுடன் ஜான்வியை ஒப்பிட வேண்டாம் - போனி கபூர்   ,0
 ராஜமவுலி படத்தில் தீபிகா படுகோன்?   ,0
 காமெடி பண்றது ரொம்ப கஷ்டம்! - ‘ப்ரின்ஸ்’ சிவகார்த்திகேயன்   ,0
 உயர் கல்வியில் இந்தி திணிப்பு புகார் எதிரொலி - அறிக்கையை திருத்தம் செய்கிறார்...   ,0
 சிகிச்சையின்போது கட்டுப்பாடு இன்றி உணவுகள் வழங்கப்பட்டதால் ஜெயலலிதா உடல்நிலை வேகமாக மோசமடைந்தது -...   ,0
 ஜெயலலிதா மரணம் | ராமமோகன ராவ் அளித்த சாட்சியம் என்ன?   ,0
 சென்னை | சிறுமியை பாலியல் வன்கொடுமை செய்த இளைஞருக்கு ஆயுள் தண்டனை   ,0
 ஜெ.மரண அறிக்கை!   ,0
 கடத்தப்பட்ட சாமி சிலைகள் உட்பட ரூ.33 கோடி மதிப்பிலான 307 பழங்கால கலை...  ,0
 வாரத்தில் மிகவும் பிடிக்காத நாள் திங்கள்கிழமை - கின்னஸ் அமைப்பு அறிவிப்பு   ,0
 வினாத்தாள் தயாரிப்பு குழுவை கலைக்க வேண்டி வரும் : உயர் நீதிமன்றம் எச்சரிக்கை   ,0
 அரசு பேருந்தின் மேற்கூரையில் கல்லூரி மாணவர்கள் அத்துமீறல்: சமூக வலைதளங்களில் வீடியோ வைரல்   ,0
 தொழிலதிபரை கடத்தி ரூ.25 கோடி நிலம் அபகரித்ததாக புகார்: திமுக பெண் கவுன்சிலர்...   ,0
 ரயிலில் பட்டாசு எடுத்துச் செல்ல கூடாது: ரயில்வே பாதுகாப்பு அதிகாரி அறிவுறுத்தல்   ,0
" 5ஜி, தொலைத்தொடர்பு வேலை 34% அதிகரிப்பு   ",0
" கிரீம்ஸ் சாலை, சுதந்திரா நகர், புஷ்பா நகர் குடிசைப் பகுதி மக்களுக்கு குடியிருப்புகள்:...   ",0
 இந்தியாவில் 15 ஆண்டில் 41 கோடி பேர் வறுமையிலிருந்து மீண்டுள்ளனர் - ஐ.நா.சபையின்...   ,0
 சிவகாசியில் விரைவில் மருத்துவக் கல்லூரி: சட்டப்பேரவையில் அமைச்சர் சி.வி.கணேசன்   ,0
 மத்திய அரசுப் பணிகள்: தமிழர்கள் எங்கே?   ,0
 பல்வேறு கோரிக்கைகளை வலியுறுத்தி ஐசிஎஃப் ஊழியர் ஆர்ப்பாட்டம்   ,0
 T20 WC | சூப்பர் 12 சுற்றில் நுழைவது யார்?   ,0
ப்ரீமியம்  சொல்... பொருள்... தெளிவு | மாறுபட்ட தீர்ப்பு என்றால் என்ன?   ,0
ப்ரீமியம்  கூர்நோக்கு இல்லச் சிறுமிகள்: உரையாடல் தொடங்கட்டும்   ,0
 T20 WC | கார்த்திக் மெய்யப்பனின் ‘ஹாட்ரிக்’ வீணானது - இலங்கையிடம் வீழ்ந்தது...   ,0
 சென்னையில் பழுதடைந்த கழிவுநீர் குழாய்களை அகற்ற திட்ட அறிக்கை: சட்டப்பேரவையில் அமைச்சர் நேரு...  ,0
ப்ரீமியம்  மாய உலகம்! - ஒரு நண்பராக இருப்பது எப்படி?   ,0
 T20 WC | நெதர்லாந்து அணிக்கு 2-வது வெற்றி - நமீபியாவை வீழ்த்தியது   ,0
 டிங்குவிடம் கேளுங்கள்: காடுகள் எப்போது உருவாகின?   ,0
 மூத்த குடிமக்கள் சேமிப்பு திட்ட வட்டி விகிதம் அதிகரிப்பு   ,0
ப்ரீமியம்  ஆழ்கடல் அதிசயங்கள் 25: கணவாய்களின் வளர்ப்புப் பண்ணை!   ,0
 இலங்கையில் சீன ராணுவம் நடமாட்டம்: குமரி கடற்கரை பகுதிகளில் தீவிர கண்காணிப்பு   ,0
 சட்டப்பேரவையில் நடந்த நிகழ்வுகளை கண்டித்து சென்னையில் இன்று அதிமுக எம்எல்ஏக்கள் உண்ணாவிரதம்   ,0
 108 வைணவ திவ்ய தேச உலா | 32. திருமணிமாடக் கோயில்   ,0
 சட்டப்பேரவையில் இந்தி திணிப்புக்கு எதிரான தீர்மானம்; பாஜக வெளிநடப்பு: இதர கட்சிகளின் ஆதரவுடன்...   ,0
ப்ரீமியம்  கொஞ்சம் technique கொஞ்சம் English - 69: Adjective என்றால் என்ன?   ,0
" 21 பேர் மீது நடவடிக்கை, உயிரிழந்தோர் குடும்பங்களுக்கு ரூ.50 லட்சம் இழப்பீடு தர...   ",0
ப்ரீமியம்  சைபர் புத்தர் சொல்கிறேன் - 14: வானிலை விஞ்ஞானியாவது எப்படி?   ,0
ப்ரீமியம்  ஆன்லைன் பார்ட் - டைம் வேலை எனும் ஏமாற்று வேலை   ,0
 நல்லதே நடக்கும்   ,0
ப்ரீமியம்  பெரிதினும் பெரிது கேள் - 14: கல்வியும் தைரியமும் இரு கண்கள்   ,0
 இலங்கை தமிழர்களுக்கு இந்திய குடியுரிமை: உயர் நீதிமன்ற உத்தரவால் அகதிகள் மகிழ்ச்சி  ,0
 கல்வித்துறையில் புதிய மாற்றங்களை கொண்டு வர திட்டம்: அரசு பள்ளி ஆசிரியர்களை மதிப்பிடும்...   ,0
ப்ரீமியம்  அந்த நாள் ஞாபகம் நெஞ்சிலே வந்ததே வந்ததே...   ,0
ப்ரீமியம்  பசுமை பட்டாசுகள் தீர்வாகுமா?   ,0
 இந்தநாள் உங்களுக்கு எப்படி? - 12 ராசிகளுக்கும் உரிய பலன்கள்   ,0
 குஜராத்தில் தீபாவளி பரிசாக 2 இலவச எரிவாயு சிலிண்டர்   ,0
ப்ரீமியம்  பூபுவன் குரங்குகள்   ,0
 தலைமையாசிரியர்களுக்கு தலைமைப்பண்பு பயிற்சி: மதுரையில் நடக்கிறது   ,0
 காங்கிரஸ் தலைவர் தேர்தல் - இன்று முடிவு வெளியீடு   ,0
 அக்.19: இன்று என்ன? - நோபல் புகழ் சுப்பிரமணியன் சந்திரசேகர்   ,0
 அதிக புகழ்பெற்ற உணவாக ஹைதராபாத் ‘ஹலீம்’ தேர்வு   ,0
" கோதுமை, கடுகு உட்பட 6 விளைபொருளுக்கு ஆதரவு விலை அதிகரிப்பு - அமைச்சரவை...   ",0
 இன்டர்போல் 90-வது கூட்டம் டெல்லியில் தொடக்கம் | தீவிரவாதத்தை ஒழிக்க ஒன்றிணைவோம் -...   ,0
 தீவிரவாதிகள் தொடர்புகளை கண்டறிய என்ஐஏ அதிகாரிகள் 3 மாநிலங்களில் சோதனை   ,0
 பாலியல் வன்கொடுமை குற்றச்சாட்டு - மூத்த ஐஏஎஸ் அதிகாரி பணியிடை நீக்கம்   ,0
 16 குளங்களை வெட்டி விவசாயத்துக்கு உதவிய சுற்றுச்சூழல் ஆர்வலர் காமே கவுடா காலமானார்   ,0
 தமிழகத்தின் 23 மாவட்டங்களில் இன்று கனமழை வாய்ப்பு  ,0
" 2022-23-ம் நிதி ஆண்டின் கூடுதல் செலவினங்களுக்காக ரூ.3,796 கோடிக்கு துணை மதிப்பீடுகள் -...   ",0
 சட்டப்பேரவை மரபு சிதைந்து விட்டது - எதிர்க்கட்சித் தலைவர் பழனிசாமி குற்றச்சாட்டு   ,0
 கேதார்நாத் கோயில் அருகே ஹெலிகாப்டர் விழுந்து நொறுங்கி 3 தமிழர் உட்பட 6...   ,0
 ஜெ.வுக்கு சிகிச்சை | சசிகலா உட்பட 4 பேர் குற்றம் செய்தவர்கள் -...   ,0
 ஜவ்வாதுமலை ‘பலாமரத்தூர்’ ஊராட்சியில் சாலை வசதி இல்லாததால் மலைவாழ் மக்கள் வேதனை   ,0
 தென்காசி அருகே மாணவர் தற்கொலை விவகாரம்: பெண் காவல் ஆய்வாளரை கொல்ல முயற்சி...   ,0
 தெற்கு ரயில்வேயில் கடந்த 6 மாதங்களில் 30 கோடி பேர் பயணம்   ,0
 கடந்த ஆண்டுக்கான பயிர்க் காப்பீடு இழப்பீட்டுத் தொகை 856-ல் வெறும் 7 கிராமங்களுக்கு...   ,0
 தீபாவளி பண்டிகை | செகந்திராபாத் - தஞ்சாவூர் இடையே சிறப்பு ரயில் இயக்கம்   ,0
 அருப்புக்கோட்டையில் மனநலம் பாதிக்கப்பட்ட இளைஞர் மர்ம மரணம்: காப்பக ஊழியர்கள் 3 பேரை...   ,0
" தேவகோட்டையில் நடைபயிற்சியின்போது நயமாக பழகி ரூ.36 லட்சம், 50 பவுன் நகைகளை வாங்கி...   ",0
 ராமநாதபுரத்தில் அக்.20-ல் டாடா நிறுவனத்துக்கு பெண் பணியாளர்கள் தேர்வு   ,0
 கொள்ளிடத்தில் விநாடிக்கு 2 லட்சம் கன அடி தண்ணீர் திறப்பு: சிதம்பரம் தீவு...   ,0
 ஆரோவில் மேம்பாட்டுப் பணிகள் குறித்து ஆளுநர் ரவி ஆய்வு   ,0
 அக்.25-ல் சூரிய கிரகணத்தின்போது பழநியில் சுவாமி தரிசனத்துக்கு கட்டுப்பாடு   ,0
 திமுகவின் இந்தி எதிர்ப்பு நாடகம் எடுபடாது: வானதி சீனிவாசன் கருத்து  ,0
" இன்றும், நாளையும் கோவை வழியாக செல்லும் 3 எக்ஸ்பிரஸ் ரயில்கள் மாற்றுப் பாதையில்...   ",0
 ‘‘ஜெ.வின் மருத்துவ சிகிச்சையில் நான் தலையிடவில்லை; விசாரணைக்கு தயார்’’ - ஆறுமுகசாமி ஆணைய...   ,0
 பொங்கலுக்கு வெளியாகும் விமல் - யோகிபாபு படம்   ,0
 இளையராஜாவுடன் இசையிரவு 11 | ‘அம்மானா சும்மா இல்லடா’ - என்றும் மறவாத...   ,0
 மதுரை | சக்கரம் வெடித்து வேன் கவிழ்ந்து விபத்து: சிலிண்டர்கள் சாலையில் உருண்டதால்...   ,0
 கோவை | கல்லூரி மாணவிகளின் பாதுகாப்பை உறுதிப்படுத்த ‘போலீஸ் அக்கா’ திட்டம்   ,0
 விருதுநகர் | தென்மண்டலங்களில் கைப்பற்றப்பட்ட ஒரு டன் கஞ்சா அழிப்பு   ,0
 தமிழகத்தில் புதிதாக 253 பேருக்கு கரோனா பாதிப்பு      ,0
 தீபாவளிக்கு மறுநாள் பகுதி நேர சூரிய கிரகணம் - ‘வெறும் கண்ணால் பார்க்கக்...   ,0
 ஆதீன மடங்கள் அனைத்தும் இந்து சமய அறநிலையத் துறைக்கு கட்டுப்பட்டவையே: உயர் நீதிமன்றம்   ,0
 தீபாவளி சிறப்பு பேருந்துகள்: கோயம்பேட்டை சுற்றியுள்ள பகுதிகளில் போக்குவரத்து மாற்றம்   ,0
" இந்திய ஒற்றுமை யாத்திரை | சரத் பவார், உத்தவ் தாக்கரே பங்கேற்க காங்....   ",0
 2023 ஆசியக் கோப்பைக்காக பாகிஸ்தானுக்கு இந்திய அணி செல்லாது: ஜெய் ஷா   ,0
 பெண்களை ‘ஏமாற்றுகிறார்’ பிரதமர் மோடி: பில்கிஸ் பானு வழக்கில் ராகுல் காந்தி விமர்சனம்   ,0
 மாநில எல்லைப் பகுதிகளில் குறையும் பெண் குழந்தைகள் பிறப்பு விகிதம்: ஸ்கேன் மையங்கள்...   ,0
" நெருங்கும் பருவமழை: 4,916 பள்ளங்களில் 770-ஐ மட்டுமே சீரமைத்துள்ள சென்னை மாநகராட்சி  ",0
 மேட்டூர் அணைக்கு நீர்வரத்து சரிந்தபோதிலும் 11 டெல்டா மாவட்டங்களுக்கு வெள்ள அபாய எச்சரிக்கை...   ,0
 தமிழ்நாட்டுக்கு வழிகாட்டும் பசுமை திருவிழா   ,0
 ரஜினிகாந்த் தனது தகவலின் ஆதாரத்தை உறுதி செய்திருக்க வேண்டும்: அருணா ஜெகதீசன் விசாரணை...   ,0
 தூத்துக்குடி நிலவரம் குறித்து இபிஎஸ்ஸுக்கு நிமிடத்திற்கு நிமிடம் தகவல் பகிர்வு: அருணா ஜெகதீசன்...   ,0
 பாதுகாப்பான உலகிற்கு அனைத்து நாடுகளும் பொறுப்பேற்க வேண்டும்: பிரதமர் மோடி   ,0
 108 வைணவ திவ்ய தேச உலா - 22 | திருவெள்ளியங்குடி கோலவில்லி...   ,0
 ரஷ்ய தாக்குதலால் இருளில் மூழ்கிய உக்ரைன் - மக்கள் பரிதவிப்பு   ,0
 108 வைணவ திவ்ய தேச உலா - 20 | தஞ்சை நீலமேகப்...   ,0
 கேதார்நாத் ஹெலிகாப்டர் விபத்து | பலியான 7 பேரில் மூவர் தமிழகத்தைச் சேர்ந்தவர்கள்    ,0
 ஜெ. மரணம் | மருத்துவத் துறையிடம் ஆறுமுகசாமி ஆணைய அறிக்கை: தமிழக அரசு...   ,0
 நிலையான வளர்ச்சிக்கு ஊழலற்ற நிர்வாகம் மிகவும் முக்கியம்: பினராயி விஜயன்   ,0
 T20 WC: SL vs UAE | ஹாட்-ட்ரிக் விக்கெட் வீழ்த்திய சென்னை...   ,0
 வானிலை முன்னறிவிப்பு: தமிழகத்தின் 23 மாவட்டங்களில் நாளை கனமழை வாய்ப்பு   ,0
 இனிப்பு வகைகளில் நெய்க்கு பதில் டால்டா? - ஆவின் நிர்வாகம் மறுப்பு    ,0
 T20 WC | பாகிஸ்தானை வென்றால் இந்திய அணியால் உலகக் கோப்பையையும் வெல்ல...   ,0
 ‘அலுவல் மொழி குறித்த பரிந்துரைகளை நடைமுறைப்படுத்தக் கூடாது’ - தமிழக சட்டப் பேரவையில்...  ,0
 ஜெருசலேமை இஸ்ரேலின் தலைநகராக அங்கீகரிக்க முடியாது: ஆஸ்திரேலியா   ,0
 டிஎன்சிஎஸ்சி கிடங்கில் தீவிபத்து: உரிய நேரத்தில் கவனித்ததால் 2.50 லட்சம் நெல் மூட்டைகள்...   ,0
 மாணவர்களை நல்வழிப்படுத்த நன்னெறி கல்வி அவசியம்: உயர்நீதிமன்றக் கிளை கருத்து   ,0
 கேதார்நாத் அருகே ஹெலிகாப்டர் விபத்து - 4 பக்தர்கள் உள்பட 6 பேர்...   ,0
 புதுச்சேரியில் தமிழ் வழி மருத்துவக் கல்விக்கு முயற்சி: தமிழிசை தகவல்   ,0
 எதிர்க்கட்சி துணைத் தலைவர் விவகாரம்: அதிமுக எம்எல்ஏக்கள் நாளை உண்ணாவிரதப் போராட்டம்   ,0
 36-வது பிசிசிஐ தலைவராக ரோஜர் பின்னி நியமனம்; விடைபெற்றார் கங்குலி   ,0
 பொருளாதார நடவடிக்கைகளின் தவறுகளுக்காக மன்னிப்புக் கேட்ட பிரிட்டன் பிரதமர் லிஸ் ட்ரஸ்   ,0
 “மாநில அரசுகளின் அதிகாரத்தை பறிக்கவில்லை” - கல்வியை பொதுப் பட்டியலுக்கு மாற்றியதை எதிர்த்த...   ,0
" “அம்மா சன்ஸ்கிரீன் அனுப்பி இருந்தார். ஆனால், நான் அதை பயன்படுத்துவதில்லை” - ராகுல்...   ",0
 நோய் நாடி நோய் முதல் நாடி... - கருணாநிதி தெளிவுரை மேற்கோளுடன் அறிக்கையை...   ,0
 நம்மை காக்கும் 48 திட்டத்தில் இதுவரை ரூ.107 கோடி செலவில் 1.20 லட்சம்...   ,0
 ஆங்கிலத்தை மொத்தமாக அகற்ற பாஜக அரசு முயற்சி: முதல்வர் மு.க.ஸ்டாலின்   ,0
 ஆர்எஸ்எஸ் அணிவகுப்பு | உத்தரவை மறு ஆய்வு செய்யக் கோரிய திருமாவளவன் மனு...   ,0
 18 மாதம் 62 நாடுகள் 7 கண்டங்கள் - அஜித்தின் அசத்தல் பைக்...   ,0
 காவல்துறை வரம்பை மீறி செயல்பட்டுள்ளது: அருணா ஜெகதீசன் அறிக்கையின் முக்கிய அம்சங்கள்  ,0
 ஜெயலலிதா மரணம் | சசிகலா உட்பட 4 பேர் மீது விசாரணைக்கு உத்தரவிட...   ,0
 இலங்கையிலிருந்து தமிழகத்தை உளவு பார்க்கும் சீனப் படைகள்; பாதுகாப்பை வலுப்படுத்த வேண்டும் -...   ,0
 திமுக ஆலோசனைப்படி பேரவைத் தலைவர் செயல்படுகிறார்: இபிஎஸ் குற்றச்சாட்டு   ,0
 தமிழகத்துக்கு ‘படையெடுக்கும்’ மத்திய அமைச்சர்கள்: பா.ஜ.கவினர் உற்சாகம்   ,0
 ஹீரோவாகும் இந்தோனேஷிய தமிழர்   ,0
 ஆறுமுகசாமி ஆணைய அறிக்கைக்கு பதில் சொல்ல பயந்து அதிமுகவினர் நாடகம்: அவை முன்னவர்...   ,0
 காஷ்மீர் | கையெறி குண்டு தாக்குதலில் இரு உ.பி. தொழிலாளர்கள் பலி   ,0
 எதிர்க்கட்சி துணைத் தலைவர் விவகாரம்: பேரவையில் அதிமுகவினர் அமளி    ,0
 இந்தியாவில் நடப்பு ஆண்டின் இறுதிக்குள் ‘ஏகே-203’ ரக துப்பாக்கிகள் தயாரிப்பு?   ,0
 லீனா மணிமேகலை இயக்கத்தில் பார்வதி   ,0
 எதிர்க்கட்சி துணைத் தலைவர் யார் என்பதை பேரவையில் அறிவிப்பேன்: பேரவைத் தலைவர் அப்பாவு   ,0
 அரூர் பகுதியில் விடிய விடிய கொட்டிய மழை: 50 ஆண்டுகளுக்கு பிறகு கல்லாற்றில்...   ,0
 கிராமப்பகுதியில் மருத்துவ சேவை செய்வேன்: தரவரிசையில் முதலிடம் பெற்ற அரசு பள்ளி மாணவி...   ,0
 2022-க்கான புக்கர் பரிசை வென்றார் இலங்கை எழுத்தாளர் சேகன் கருணாதிலக   ,0
 ஆஸ்திரேலிய ஒருநாள் கிரிக்கெட் அணியின் கேப்டனாக பேட் கம்மின்ஸ் நியமனம்   ,0
 ‘பொன்னியின் செல்வனுக்காக தினமும் 3 மணி நேரம்தான் தூங்கினேன்’ - ஒளிப்பதிவாளர் ரவிவர்மன்  ,0
 எயிம்செஸ் ரேபிட் செஸ் - கார்ல்சனை சாய்த்தார் குகேஷ்   ,0
 டாஸ்மாக் ஊழியர்களுக்கு 10 சதவீதம் போனஸ்   ,0
 T20 WC | அயர்லாந்து அணியை வென்றது ஜிம்பாப்வே   ,0
 சென்னையில் காங்கிரஸ் தலைவர் தேர்தல்: தமிழக அளவில் 659 வாக்குகள் பதிவு   ,0
" வரலாற்றை முன்னெடுக்க நடவடிக்கை; திராவிட இயக்கங்கள், கட்சிகளால் பட்டியல் சமூகத்தினருக்கு பாதிப்பு: திராவிட...   ",0
 தலைமை செயலக பணி தேர்வுக்கு அரசு சார்பில் இலவச பயிற்சி: பயிற்சி மைய...   ,0
 காங்கிரஸ் தலைவர் தேர்தல் முடிந்தது - நாளை முடிவுகள் வெளியீடு   ,0
 2-வது நாளாக சென்னையில் அதிகாரிகள் ஆய்வு: வாடகை தாய் விவகாரத்தில் விதி மீறினால்...   ,0
 ஒரு திரைப்படம் தரும் செய்தி   ,0
 8 வயது சிறுமிக்கு பாலியல் தொல்லை: யோகா ஆசிரியருக்கு ஆயுள் தண்டனை   ,0
 2030-ம் ஆண்டுக்குள் இந்தியா 2 டிரில்லியன் டாலர் ஏற்றுமதி இலக்கை அடையும்: மத்திய...   ,0
 பெண் விவசாயிகளுக்காக அதானி பவுண்டேஷன் புதிய திட்டம் அறிமுகம்   ,0
ப்ரீமியம்  தீர்ப்புகள் பலவிதம் ஒவ்வொன்றும் ஒருவிதம்   ,0
 மாணவி சத்யா கொலை வழக்கு விவகாரம்; உயர் அதிகாரிகளுடன் சிபிசிஐடி ஆலோசனை: உறவினர்களிடம்...   ,0
ப்ரீமியம்  நெல் கொள்முதல்: தேவை கொள்கையில் மாற்றம்!   ,0
 ரூ.194 கோடி நன்கொடை பெற்ற டிஆர்எஸ் கட்சி  ,0
ப்ரீமியம்  தோனியின் ஏழு அவதாரங்கள்!   ,0
 தீபாவளி பண்டிகையை முன்னிட்டு சென்னை தீவுத்திடலில் பட்டாசு விற்பனை தொடங்கியது: பொதுமக்கள் ஆர்வத்துடன்...   ,0
ப்ரீமியம்  ஆங்கிலத் திறனை வளர்ப்பது எப்படி?   ,0
ப்ரீமியம்  ஆங்கிலம் அறிவோமே 4.0 - 4: எலெக்ட்ரிக்கா எக்லெக்டிக்கா?   ,0
 உப்பு கரைசல் கண்டுபிடித்து பலரை காப்பாற்றி ‘ஓஆர்எஸ்’ தந்தை என்று புகழப்பட்ட பிரபல...   ,0
 சேதி தெரியுமா?   ,0
 கம்யூனிஸ்ட் மாநாட்டில் கல்வான் மோதல் வீடியோ வெளியீடு - பகையை தூண்டுவதாக சீனா...   ,0
 இலங்கையில் தொடரும் நெருக்கடி: 6 பேர் அகதிகளாக தனுஷ்கோடி வருகை   ,0
 ஏழைகளுக்கான ஜன்-தன் வங்கி கணக்குகளில் ரூ.25 லட்சம் கோடி வரவு வைப்பு -...   ,0
 பாலியல் வழக்கில் பெண் பிறழ்சாட்சியாக மாறினாலும் மருத்துவ ஆவணத்தின்படி தண்டனை வழங்கியது செல்லும்:...   ,0
 108 வைணவ திவ்ய தேச உலா - 31.திருச்செம்பொன் செய் கோயில்   ,0
ப்ரீமியம்  கொஞ்சம் technique கொஞ்சம் English - 68: Future perfect - passive...   ,0
 சிதம்பரத்தில் மறியல் போராட்டம் நடத்திய 25 தீட்சிதர்கள் மீது வழக்கு   ,0
ப்ரீமியம்  மகத்தான மருத்துவர்கள் - 14: காலராவை ஒழிக்க போராடிய டாக்டர் சாம்புநாத் டே   ,0
ப்ரீமியம்  சின்னச் சின்ன மாற்றங்கள் - 14: நூலகத்தைத் தட்டி எழுப்பு   ,0
ப்ரீமியம்  அறிவியல்ஸ்கோப் - 14: உலோக மூக்கு விஞ்ஞானி  ,0
ப்ரீமியம்  மொழிபெயர்ப்பு: இரண்டு கைப்பிடி நிறைய புகை   ,0
 நல்லதே நடக்கும்   ,0
 திருவள்ளூர் | ஸ்மார்ட் பிளஸ் பிளஸ் தரத்துக்கு மாறிய அங்கன்வாடி மையங்கள்: வண்ண...   ,0
 சிவப்பு பலூன் சிறுவனும் நீல பலூன் சிறுமியும்   ,0
 சுவாச கோளாறால் சிகிச்சை பெற்று வரும் மாணவர்கள்: ஓசூர் மேயர் சத்யா நேரில்...   ,0
ப்ரீமியம்  பார்வை இழந்த மாணவர்களின் தமிழ் தாகம் தணியட்டும்   ,0
 ஜூடோ போட்டியில் தங்கப்பதக்கம்: மாணவர்களுக்கு ஆட்சியர் வாழ்த்து   ,0
 இந்தி எதிர்ப்பு போராட்டம் குறித்து இன்று விவாதம்: பேரவை கூட்டம் 2 நாட்கள்...   ,0
 இந்தநாள் உங்களுக்கு எப்படி? - 12 ராசிகளுக்கும் உரிய பலன்கள்   ,0
 அக்.18: இன்று என்ன? - பல்துறை வித்தகரான கணினி தந்தை   ,0
 புதிய தலைமை நீதிபதியாக டி.ஒய்.சந்திரசூட் நியமனம்   ,0
" எலிசபெத், முலாயம் சிங் உள்ளிட்டோருக்கு சட்டப்பேரவையில் இரங்கல்: முதல்வர், உறுப்பினர்கள் மவுன அஞ்சலி   ",0
 புதிய வகை கரோனா பரவல் - இந்தியாவுக்கு அச்சுறுத்தல்   ,0
 நாட்டில் வெறுப்பு சூழல் மாறி அமைதி நிலவ ஆர்எஸ்எஸ் அமைப்புடன் பேச்சு நடத்த...   ,0
 2 தொழிலதிபர்கள் காரில் ரூ.8 கோடி பறிமுதல்   ,0
தோனியின் ஏழு அவதாரங்கள்!,0
டி.ஜே. பிளாக் ஆனது எப்படி?,0
பாப்கார்ன்: இப்படியும் ஒரு சாதனை,0
தமிழ்த் திரைப்பட தயாரிப்பில் களமிறங்கும் தோனி... பாலிவுட் புறக்கணிப்பா?!,0
காலத்தை வென்ற கதை!,0
இது டாய் ஃபிரெண்ட் அல்ல.. பாய் ஃபிரெண்ட்!,0
பாப்கார்ன்: ட்விட்டரிலும் கிங்,0
இந்தியாவின் மோனலிசா - வைரலாகும் மீம்ஸ்,0
விளையாட்டுக் களம்: ஃபெடரர் ‘தி கிரேட்’,0
பாப்கார்ன்: யூடியூப் கிராமம்!,0
10 ஆண்டுகள்; 10 மாற்றங்கள்,0
இளைஞர்களைத் துள்ளவைத்த 10 பாடல்கள்,0
திரும்பி வந்துட்டேன்னு சொல்லு!,0
வைரல் உலா: சோலோ காதல்; ஹோலோகிராம் மனைவி!,0
யூடியூப் உலா: ஒரு யூடியூபர்; ஓஹோவென டாப்பர்,0
பாப்கார்ன்: இப்படியும் ஒரு தோடு!,0
சமூக ஊடகக் களம்: டிரெண்டிங்கை மாத்திக்கோ!:,0
‘என் சென்னை யங் சென்னை’ விருதுகள்!,0
சென்னை தினம் 2022: வடசென்னையின் மரடோனாக்கள்!,0
அது ஒரு அழகிய ‘மொஃபா’ காலம்!,0
"மாத்தி யோசி 9: ஆக, இனி செல்ஃப் மார்க்கெட்டிங் பண்ணுங்க!",0
இந்தியா 75: பாய்ச்சல் காட்டிய தொழில்நுட்பங்கள்,0
இந்தியா 75: உலகம் வியந்த இந்தியர்கள்!,0
காமன்வெல்த் போட்டி 2022: வலு காட்டிய இந்தியா!,0
தலைவர் படமல்ல: சிவாஜி பார்ட் 2,0
பாப்கார்ன்: குகையில் இசைக் கச்சேரி,0
மாத்தி யோசி - 8: நிம்மதி உங்கள் சாய்ஸ்!,0
சென்னை செஸ் ஒலிம்பியாட் 2022: சாதிக்கக் காத்திருக்கும் இளம் ஆடவர் அணி,0
காமன்வெல்த் விளையாட்டுப் போட்டி 2022: தங்கம்தான் எங்கள் இலக்கு!,0
இதை இட்லின்னு சொன்னா சட்னியே நம்பாது!,0
மாத்தி யோசி -7: எனக்கு எல்லாம் பயமயம்!,0
இமோஜி: இளைஞர்களின் புது மொழி!,0
உலகின் வித்தியாசமான படுக்கைகள்!,0
ஒரு தலைவன் இருக்கிறான்!,0
பாப்கார்ன்: வைரல் பீட்சா!,0
வைரல் உலா: பார்த்துப் பண்ணுங்க தம்பிகளா!,0
மாத்தி யோசி - 6: நேசி - எதுவும் ரொம்ப ஈஸி!,0
கூலிங் கிளாஸின் நாயகன்!,0
90’ஸ் கிட்ஸ்களுக்கு வந்த சோதனையா இது?,0
பாப்கார்ன்: ஸ்மார்ட்டா தண்ணி குடிங்க,0
வாட்ஸ் அப் உரையாடலில் Hey சொல்வது தவறா? இந்தியா முழுவதும் வைரலாகும் உரையாடல்,0
உலகின் (அவ)லட்சணமான நாய்!,0
மாத்தி யோசி - 5: படித்த எல்லாருமே ஏன் பெரிய ஆளாக ஆவதில்லை?,0
நீங்கள் ஹாரி பாட்டர் ரசிகர் இல்லையா?,0
பாப்கார்ன்: இது மனித காதல் அல்ல!,0
இனி டிவிட்டரில் கட்டுரையே எழுதலாம்!,0
ஆப்பிளுக்குக் காசுகொடுக்கும் கூகுள்!,0
இசை உலகம்: மீண்டும் கேட்குமா பிடிஎஸ்ஸின் சங்கீதம்?,0
தினேஷ் கார்த்திக்: மவுசு குறையாத டி20 ஸ்பெஷலிஸ்ட்!,0
அறிவியல் ஆசிரியரின் வைரல் காணொளி,0
இன்ஸ்டா இனி முழுத் திரையில் காணலாம்!,0
மாத்தி யோசி 4: டேக் இட் ஈசி பாலிசி!,0
லிடியன் நாதஸ்வரத்தின் புதிய ஜாஸ் ஆல்பம்,0
நினைவுகளை மீட்டெடுத்த பழைய பாடல்கள்,0
ஒவ்வொரு டி20 தொடருக்கும் ஒவ்வொரு கேப்டன் தேவையா?,0
புகழ்பெற்ற ‘லோகோ’க்களின் ரகசியங்கள்,0
தமிழில் வெப்சைட்டுகளைப் பார்க்க வேண்டுமா?,0
கம்பீரம் வீசும் அரண்மனை,0
இணையத் துடிப்பை நிறுத்திக்கொண்ட இன்டர்நெட் எக்ஸ்ப்ளோரர்,0
சென்னை செஸ் ஒலிம்பியாட்டில் தமிழ்த் தாய் வாழ்த்துப் பாடல் பாட வாய்ப்பு.. உடனே விண்ணப்பியுங்கள்!,0
துள்ளுவதோ இளமை: சிவப்பு மஞ்சள் பச்சை!,0
உயரம் தாண்டிய தங்கத் தாரகை!,0
99 நகரங்களை 99 மணிநேரத்தில் காரில் கடந்து சாதனை படைத்த கோவையைச் சேர்ந்த உடற்பயிற்சியாளர்,0
கணினியை ஷடவுன் செய்ய சிம்பிள் வழி!,0
மீம்ஸ் பேட்டை: கமலின் விக்ரம் படம்.. இணையத்தைத் தெறிக்கவிடும் நெட்டிசன்கள்!,0
இளமை களம்: இசையான இருவர்,0
பைரவரான இளைஞர்!,0
நகங்களை அழகாக காட்டும் பூச்சுகள்!,0
யூடியூப் உலா : காட்டுக்குள்ளே ஒரு சமையல் திருவிழா,0
பழைய பஸ் இன்று வகுப்பறை,0
உலகின் அற்புதமான 10 இயற்கை நிகழ்வுகள்,0
மாற்றுத்திறனாளிகளுக்காகப் புதுவித ஸ்கூட்டர்,0
மாத்தி யோசி 3: கொஞ்சம் புரோ ஆக்டிவ் ஆகுங்களேன்!,0
யூடியூப் உலா: பொங்கும் கொங்குத் தமிழ் ,0
மனதை மயக்கும் இணைய பரிசுகள்!,0
இன்ஸாடகிராமில் 86% வன்முறை உள்ளடக்கம் அதிகரிப்பு,0
20-வது நினைவு நாள்: ஹன்சி குரோனியே - கேப்டன்களின் ராஜா!,0
கீப் இட் அப்,0
"யூடியூப் உலா: காசு, பணம், துட்டு, மணி மணி.!",0
புகைப்பதை நிறுத்த 10 வெற்றிகரமான வழிகள்,0
மீம்ஸ் பேட்டை: ஜூன் மாதத்தில் பள்ளிகள் திறப்பு மீம்களால் களைகட்டும் இணையம்,0
ஐபிஎல் 2022 - இவர்கள் வருங்காலத் தூண்கள்!,0
பரிசுகள் வழியே புன்னகை,0
வில்லுப்பாட்டு ராப்,0
டெக் ஷார்ட்கட்ஸ்: பயன்படுத்திய அலைப்பேசியை வாங்க போகிறீர்களா?,0
மாத்தி யோசி 2: வாயை மூடிப் பேசவும்!,0
யூடியூப் உலா: சோதனையின் சாதனைகள்!,0
கோடைக்கால பயிற்சி முகாம்கள்: ஓர் அலசல்,0
இளமை களம்: ஓர் இளைஞரின் கனவை நனவாக்கிய ஜீப்!,0
நம்ம ஊரு பையன் உலக நாயகன்!,0
செயலி உலா: கணக்கை எளிதாக்கும் கூகுளின் சாக்ரடிக்,0
யூடியூப் உலா: தகவல் பொக்கிஷம்!,0
மாத்தி யோசி - 1 காக்கா பிடிப்பேன்... காரியத்தை முடிப்பேன்!,0
உங்களுக்குத் தெரியுமா? | டெய்ஸியின் மாயாஜாலம்,0
டெக் ஷாட்கட்ஸ்: வாட்ஸ் அப் தந்திரங்கள்,0
மெர்சலாக்கும் மாயாஜாலம்!,0
யூடியூப் உலா: அலைவரிசைகளின் பிக்பாஸ்!,0
டெக் ஷாட்கட்ஸ்: வாட்ஸ் அப்பின் புதிய அப்டேட்,0
சென்னையில் பேருந்துப் பயணத்தை எளிதாக்கும் செயலி,0
டெக் ஷார்ட்கட்ஸ் - தெளிவற்ற வீடியோக்களைச் சரிசெய்ய உதவும் கூகுள்,0
யூடியூப் உலா: ‘தல’ கானா Vs ‘தளபதி’ கானா,0
ஒரு முகம்; ஆறு கண்கள்!,0
டெக் ஷார்ட்கட்ஸ் - ஒளிப்படங்களை அன்லிமிடடாக சேமிப்பது எப்படி?,0
வெயிலிலும் கூடவே வரும் வடிவேலு.. வயிறு குலுங்க சிரிக்க வைக்கும் மீம்கள்,0
யூடியூப் உலா: சேட்டைகளின் ராஜா!,0
டெக் ஷார்ட்கட்ஸ்: யூ டியூப்பில் ஆடியோ மட்டும் கேட்க வேண்டுமா?,0
எங்கே போய் முடியும் ரீல்ஸ் மோகம்?,0
"இ-பாய், இ-கேர்ள் கலாச்சாரம் தெரியுமா?",0
டெக் ஷார்ட்கட்ஸ்: தண்ணீரில் விழுந்த மொபைலைச் சரி செய்வது எப்படி?,0
லாரா பிறந்தநாள்: டெஸ்ட் கிரிக்கெட்டின் ராஜாதி ராஜா!,0
டெக் ஷார்ட்கட்ஸ் - அலைப்பேசியில் தமிழில் எழுதுவது எப்படி?,0
குருப்-4 தேர்வு: பயிற்சிக்குத் தேவையான புதிய பகுதி!,0
டெக் ஷார்ட்கட்ஸ் - 2: கணினியில் Voice typing செய்வது எப்படி?,0
பிரெட்டிலே கலைவண்ணம் கண்டார்!,0
காதல் பொருட்கள்: காதலன் வீட்டில் லைட் போட்டால் காதலி வீட்டில் விளக்கெரியும்!,0
கோலி எப்போது ஃபார்முக்கு வருவார்?,0
ட்விட்டர் என்ன ரேட்? 2017-ல் கேட்ட மஸ்க்,0
டெக் ஷார்ட் கட்ஸ் - 1: நொடிப் பொழுதில் டைப்பிங்,0
செண்டம் வாங்க செம்மையான டிப்ஸ்!,0
எகிறும் சைக்கிள் விற்பனை,0
செயலி உலா: கணித சமன்பாடுகளுக்கு நொடியில் தீர்வளிக்கும் போட்டோமேத் செயலி,0
‘ராப்' தலைமுறைக்கு ‘நகுமோ’,0
கெட்டில்பெல் ஒர்க் அவுட் தெரியுமா?,0
கிராமி விருதை வசமாக்கிய இந்திய இளைஞர்கள்,0
யூடியூப் உலா: இளம் பெண்ணின் காமெடி தர்பார்!,0
டேட்டிங் செயலிகள்: உள்ளங்கையில் ஆபத்து!,0
"ஒரே அணி, ஒரே இடம், ஒரே மாதம், ஒரே ஒரு லாரா.!",0
வைரல் உலா: கிரீன் ரிக்‌ஷா..! கார்டனை போல ரிக்‌ஷாவை மாற்றிய ஓட்டுநர்!,0
காகித உலக சாம்பியன்கள்!,0
பாரம்பரிய திருவிழா | வசந்தக்கால பொம்மைகள்!,0
ஜல்சாவில் கலக்கும் ‘ஆயுஷ்’ சூர்யா!,0
பாப்கார்ன் | மீம்கள் கைகொடுக்குமா?,0
இளமைக் களம் | வட சென்னை நாயகர்கள்!,0
பாப்கார்ன் | தண்ணீருக்குள் ராஜநடை,0
இளமைக் களம் | தலைநகரின் தெருப் பாடகர்கள்!,0
எண்ணமெல்லாம் வண்ணமம்மா!,0
செஸ் விளையாட்டின் தலைநகரம் சென்னை!,0
பாப்கார்ன் | மியான்தத்-சச்சின்-மிதாலி,0
சென்னை அணியின் சிலம்பு சாகசம்!,0
சேதி தெரியுமா?,0
அஞ்சலி: ஷேன் வார்ன் 1001,0
கதைப்போமா அறிவியல் - 25: சத்தம் போடாதே!,0
சேதி தெரியுமா?,0
எளிமையே வாழ்க்கை: எளிமையே கவிதை,0
கதைப்போமா அறிவியல் 23: கிரிப்டோ - மாயப் பணம் மாயமாகும் கதை!,0
ஒளிப்படக் கலையை நம்முள் கடத்தும் ‘குவியம்’,0
சேதி தெரியுமா?,0
இசையில் சங்கமித்த இருவர்!,0
நம்மைச் சுற்றும் சூழலியல்!,0
தாத்தா ஒலிம்பிக் ஹீரோ: பேரன் உலகக் கோப்பை ஹீரோ!,0
கதைப்போமா அறிவியல்? - 20: ஒரு புதிர் விளையாட்டும் எலியும்!,0
ஓர் அறிவுப் பெட்டகம்,0
சேதி தெரியுமா?,0
பாப்கார்ன்,0
கதைப்போமா அறிவியல்? 20 - நானோ: அதிரப்போகும் எதிர்காலம்!,0
கதைப்போமா அறிவியல் 19 - காபி: ஒரு கோப்பை அறிவியல்!,0
மக்களைப் பாடும் கலைஞன்!,0
அதிரவைத்த கிங் கோலி!,0
கதைப்போமா அறிவியல்?: மூக்கு பைனாகுலர்!,0
கதைப்போமா அறிவியல் 17: தலைமுறைகளின் தனி வழி!,0
2022: சமூக ஊடகங்களின் பங்கு எப்படி இருக்கும்?,0
கதைப்போமா அறிவியல் 16: மனிதனின் அடுத்த பாய்ச்சல்!,0
கதைப்போமா அறிவியல் 15: பாய்ச்சல் காட்டிய தொழில்நுட்பங்கள்!,0
சோதனை ஆண்டில் பேசப்பட்டவை!,0
காவிரிக் கரையில் பூத்த அந்தி மல்லி!,0
கதைப்போமா அறிவியல் 14: நவரச ஹார்மோன்கள்!,0
இணைய அடிமைகளாகும் இளைய தலைமுறை,0
கதைப்போமா அறிவியல்? - பெயர்களின் விநோதங்கள்!,0
நகைச்சுவையின் விலை அதிகம்,0
கதைப்போமா அறிவியல் 12 - பராக் பராக்: இது ஒரு ட்விட்டர் கதை!,0
பாப்கார்ன்: பாஸ்வேர்டு பரிதாபங்கள்!,0
கதைப்போமா அறிவியல் 11: சிறுகோளே இதோ வர்றோம்!,0
ஃபேஸ்புக் போனால் பழுக்கும் கன்னம்!,0
கதைப்போமா அறிவியல் 10: வலியை அழிக்கும் புதிய அறிவியல்!,0
இரண்டு குடம் தண்ணீரில் 200 கி.மீ. கார் பயணம்!,0
சென்னை வெதர் பிளாக்கர்கள் பராக்!,0
கதைப்போமா அறிவியல் 8: உடலை ஊடுருவும் தொழில்நுட்பங்கள்!,0
இணைய களம்: யூடியூப் தீபாவளி!,0
கதைப்போமா அறிவியல் 7: பயம் மகிழ்ச்சியைக் கொடுக்குமா?,0
பாப்கார்ன்: கூகுளில் வரும் புதிய அம்சம்,0
கதைப்போமா அறிவியல் 6: மனிதருக்குப் பொருந்துமா விலங்கு உறுப்பு?,0
கதைப்போமா அறிவியல் 5: நோபல் நாயகர்கள்!,0
இளமைக் களம்: பேசவைத்த வெற்றி!,0
கலாம் கண்ட கனவு நிறைவேறுகிறதா?,0
கதைப்போமா அறிவியல் 4: வெறுப்புப் பதிவுகளால் சம்பாதிக்கிறதா ஃபேஸ்புக்?,0
இளமைக் களம்: ஒரே தொடர் ஓஹோன்னு புகழ்!,0
கதைப்போமா அறிவியல் 03: நடக்கட்டும் நாக்கு ஆராய்ச்சி!,0
வைரல் உலா: இட்லிக்கு வந்த சோதனை!,0
நட்பைக் காப்பாற்றும் வழிகள்!,0
கதைப்போமா அறிவியல் 2: ஆர்க்கா எனும் ஆபத்பாந்தவன்!,0
விளையாட்டு வீரர்களின் மனநலம்: காலத்தின் கட்டாயம்,0
கதைப்போமா அறிவியல்: அமெரிக்காவை உலுக்கும் ஸ்டார்ட் அப் ஊழல்,0
“பாரதி என்றென்றைக்கும் தேவைப்படுவான்” - பேராசிரியர் சா.பாலுசாமி,0
அடுத்த தலைமுறையின் அதிரடி டென்னிஸ்!,0
சொக்கத் தங்க சாம்பியன்கள்!,0
இளமை களம்: முடக்கிய போலியோ.. முடங்காத பவினா!,0
இது டிரெண்டிங்: சவாலுக்கு வந்த சோதனை!,0
லண்டன் லார்ட்சில் வடிவேல் காமெடி!,0
சென்னை தினம்: இணையத்தில் சென்னை புராணம்!,0
உயிர் துறந்து வளர்த்த சுதந்திரத் தீ!,0
மனங்களை வென்றவர்கள்,0
வெள்ளி முதல் தங்கம் வரை!,0
ஒலிம்பிக் 2020: அதிர வைத்த இந்திய ஹாக்கி!,0
வைரல் உலா: ஏழாம் மனிதனின் ஏழு அவதாரங்கள்!,0
பளபளக்கிற ரசிகர் பட்டாளம்!,0
திருமண நேரத்திலும் வேலை!,0
பதக்க நாயகி: முத்தான முதல் பதக்கம்!,0
இனி செஞ்சுரிதான்!,0
இந்தியாவின் ‘முதல்’வர்கள்!,0
சமூக மனசாட்சியின் கண்,0
இணையவழி இசை நிகழ்ச்சி மூலம் எளியவர்களுக்கு உதவி,0
தமிழக ஒலிம்பிக் நாயகர்கள்: டேபிள் டென்னிஸின் சென்னை முகங்கள்!,0
யூடியூப் உலா: வெற்றிக்கொடி கட்டிய வயக்காட்டுச் சமையல்கட்டு!,0
யூடியூப் உலா: இலக்கியம் வளர்க்கும் இளைஞர்கள்!,0
தமிழக ஒலிம்பிக் நாயகர்கள்: சென்னைப் பசங்களின் எதிர்நீச்சல்!,0
சுயமரியாதை மாதம் ஜூன்: நிழலும் நிஜமும்!,0
இறுதியில் சொதப்புவது எப்படி?,0
மெய்நிகர் உடற்பயிற்சி!,0
15 ஆண்டுகள் எடுக்கப்பட்ட ஆவணப்படம்!,0
ஜெர்மன் பாடலுக்கு இசையமைத்த மலையாளி சகோதரிகள்,0
வைரல் உலா: ஒரே செயல்; ஓஹோன்னு புகழ்!,0
கைக்கு எட்டும் தொலைவில் பேராபத்து!,0
பாப்கார்ன்: யூடியூபில் புதிய அப்டேட்,0
கிளப் ஹவுஸ்: அரட்டையும் அச்சுறுத்தலும்,0
குறும்படப் பார்வை: மகிழ்ச்சியின் ஊற்று இந்த ‘மாஸ்க்’,0
எஸ்.பி.பி.யின் பழைய மெலடியை மீட்டெடுக்கும் ‘காத்தாடி மேகம்’!,0
இணையத்தில் உதவும் இளம் தலைமுறையினர்,0
இளமைக் களம்: உயிர் காத்த இளம் தலைமுறையின் வேகம்!,0
ஃபேஸ்புக்கில் பணம் இழக்காமல் இருப்பது எப்படி?,0
பயணத்தை எளிதாக்கலாம்: 'வாட்த்ரீவேர்ட்ஸ்'- தடம் அறிதலின் புது மொழி,0
பாப்கார்ன்: ஃபிட்னஸ் முக்கியம்,0
இனி இணையத்திலும் விவாதிக்கலாம்!,0
காதல் நினைவை உடைக்க 10 ஆயிரம் கி.மீ. பயணம் செய்த இளம்பெண்,0
பாப்கார்ன்: மீண்டும் நீல டிக்,0
தொண்ணூறுகளின் ராஜா!,0
பாப்கார்ன்: கவச உடை சேவை!,0
"யூடியூப் உலா: கிருமியா, விஷமியா, எனிமியா?",0
ஒலிம்பிக் நாயகர்கள்: முத்திரை பதிப்பாரா மூன்றாம் ஜாக்கி?,0
வைரல் உலா - ‘தனி ஒருவன்’களின் ஆக்சிஜன் உதவி!,0
"அந்த ஒரு நிமிடம் 04: கவலைப்படாதே, சும்மா அடிச்சு நொறுக்கு!",0
கலைடாஸ்கோப்: காதல் டாம் அண்ட் ஜெர்ரிகள்,0
அந்த ஒரு நிமிடம் 3: தயக்கத்தைத் தகர்த்தெறிந்த வெற்றி,0
பாப்கார்ன்: வைரலான ரஷ்புதின்,0
அந்த ஒரு நிமிடம் 2: கவனம் சிதறிய சிறுவனின் விஸ்வரூபம்!,0
இளமைக் களம்: சென்னை பிகிலு!,0
பாப்கார்ன்: இது தேவையா?,0
கலைடாஸ்கோப்: மனிதர்களை வசியப்படுத்தும் மந்திரம்,0
அந்த ஒரு நிமிடம்: வலது இடது சங்கமம்!,0
ஒரு விரல் புரட்சிக்குத் தயாரா?,0
"முதல் வாக்காளர்கள்: என் வாக்கு, என் உரிமை!",0
இளமை களம்: மின்னல் தமிழச்சி!,0
புத்தரான டிரம்ப்!,0
இளைஞர் களம்: என் வாக்கு யாருக்கு?,0
"அப்போ பச்சைக் குத்து, இப்போ டாட்டூ குத்து!",0
மெய்நிகர் தேர்தல்!,0
பெண் எழுத்து: ஆறாத பெருவலி,0
"நூலை படிக்கலாம், கேட்கலாம்!",0
இளமை களம்: அசத்தும் ஆல்ரவுண்டர் அஷ்வின்!,0
சீன விளையாட்டின் தமிழக ஹீரோ!,0
சென்னை இளைஞரின் மீட்பு ட்ரோன்கள்!,0
வாலன்டைன் தினம்: காதல் பரிசு!,0
நம்பிக்கை ஓவியங்கள்!,0
"100 நாள்கள், நொடிகள், பாடல்கள்!",0
ஊரே காட்சி மேடை!,0
"வைரல் உலா: பஞ்சாப் வசனம், மகாராஷ்டிர ராப், தமிழ் இன்ஸ்டா!",0
இளமைக் களம்: பிரிஸ்பேனில் வென்ற சாமானியர்கள்!,0
பற…பற… சைக்கிளில் பற…,0
முன்னுதாரண சேலத்து இளைஞர்கள்,0
"தித்திப்பு பாதி; வேட்டி, சேலை மீதி!",0
அஞ்சலில் வந்த சிலிர்ப்பு!,0
மாயமாய் மறையும் உரையாடல்!,0
"காதல் கரண்டி, பட்டன்!",0
விடைபெறும் 2020: சோதனை ஆண்டில் சாதித்த இளைஞர்கள்!,0
சேதி தெரியுமா?,0
உலகை கலக்கிய கரோனா வைரல்கள்,0
வெச்ச குறி தப்பாது!,0
2020 இணைய உலகம்: இந்தியர்கள் யாரைத் தேடினார்கள்?,0
எப்படி வருகிறார்கள் அம்பயர்கள்?,0
பொறி பறக்கும் இசை!,0
இணையம்: அந்த ஒரு நிமிடம்!,0
சாதிக்கும் இளமை: சின்னப்பம்பட்டி யார்க்கர் மன்னன்!,0
‘கடவுளின் கை’களைப் பற்றிய கால்பந்துக் கடவுள்,0
காட்டுயிர் நாயகி!,0
சமூக ஊடகத்தில் அதிகம் புழங்குபவரா நீங்கள்?,0
இகா யுகம்!,0
யூத் தீபாவளி!,0
யூடியூப் களம்: துப்பறிவாளர்களாக மாறும் யூடியூபர்கள்,0
இணையம்: அந்த ஒரு நிமிடம்!,0
இது புதுசு: தாடிக்குப் பின் தாரகை!,0
ஆடும் கால்கள்; இசைக்கும் கைகள்!,0
‘உயர்ந்த' சாதனை!,0
ஹாட்ரிக் ஸ்வேதா!,0
இந்திய ஜோடியின் முதல் டிரைவ்-இன் திருமணம்!,0
ஆளுக்கேத்த கிரிக்கெட் பேட்!,0
புதுமைக் களம்: இது கண்ணாடி கிளிக்!,0
டிரெண்டிங் உலகம்: கட்டம் கட்டும் உடைகள்!,0
அக்.1 உலக காபி நாள்: ஒரு கோப்பை சுவை!,0
காதல் 'பிரேக் அப்'புக்கு ஒரு கடை!,0
ஒரு பெண்ணின் சொல்ல மறந்த கதை!,0
இளசுகள் விரும்பும் ‘சுட்ட’ முடி!,0
எதிர்கொள்ளலின் படிமங்கள்: சர்வதேச இணைய ஒளிப்படக் காட்சி,0
கரோனாவில் கொடிகட்டும் யூடியூபர்கள்!,0
மிதக்கும் திரையரங்கம்!,0
வந்துவிட்டது மூளையை இயக்கும் சிப்,0
வைரல் உலா: நாய்களைப் பின்தொடரும் கோடி ரசிகர்கள்!,0
இது எமோஜிக்களின் ‘மாஷ்-அப்’ காலம்!,0
உங்களில் யார் அடுத்த எம்.எஸ். தோனி?,0
காதலிப்பதை சமூக ஊடகத்தில் வெளிப்படுத்தலாமா?,0
கானாவில் அசத்தும் ‘பிளாக் பாய்ஸ்’,0
வைரல் உலா: ஸ்ட்ராபெர்ரி பெண்ணே...!,0
ஆகஸ்ட் 22: சென்னை தினம் - ஒவ்வொருவருக்கும் சென்னை நினைவு!,0
கரோனா வைரல்கள்: டெலிவரி நாய்!,0
இந்தத் தலைமுறையின் மொழி,0
நண்பர்களுக்கு என்ன தரலாம்?,0
வாங்க எழுதிப் பழகலாம்!,0
இனிமே இப்படித்தான்!,0
"காதல், திருமணம், மகிழ்ச்சி!",0
யூடியூப் உலா: அய்யோ வட போச்சே!,0
கரோனாவால் மாறிய கிரிக்கெட்!,0
குலைந்துபோன குற்றால சீஸன்!,0
கரோனா காலம்: கண்களால் சிறைபடப்போகும் உலகம்!,0
"கரோனா காலம்: வீட்டில் இருக்கும்போது, சும்மா இருப்பானேன்?",0
கரோனா காலம்: தனிமையின் பிடியில் இளைஞர்கள்!,0
வைரஸ் உலா: பெயரை மாற்றினால் மட்டும் போதுமா?,0
டெல்லியிலிருந்து சென்னைக்கு...ஒரு கரோனா டைரி!,0
இவை முகக்கவசம் மாதிரி!,0
தோல்வியும் சூப்பர் ஸ்டாராக்கும்!,0
குடும்பத்தினரே புரிந்துகொள்ளாவிட்டால் வேறு எங்கே செல்வேன்?,0
கரோனாவுக்கு ஏன் சென்னையைப் பிடிச்சிருக்கு?,0
கரோனா காலக் கல்யாணங்கள்!,0
கரோனா வாழ்க்கை: செவிலியர் ரோபாட்!,0
சென்னையின் ‘ராப்’ ரோஜா!,0
இனி பொம்மைகளுடன் சாப்பிடலாம்!,0
கரோனா வாழ்க்கை: விளையாட்டு இனி என்னவாகும்?,0
ஓ ஆல்மைட்டி மை சோல் டெய்ட்டி,0
கரோனா: கைகொடுக்கும் புத்தாயிரத்தின் இளைஞர்கள்,0
கரோனா காலம்: இளைஞர்களுக்கு எப்படிப் போகிறது ஊரடங்கு?,0
கரோனா வாழ்க்கை: புரிதலைச் சாத்தியப்படுத்திய நேரம்!,0
ஊரடங்கு பொழுதுகளும் சமூக ஊடகங்களும்,0
கரோனா வாழ்க்கை: ஒரு ஹோட்டல்... ஒரு டேபிள்.!,0
இப்போது என்ன செய்கிறேன்? - குழந்தைகளைக் கவனித்துக்கொள்கிறேன்!,0
கரோனாவை வெல்லக் களமிறங்கியவர்கள்!,0
மருத்துவர்களின் நம்பிக்கை நடனம்!,0
இசை வழி நேயம்,0
இப்போது என்ன செய்கிறேன்: கரோனா தந்த பக்குவம்,0
கரோனா காலம்: ‘சிறைப்பட்ட’ நேரம் சிறப்பாக மாறும்!,0
கரோனா சேர்த்துவைத்த காதல்!,0
கரோனா காலம்: களத்தில் கலக்கும் இளைஞர் படை!,0
இசையின் கதவைத் திறக்கும் இணையம்!,0
கரோனா காலம்: உணவையும் விட்டுவைக்காத கரோனா!,0
கரோனாவை எதிர்கொள்ள நவீனத் தொழில்நுட்பம்!,0
கரோனா காலம்: வெளிப்பட்ட மனிதாபிமானம்!,0
கரோனா காலம்: ஒரு முன்னுதாரண இளைஞன்!,0
இணையத்தில் கரோனா வைரல்கள்!,0
அச்சில் ஏறும் வேடிக்கை மனிதர்கள்!,0
நள்ளிரவில் கூடும் பிரியாணி இளைஞர்கள்!,0
அந்த நான்கு மணி நேரம்!,0
விசில் போடு 23: ரொம்ப பேஜாரா போச்சு குமாரு!,0
பேசும் படம்: கேமராவுக்குள் காட்டுயிர் உலகம்!,0
சொல்லிசை மன்னர்கள்!,0
ஈசிஆர் வழியாக ஓர் ஓவியப் பயணம்!,0
பேசும் படம்: மனசாட்சியை உலுக்கும் பீங்கான்!,0
விசில் போடு 22: கல்யாணமாம் கல்யாணம்!,0
"இளமைக் களம்: கொஞ்சம் ஓவியர், கொஞ்சம் யூடியூபர்!",0
தலைநகரின் பந்தயப் புறாக்கள்!,0
விசில் போடு 21: வாயை மூடி பேசவும்!,0
அப்பாவின் பரிசு!,0
விசில் போடு: இது தாண்டா தண்டம்,0
இளமைக் களம்: சும்மா கிழி... தெறிக்கவிட்ட மும்பை இந்தியன்ஸ்!,0
பிரேக்-அப் கொண்டாட்டம்!,0
வைரல் உலா: மனங்களை வென்றவன்!,0
பயணம் புதிது: பாரம்பரியத்தைத் தேடும் சைக்கிள் பயணம்!,0
ஜம்முனு ஒரு ஜிம் தம்பதி!,0
"வைரல் உலா: ஆமா, இவரு பெரிய லாடு லபக் தாஸ்!",0
விசில் போடு 19: ஹாஸ்டல் எனும் அலிபாபா குகை!,0
காதலர் தினம்: உலகின் காதல் வைரஸ்!,0
புதுமைக் களம்: மூன்றாம் கண்களின் சங்கமம்!,0
விசில் போடு 18: இது காதல் தர்பாரு... இனிக்கும் சர்க்காரு,0
ஒரு குப்பைக் கதை!,0
பெண்களின் ‘டாம்பாய்’ அவதாரம்!,0
இணைய உலா: மதுரையின் ராப் சோல்ஜர்!,0
வைரல் உலா: வயது என்பதுவெறும் நம்பர்தான்!,0
விசில் போடு: அர்னால்டுகளின் ஆபத்பாந்தவன்!,0
பேசும் படம்: கட்டாந்தரைதான் என்னுடைய காடு!,0
வைரல் உலா: பிளாஸ்டிக்கில் கோட்சூட்!,0
இணைய உலா: ஃபுட்டீகளின் உணவு உலகம்!,0
விசில் போடு 16: 90 கிட்ஸ் Vs 2K கிட்ஸ்,0
மக்கள் கொண்டாடிய தெருவிழா!,0
காதல் உறவு - 2020: டேட்டிங் போக்குகள்!,0
இணைய உலா: பேசாமலேயே ஜெயித்த யூடியூபர்!,0
இளைஞர் களம்: மிஸ்டர்களின் தலைவன்!,0
விசில் போடு15: செல்போன் அலப்பறைகள்!,0
பேசும் படம்: கணத்தின் உணர்வுகள்!,0
கண்டங்கள் கடந்த சாகசப் பெண்!,0
டிவியிலிருந்து குதித்த பெண்!,0
சாணை ஊர்!,0
விசில் போடு 14: தண்டச்சோறு கெட்டுப் போகுமா?,0
பேசும் படம்: மண் மணக்கும் பானை,0
ஹம்பியின் சதுரங்க வேட்டை!,0
இணைய உலா: டிஸ்னி கதாபாத்திரமாக மாற வேண்டுமா?,0
நம்ம சோலியைப் பார்ப்போம்!,0
விசில் போடு 13: தொல்லைச் சுற்றுலாக்கள்,0
பேசும் படம்: வாடிவாசல் கேளிக்கை!,0
2020: அசத்தப் போகும் தொழில்நுட்பங்கள்!,0
இணைய உலா: ஒரு வித்தியாசமான முயற்சி!,0
புதுமை களம்: உங்களை வரவேற்பது லொள்.. லொள்..!,0
விசில் போடு 12: இளசுகளின் புத்தாண்டு பரிதாபங்கள்! ,0
தமிழில் வந்தாச்சு பிறந்த நாள் பாட்டு!,0
விடைபெறும் 2019: கெத்து காட்டிய சாதனையாளர்கள்!,0
உயிர் பெறும் காகிதங்கள்!,0
விசில் போடு 11: மிடில் கிளாஸ் மாதவன்கள்!,0
பேசும் படம்: இருட்டறை நிகழ்த்திய ரசவாதம்,0
விடைபெறும் 2019: மைதானத்தை அதிரவைத்த தமிழர்கள்!,0
விசில் போடு 10: அப்பாக்களும் குத்துவிளக்குகளும்!,0
உங்களுக்கென ஓர் இணைய வானொலி!,0
காபியை எப்போது குடிக்கலாம்?,0
தி.நகரில் பரிதாபம்: அரசுப் பேருந்து சக்கரத்தில் சிக்கி ஏழாம் வகுப்பு மாணவன் பலி,0
விடைபெறும் 2019: இணையத்தைக் கலக்கிய வைரல்கள்!,0
பேசும் படம்: கரிப்புக் கரையோரம்!,0
விசில் போடு 09: பசங்களின் பரீட்சை பரிதாபங்கள்,0
ரோட்டுல பீட்டு,0
விடைபெறும் 2019: இளைஞர்களின் ஃபேஷன் அலப்பறைகள்!,0
இளைஞர் முகம்: இசையால் மயக்கும் விழியாள்!,0
விசில் போடு 08 - அம்மாக்கள்: தாடி வைக்காத டி.ராஜேந்தர்கள்!,0
உலகின் முதல் பறவை மனிதன்!,0
ரசனைகள் சங்கமிக்கும் கலை!,0
இந்தியாவைச் சுற்றும் ‘சைக்கிள்’ சுந்தர்!,0
கின்னஸ் கில்லாடிகள்!,0
ஏட்டிக்குப் போட்டியா... போட்டிக்கு வாறீயா?,0
சம்சாரம் அது மின்சாரம்..!,0
புதுசு தினுசு: பூந்தொட்டிகளாகும் சிகரெட் துண்டுகள்!,0
இணைய உலா: இனி ‘லைக்’கைப் பார்க்க முடியாது!,0
பானி பூரி பையனின் இரட்டை சதம்!,0
பேசும் படம்: வெப்போர் திருவிழா,0
புதுசு தினுசு: காகித போனுக்கு மாறலாமா?,0
இணைய உலா: இதுவல்லவோ யோசனை!,0
விசில் போடு 05: கஞ்சாம்பட்டி கதை கேளு!,0
சென்னையை ஆராதிக்கும் பிரான்ஸ் இளைஞர்!,0
கொஞ்சம் செட்டப்பை மாத்துங்கப்பா!,0
காட்சிகள் உலா: கல்குவாரி மனிதர்களும் அசையும் ஓவியங்களும்,0
விசில் போடு 04: இது வாட்ஸ்அப் நுழைவுத் தேர்வு!,0
பேசும் படம்: ஒரு கதை சொல்லட்டுமா?,0
சர்வதேச அனிமேஷன் நாள்: என்னவளே பாடும் காதலன்!,0
விசில் போடு 03: சிங்கிள் பசங்களின் முரட்டுத் துணை!,0
வலை உலா: இந்தக் காதலுக்கு வயதில்லை!,0
பலூன் பரவசம்!,0
உங்களுக்கு இந்த அறிகுறியெல்லாம் இருக்கா..?,0
ரசனைகளைக் கலக்கும் ‘கலக்கி’ பாய்ஸ்!,0
இவங்க தீபாவளி வேற மாதிரி! ,0
உலக மேடையில் கானா மழை!,0
விசில் போடு 02: புதுசுன்னா எலுமிச்சம்பழம்... பழசாச்சுன்னா பேரீச்சம்பழம்!,0
புள்ளிங்கோ 3.0!,0
கைவிடாத கானா!,0
எங்க புள்ளிங்கோ எல்லாம் பயங்கரம்!,0
விசில் போடு 01: சென்னையில் ஒரு டிராபிக் காலம்!,0
அறிவியல் அங்கீகாரம்- நோபல்: காலத்துக்கேற்ப மாறுமா?,0
அறிவியல் அலமாரி : காட்சிவழி கற்கலாம்,0
பாடகர்களான ரசிகர்கள்!,0
அதுவொரு மாய உலகம்,0
எங்கேயும் எப்போதும் 1: அறிவியல் பாய்ச்சிய புத்தொளி,0
இணைய சினிமா சாம்ராஜ்யத்தின் கதை!,0
புதுமையே எதிர்காலத்தை ஆளும்!,0
கடந்த வாரம்: சேதி தெரியுமா?,0
மனசு போல வாழ்க்கை 17: கடந்த கால கசப்பை மறந்துவிடுங்கள்!,0
ஹாலிவுட் படத்தில் சுருதிஹாசன்,0
நடிகர் ஜெயம் ரவிக்கு,0
படங்கள் தோல்வியால் வருந்தும் பூஜா ஹெக்டே,0
ஓ.டி.டி.யில் வரும் 'பொன்னியின் செல்வன்',0
பிரபாசுக்கு போட்டியாக இன்னொரு ராமாயணம் படம்,0
தனுஷ் படம் ரிலீஸ் தள்ளிவைப்பு?,0
ஜப்பான் மொழியில் 'ஆர்ஆர்ஆர்' படம்,0
"""நம்ம ஊர் பொறுக்கிங்க பொறுக்கிங்க தான். ரத்தத்துலயே ஊறுனது, வளர்ப்பும் அப்படி"" பாடகி சின்மயி கோபம்.",0
இயக்குனர் வெங்கட் பிரபு -நாக சைதன்யா படத்தின் புதிய அப்டேட்,0
"ஜி.வி.பிரகாஷ், கவுதம் மேனன் நடித்துள்ள '13' படத்தின் டீசர் வெளியானது..!",0
பரபரப்பான நடிகர் - டைரக்டர்,0
அடடே... ஆளே மாறிவிட்டாரே...,0
உலகின் மிக அழகான பெண்கள்... டாப் 10-ல் இடம் பிடித்த இந்திய நடிகை,0
அனிருத் தரும் ஆச்சரியம்,0
டுவிட்டர் பதிவில் கவனம் ஈர்க்கும் விஜய் ஆண்டனி,0
தாயான பின் நான் மாறிவிட்டேன் - நடிகை காஜல் அகர்வால்,0
சந்தீப் கிஷான் நடித்துள்ள 'மைக்கேல்' படத்தின் டீசர் வெளியானது..!,0
நடிகை வாழ்க்கை கதையில் கங்கனா,0
பிரபல தெலுங்கு நடிகர் விஜய்தேவர கொண்டாவுடன் நடிக்க விரும்பும் சிவகார்த்திகேயன்,0
உடற்பயிற்சியால் எனது வயதையே மாற்றுவேன் - வீடியோ வெளியிட்டு ஜோதிகா உறுதி,0
மீண்டும் உண்மை கதையில் சூர்யா,0
இளமை பொலிவுடன் காட்சி தரும் 80 வயதை நெருங்கும் நடிகை,0
சிம்புவின் 'பத்து தல' படத்தின் முதல் கட்ட படப்பிடிப்பு நிறைவு,0
"பரத், வாணி போஜன் நடிக்கும் 'மிரள்' படத்தின் ரிலீஸ் தேதி அறிவிப்பு..!",0
"""நடனம் ஆடும் போது அதிக உத்வேகம்"" விஜய்யை புகழ்ந்த மனோபாலா...!",0
சென்னை : பிரபல நடிகை வீட்டில் கொள்ளை...! பல லட்சம் மதிப்புள்ள கைக்கடிகாரம் மாயம்,0
கவர்ச்சி சூறாவளியாக மாறிய நடிகை கிரண் காசு பார்க்க புதிய செயலி,0
தீபாவளி பண்டிகையை ஒட்டி திரையரங்குகளில் சிறப்பு காட்சிகளுக்கு தமிழ்நாடு அரசு அனுமதி,0
சினிமாவில் திறமைக்கு மதிப்பு இல்லை - நடிகை நிதி அகர்வால்,0
அவர்கள் முன்னால் ஆட மாட்டேன் கவர்ச்சி நடனத்துக்கு சன்னி லியோன் நிபந்தனை,0
பெண்களை ஏமாற்றும் திருமண மோசடி கும்பல் - நடிகை பூர்ணா,0
பொன்னியின் செல்வனில் சிவாஜி நடிக்க விரும்பினார் - நடிகர் பிரபு தகவல்,0
ரூ.4.80 லட்சம் விலையில் புடவை அணிந்த நடிகை,0
நடிப்பதோடு நிற்காமல் படங்கள் தயாரித்து கையை சுட்டுக்கொண்ட நடிகைகள்,0
பொன்னியின் செல்வன் திரைப்படம் பார்த்த இலங்கை முன்னாள் அதிபர் மஹிந்த ராஜபக்சே,0
நடிகை வைஷாலி தக்கார் தற்கொலை; முன்னாள் காதலர் கைது,0
இணையத்தில் வைரலாகும் சிம்புவின் புதிய புகைப்படங்கள்,0
சின்னத்திரை நடிகர் அர்ணவ் ஜாமின் மனு ரத்து..!,0
கடவுள் என் முன்னாடி வந்தா... நீங்க என்ன கேப்பிங்க? - விஜய் ஆண்டனி ட்வீட்,0
தீபாவளிக்கு வெளியாகிறது 'வாரிசு' படத்தின் முதல் பாடல் - ரசிகர்கள் உற்சாகம்,0
வங்காள தேசத்தில் பாலிவுட் நடிகை நோரா பதேஹியின் நடன நிகழ்ச்சிக்குத் தடை...! காரணம் என்ன?,0
மம்முட்டியின் புதிய படத்தில் ஜோதிகா;கடின உடற்பயிற்சி செய்யும் வீடியோ,0
மீண்டும் நடிக்க வரும் பிரணிதா,0
இன்சூரன்ஸ் கலாவதியான காரை ஓட்டியதாக ரன்வீர் சிங் மீது புகார்,0
கீர்த்தி சுரேஷ் பகிர்ந்த நடிப்பு அனுபவம்,0
வளைகுடா நாடுகளில் மோகன்லால் படத்துக்கு தடை,0
"""எனக்கு தாயாக வேண்டும் என்ற ஆசை"" - திருமண ஏற்பாடு பற்றி நடிகை தமன்னா பேட்டி",0
இணையத்தில் கசிந்த விஜய் பட பாடல் வீடியோ,0
ஆரியன் கான் வழக்கு விசாரணையில் அதிகாரிகளின் முறைகேடு... டெல்லிக்கு பறந்த அறிக்கை,0
6 ஆண்டுகளாக பாலியல் உறவில் இருந்து விலகி இருக்கிறேன்: பிரபல நடிகை பேட்டி,0
நடிகர் சங்கத்தினருக்கு தீபாவளி பரிசு வழங்கிய கார்த்தி,0
'யசோதா' படத்தின் ரிலீஸ் தேதி அறிவிப்பு..!,0
தவறாக நடக்க முயற்சி... டிரைவர் மீது நடிகை பரபரப்பு புகார்,0
பிரபல நடிகர் மரணம்,0
"62 நாடுகள், 18 மாதம் மோட்டார்சைக்கிளில் உலகை சுற்ற அஜித்குமார் திட்டம்",0
சினிமாவில் 32 ஆண்டுகள்... ரசிகர்களுக்கு நன்றி சொன்ன விக்ரம்,0
வதந்தியால் வருந்திய அக்‌ஷய்குமார்,0
சுருதிஹாசனால் 2 படங்கள் தாமதம்,0
சமந்தா நடித்துள்ள 'யசோதா' படத்தின் ரிலீஸ் தேதி அறிவிப்பு..!,0
பிரபல டைரக்டர் சஜித்கான் மீது மற்றொரு நடிகை பாலியல் குற்றச்சாட்டு,0
"""இந்த 32 வருடத்துக்கு நன்றி"" சினிமாவில் 32 வருடங்கள் நிறைவு செய்துள்ள சீயான் விக்ரம் டுவீட்",0
தீபாவளிக்கு வரும் படங்கள்,0
"ஈரானிய பெண்கள் போராட்டம், அங்கிதா பண்டாரிக்கு ஆதரவு; தலைமுடியை வெட்டிய பிரபல இந்தி நடிகை",0
ஆதரவற்ற குழந்தைகளுடன் தீபாவளி கொண்டாடிய நடிகைகள்,0
உடல்நலக் கோளாறால் அவதிப்பட்ட டாப்சி,0
இன்னும் 20 ஆண்டுகள் நடிக்க ஆசை - ராஷி கன்னா,0
தனுசை குறிவைக்கும் பிரியா வாரியர்,0
நடிகை ஹன்சிகாவுக்கு திருமணம்; ஜெய்ப்பூர் அரண்மனையில் தடபுடல் ஏற்பாடு,0
'சலார்' படத்தில் பிருத்விராஜின் கதாபாத்திரம் அறிவிப்பு - வைரலாகும் போஸ்டர்,0
சந்தீப் கிஷான் நடிக்கும் 'மைக்கேல்' படத்தின் டீசர் வெளியாகும் தேதி அறிவிப்பு..!,0
நடிகர் சல்மான் கான் போதை பொருளை பயன்படுத்தியவர்; யோகா குரு ராம்தேவ் பரபரப்பு பேச்சு,0
முன்னாள் காதலர் துன்புறுத்தல்; குறிப்பு எழுதி விட்டு பிரபல நடிகை தற்கொலை,0
செல்வராகவன் நடிக்கும் 'பகாசூரன்' படத்தின் புதிய அப்டேட்,0
காரை அதிவேகமாக ஓட்டி நடிகைக்கு மிரட்டல் விடுத்த டிரைவர் - அதிர்ச்சி சம்பவம்,0
அடைமொழிக்கு ஆசைப்படாத தனுஷ்,0
முகத்தில் 'சர்ஜரி' செய்துகொண்டது ஏன்? சுருதிஹாசன் விளக்கம்,0
பாலிவுட்டில் அறிமுகமாகிறார் சிம்பு,0
சம்பளத்தை உயர்த்தினார் ஆர்யா,0
இரட்டை குழந்தை விவகாரம் - ஆதாரங்களை சமர்பித்த நயன்தாரா-விக்னேஷ் சிவன்....சர்ச்சைக்கு முற்றுப்புள்ளி ?,0
மீண்டும் சேட்டையை தொடங்கிய பூனம் பாண்டே,0
கை நழுவிச்செல்லும் படங்களால் கலக்கம்,0
முன்னணி நடிகர்களுடன் கைகோர்த்த இயக்குனர் வெங்கட் பிரபு.. வெளியான புதிய அப்டேட்,0
சோழர்களை தொடர்ந்து பல்லவர்களை பற்றி படமாக உருவாகியுள்ள 'நந்திவர்மன்' - வைரலாகும் டீசர்,0
'காந்தாரா' படத்தின் கதாநாயகனுக்கு வாழ்த்து தெரிவித்த கார்த்தி.. வைரலாகும் வீடியோ..,0
நயன்தாரா-விக்னேஷ் சிவன் விவகாரம் : ஆஸ்பத்திரி எது...! வாடகைத்தாய் யார்...! தெரிந்தது,0
படம் தோல்வியால் சம்பளத்தை திருப்பி கொடுத்த சிரஞ்சீவி,0
இந்தி நடிகருடன் காதல்... ரகுல் பிரீத் சிங்குக்கு விரைவில் திருமணம்,0
மீண்டும் தயாரிப்பாளரான நடிகை ஐஸ்வர்யா லட்சுமி,0
'டப்பிங்' குரல் விவகாரம்... படக்குழுவினருடன் சமந்தா மோதல்,0
3 படங்கள் வடிவேலு,0
போலீஸ் பாதுகாப்பை மீறி ரஜினி படப்பிடிப்பில் திரண்ட ரசிகர்களால் பரபரப்பு,0
ஹரிபார்ட்டர் திரைப்படத்தில் 'ரூபியஸ் ஹஹ்ரிட்' கதாபாத்திரத்தில் நடிகர் மரணம்,0
விஜய்யின் மாஸ் லெவல் டான்ஸ் - 'வாரிசு' அப்டேட் கொடுத்த ஜானி மாஸ்டர்,0
'பிரின்ஸ்' படத்தின் 3வது பாடல் வெளியீடு,0
பாக்ஸ் ஆபீசில் சறுக்கும் இந்தி 'விக்ரம் வேதா'... படத்தின் பட்ஜெட்டை விட குறைவாக வசூல்,0
கார்த்தி நடிக்கும் 'சர்தார்' படத்தின் டிரைலர் வெளியானது..!,0
சத்யாவை கொன்ற சதீசை ரயில்ல தள்ளி விட்டு தண்டனை கொடுங்கள் - விஜய் ஆண்டனி ஆதங்கம்,0
நடிகை திவ்யா புகார் எதிரொலி... படப்பிடிப்பு தளத்தில் சின்னத்திரை நடிகர் அர்ணவ் கைது..!,0
"படிக்கும் போது பள்ளியில் ""பாலியல் துஷ்பிரயோகம்"" பாரிஸ் ஹில்டன் பரபரப்பு குற்றச்சாட்டு",0
தேசிய விருது பெற்ற இயக்குனரின் புதிய படம்,0
விஜய் ரசிகர்களுக்கு தீபாவளி விருந்து,0
"முத்தையா இயக்கத்தில், ஆர்யா",0
வில்லன் அவதாரம் எடுக்கும் ஜீவா,0
நெல்சன் டைரக்ஷனில் ஐஸ்வர்யா ராஜேஷ்,0
கார்த்தியுடன் முதல் முறையாக கைகோர்த்த டைரக்டர் மித்ரன்,0
சமூக வலைதளத்தில் டிரெண்டாகும் அஜித்தின் புகைப்படங்கள்..,0
'பிரின்ஸ்' படத்தின் புதிய பாடல் நாளை வெளியீடு,0
சீனு ராமசாமி இயக்கத்தில் நடிக்கும் 'மெஹந்தி சர்க்கஸ்' ஹீரோ..!,0
"""கலையால் ஒன்றுபடுவோம், காலத்தை வென்றுவிடுவோம்"" - தனது பாடல் வரிகளை புகழ்ந்த மலையாள நடிகைக்கு வைரமுத்து பதில்",0
'சர்தார்' படத்தின் டிரைலர் வெளியீட்டு தேதி அறிவிப்பு,0
கடலூரில் 'ஜெயிலர்' பட சூட்டிங்: படையப்பா படத்திற்கு பின் ரஜினியை காண படையெடுக்கும் மக்கள்...!,0
ரூ.400 கோடி வசூல் பொன்னியின் செல்வன்: இந்த எழுத்து ஏதோ ஒரு பிரச்சினையை எழு (இ)ப்ப லாம்! நடிகர் பார்த்திபன் சர்ச்சை டுவீட்,0
விஜய் ஆண்டனிக்கு என்ன பிரச்சினை?,0
மீண்டும் வலைத்தளம் பக்கம் வந்த சமந்தா,0
62-வது படத்தில் நடிக்க தயாராகும் அஜித்,0
ராமாயண படம் சர்ச்சை... நடிகர் பிரபாசுக்கு கோர்ட்டு நோட்டீஸ்,0
பரபரப்பான புதிய தகவல்கள் நயன்தாரா குழந்தைகளின் வாடகை தாய் துபாயில் இருக்கிறாரா?,0
பொன்னியின் செல்வன் ரூ.450 கோடி வசூல் சாதனை,0
சென்னையில் ரசிகர்களை சந்தித்த ஷாருக்கான்,0
பொன்னியின் செல்வன் வெற்றியால் சரித்திர படங்களுக்கு திரும்பும் தமிழ் சினிமா,0
ராம் இயக்கத்தில் நிவின் பாலி நடிக்கும் படத்தின் டைட்டில் வெளியீடு..!,0
சிவகார்த்திகேயனின் 'பிரின்ஸ்' படத்திற்கு 'யு' சான்றிதழ்...,0
உலகம் முழுவதும் ரூ.400 கோடி வசூலை கடந்த பொன்னியின் செல்வன்..!,0
நடிகர் விஜய் படத்தை தயாரிக்கும் டோனி...?,0
நயன்தாரா- விக்னேஷ் சிவனுக்கு வாடகைத் தாய் யார்...? மருத்துவமனை மீது நடவடிக்கை,0
"""அவங்கள கூப்பிட்டா கதை காலி..."" குடும்ப பிரச்சினைக்கு அட்வைஸ் கொடுத்த விஜய் ஆண்டனி",0
டைரக்டர் சஜித்கானுக்கு எதிர்ப்பு தெரிவித்த டெல்லி மகளிர் ஆணைய தலைவிக்கு பாலியல் மிரட்டல்கள்...,0
சின்னத்திரை நடிகை திவ்யா அளித்த புகாரின் பேரில் நடிகர் அர்ணவ்-க்கு போலீஸ் சம்மன்..!,0
எனது காதலை மறைக்க வேண்டும் - நடிகை ரகுல்பிரீத் சிங்,0
10 பெண்கள் பாலியல் புகார்... டைரக்டர் சஜித்கானை பிக்பாசில் சேர்க்க எதிர்ப்பு,0
நீச்சல் வீரர் ஆக விரும்பிய சல்மான்கான்,0
வாடகைத்தாய் குழந்தை சர்ச்சை: நயன்தாரா மீது சட்ட நடவடிக்கை எடுக்கப்படுமா?,0
கிரிக்கெட் வாழ்க்கை கதையில் சிவகார்த்திகேயன் வீரர்,0
விஜய்யுடன் இணைந்து நடிக்கும் சூர்யா?,0
80-வது பிறந்தநாள் கொண்டாடிய அமிதாப்பச்சனை வாழ்த்திய ரஜினி,0
ஆஸ்கார் போட்டிக்கு செல்லும் 'செல்லோ ஷோ' படத்தில் நடித்த சிறுவன் மரணம்,0
சூர்யா படத்தின் முதல் கட்ட படப்பிடிப்பு நிறைவு,0
"""கோமாளிகள் திருந்தவே மாட்டாங்க...!"" நயன்தாரா விவகாரத்தில் கஸ்தூரியை மறைமுகமாக தாக்கும் - வனிதா...?",0
நடிகர் அமிதாப் பச்சனின் 80வது பிறந்த நாள்; நடிகர் ரஜினிகாந்த் வாழ்த்து,0
பிரபல நடிகர் மரணம்,0
நடிகை இலியானாவை கேலி செய்த ரசிகர்கள்,0
வாடகைத்தாய் குழந்தை... நயன்தாரா தடையை மீறினாரா? கஸ்தூரியின் சர்ச்சை பதிவு,0
"""சினிமாவில் நடிப்பது சாதாரண விஷயம் அல்ல'' - திண்டுக்கல் லியோனி சொல்கிறார்",0
கவர்ச்சிக்கு மாறிய கீர்த்தி சுரேஷ்,0
திருமணமாகி விவாகரத்து பெறுவது எனக்கு பிடிக்காது - நடிகை திரிஷா பேட்டி,0
பாகுபலி 3-ம் பாகம் வருமா?,0
வாடகைத்தாய் மூலம் குழந்தை பெற்ற நட்சத்திரங்கள்,0
'சாட்டர்டே இஸ் கம்மிங்கு' - வெளியானது சந்தானம் படத்தின் பர்ஸ்ட் சிங்கிள்..!,0
கார்த்தி நடிக்கும் 'சர்தார்' படத்தின் பர்ஸ்ட் சிங்கிள் வெளியானது..!,0
டுவிட்டரில் இருந்து திடீரென வெளியேறிய பிரபல பாலிவுட் இயக்குனர்: காரணம் என்ன?,0
'விருமன்' இயக்குனருடன் இணைந்த ஆர்யா - ஜி.வி.பிரகாஷ் பகிர்ந்த போஸ்டர்,0
"தமிழ், தெலுங்கு, மலையாளம் என சினிமாவில் நுழையும் தோனி...!",0
இளையராஜாவுக்கு நான் பெரிய ரசிகன் -நடிகர் கமல்ஹாசன்,0
சூர்யாவின் கஜினி 2-ம் பாகம்,0
தந்தையை கேலி செய்த நிகழ்ச்சி; கோபத்தில் வெளியேறிய அபிஷேக் பச்சன்,0
தெருக்களில் பிச்சை எடுக்கும் பிரபல நடிகை வைரலாகும் வீடியோ,0
"""ஆதிபுருஷ்"" படத்துக்கு தடையா?",0
வாடகைத் தாய் மூலமாக குழந்தை பெற்றெடுத்த பிரபலங்களின் பட்டியலில் சன்னி லியோன் முதல் நயன்தாரா வரை...!,0
நயன்தாரா நடித்த காட்பாதர் படம் ரூ.125 கோடி வசூல்,0
வாடகைத்தாய் மூலம் குழந்தை பெற்றதில் விதிகளை மீறினார்களா விக்கி-நயன் தம்பதி?,0
மீண்டும் மலையாள படத்தில் சினேகா,0
வாடகைத்தாய் மூலம் குழந்தை: நயன்தாரா - விக்கி தம்பதிக்கு நடிகை கஸ்தூரி மறைமுக மிரட்டல்...!,0
ஒரு காபியுடன் நீண்ட உரையாடல் - ரஜினியை சந்தித்த சரத்குமார்,0
'கேம் ஆப் திரோன்ஸ்' செர்சி லெனஸ்டருக்கு 3-வது திருமணம்,0
நாளை வெளியாகும் கார்த்தி படத்தின் பாடல்,0
சிவகார்த்திகேயனின் 'பிரின்ஸ்' படத்தின் டிரைலர் வெளியானது..!,0
ராம் இயக்கத்தில் நடிகர் நிவின் பாலி நடிக்கும் படத்தின் அப்டேட்..!,0
நயன்தாரா-விக்னேஷ் சிவன் தம்பதிக்கு இரட்டை குழந்தை..!,0
திருக்குறளில் ஆன்மீகம் எது? - கவிஞர் வைரமுத்து கேள்வி,0
மறைந்த கன்னட நடிகர் புனித் ராஜ்குமாரின் 'கந்தத குடி' திரைப்படத்தின் டிரைலர் இன்று வெளியீடு: பிரதமர் மோடி வாழ்த்து!,0
தீபாவளிக்குள் காலி... பிரபல நடிகையின் தந்தைக்கு கொலை மிரட்டல்,0
'அரணவ் என்னை மதம் மாற கட்டாயப்படுத்தினார்' - நடிகை திவ்யா கண்ணீருடன் பேட்டி,0
'வெள்ளி விழா நாயகன்' நடிகர் மோகனின் 45 ஆண்டு கால திரைப்பயணம்,0
'பொன்னியின் செல்வன்' படத்தில் கல்கிக்கு மரியாதை செலுத்தாதது ஏன்? - பட அதிபர் கேயார் பேட்டி,0
ஜெயராம் மகனுக்கு விரைவில் திருமணம்,0
ரஜினியின் ஆசீர்வாதம்.. விஜய் அளித்த உணவு விருந்து- ஷாருக்கான் நெகிழ்ச்சி,0
நானும் இந்து அல்ல...! இந்து மதம் வேறு இந்து தர்மம் வேறு...! - பிரபல டைரக்டர் ராஜமவுலி,0
ராஜராஜ சோழன் எந்த மதத்தை சேர்ந்தவர் என்பது தேவைதானா...?-நடிகர் சரத்குமார் கேள்வி,0
சிவகார்த்திகேயனின் 'பிரின்ஸ்' படத்தின் டிரைலர் நாளை வெளியாகும் என படக்குழு அறிவிப்பு,0
காதலில் காளிதாஸ் ஜெயராம்...! காதலியுடன் நெருக்கமாக இருக்கும் புகைப்படத்தை வெளியிட்டார்...!,0
அசிங்கம்...! மானமே போச்சு இனி இந்தியாவே திரும்ப மாட்டேன்...! டைரக்டர் எடுத்த படத்தால் நடிகை கோபம்,0
வெளிச்சத்திற்கு வந்த காதல்...! விஜய் தேவரகொண்டாவுடன் மாலத்தீவு செல்லும் ராஷ்மிகா...!,0
பிரபல நடிகர் மரணம்,0
நடிகை ஸ்ரீதேவி அணிந்த புடவைகள் ஏலம்,0
திரிஷாவுடன் இணைந்து நடிக்கும் நயன்தாரா,0
பிரபல நடிகை சிறை வைப்பு - போலீசில் புகார்,0
மகிழ்ச்சியாக வாழ வழிசொல்லும் சதா,0
ரூ.400 கோடி வசூலை நெருங்கும் பொன்னியின் செல்வன்,0
மேலும் 2 புதிய படங்களில் ரஜினி?,0
ஐஸ்வர்யா ராஜேஷ் நடிக்கும் ஃபர்ஹானா திரைப்படத்தின் முதல் பாடல் வெளியீடு,0
நடிகர் கார்த்தி பாடிய பாடல்.... ஜி.வி. பிரகாஷ் கொடுத்த புதிய அப்டேட்,0
பரத் நடித்துள்ள 'மிரள்' படத்தின் டீசர் வெளியீடு,0
'காபி வித் காதல்' திரைப்படத்தின் வெளியீட்டு தேதி அறிவிப்பு,0
இளம் நடிகையை அலுவலகத்தில் வைத்து பூட்டிய நபர்,0
அண்ணன்-தங்கை பாசத்தை சித்தரிக்கும் இன்னொரு படம்,0
பிரபல சண்டை பயிற்சியாளர் ஸ்டண்ட் ஜெயந்த் இயக்கும் படம்,0
திருநங்கையாக நடிக்கும் சுஷ்மிதா சென்...உண்மையான திருநங்கையை நடிக்க வைக்காதது ஏன்...?,0
"முதுமலை காட்டில், 30 நாட்கள்",0
"ரஜினி, கமலுக்கு நன்றி தெரிவித்த கார்த்தி பதிவிட்ட நெகிழ்ச்சி பதிவு..!",0
பாக்ஸ் ஆபீஸ் வசூலில் 350 கோடியை நெருங்கும் பொன்னியின் செல்வன்!,0
போண்டா மணியிடம் கூடவே இருந்து குழிபறித்த நபர்...! உதவி செய்வது போல் நடித்து ரூ.1 லட்சம் மோசடி,0
பிரியா பவானி சங்கர் கை உயர்ந்தது,0
விசாரணைக்கு வந்த இடத்தில் ரசிகைகளுடன் போட்டோ எடுத்துக்கொண்ட செல்லம்மா சீரியல் ஹீரோ,0
இனி நடிப்பாரா என்பது சந்தேகம்... நயன்தாராவுக்கு குழந்தை பெற்றுக்கொள்ள ஆசை,0
'விஜய் - அஜித் ஒப்புக்கொண்டால் படம் தயார்' - வெங்கட்பிரபு,0
ஆஸ்கார் விருதுக்கான போட்டியில் 'ஆர்ஆர்ஆர்',0
"""மீண்டும் கவர்ச்சி நடனம் ஆட தயார்"" - நடிகை பபிதா சொல்கிறார்",0
தமிழ் சினிமாவுக்கு இது பொற்காலம் - நடிகர் கமல்ஹாசன் பேட்டி,0
ராவணனை தவறாக காட்டுவதா? சர்ச்சையில் பிரபாசின் ராமாயணம் படம்,0
வைரலாகும் ரஜினி புகைப்படம்,0
"""எதிர்ப்பு குரல்கள் எரிமலையாக வெடித்து சிதறும்"" - ஈரான் பெண்களுக்கு ஆதரவு தெரிவித்த நடிகை பிரியங்கா சோப்ரா!",0
கருவை கலைக்க சதி செய்கிறார் - சீரியல் நடிகை மீது கணவர் புகார்,0
"லிவ் இன், மதமாற்றம், திருமணம், கர்ப்பம்... - சீரியல் நடிகர் கணவர் அடித்து துன்புறுத்தல்; கதறும் தமிழ் சீரியல் நடிகையின் வீடியோ",0
பிரதீப் ரங்கநாதன் நடித்துள்ள 'லவ் டுடே' படத்தின் டிரைலர் வெளியானது..!,0
40 வயதிலும் எல்லை மீறும் ஸ்ரேயா,0
கார்த்தி ஜோடியாக மீண்டும் ராஷ்மிகா,0
"நடிகை ரகுல் பிரீத் சிங்கின் தனிப்பட்ட வாழ்க்கை, தொழில் பற்றிய துருதுரு பேட்டி...",0
ஆதிபுருஷ் படத்தை தடை செய்ய வேண்டும்! அயோத்தி ராமர் கோவில் தலைமை குரு கோரிக்கை,0
"ஐஸ்வர்யா ராஜேஷ் நடிக்கும் புதிய படத்தின் டைட்டில், ஃபர்ஸ்ட் லுக் வெளியீடு",0
"""ராஜராஜசோழன் காலத்தில் இந்து மதம் என்ற பெயர் கிடையாது"" - நடிகர் கமல்ஹாசன்",0
அருள்மொழிச் சோழர் மற்றும் பிரபாகரன் வாழ்க்கை வரலாறு குறித்த திரைப்படம் - சீமான் தயாரிப்பில் வெற்றிமாறன் இயக்குகிறார்,0
நடிகர் தனுஷ் - ஐஸ்வர்யா சமரச பேச்சுவார்த்தை,0
விஜய் சேதுபதி படத்தின் ரிலீஸ் குறித்த புதிய அறிவிப்பு,0
"டைரக்டரும், மர்ம தேசம், ஜீ பூம்பா சீரியல் நடிகருமான லோகேஷ் தற்கொலை...!",0
ரஜினிகாந்த் பாராட்டு: உங்கள் அன்பான வார்த்தைகளுக்கு நன்றி தலைவா - ஜெயம் ரவி நெகிழ்ச்சி டுவீட்,0
'ஆதிபுருஷ்' டீசர் விவகாரம்: ஏன் ஒரு மதம் மட்டும் குறிவைக்கப்படுகிறது? - மத்திய பிரதேச மந்திரி கேள்வி,0
'பிரின்ஸ்' திரைப்படம் அக்டோபர் 21-ம் தேதி வெளியாகும் என படக்குழு அறிவிப்பு,0
ஓம் என் அறைக்கு வா...! சமூக வலைதளங்களில் கிண்டலுக்கு ஆளான ஆதிபுருஷ் டைரக்டர் மீது கோபத்தில் பிரபாஸ்,0
பிரபாஸ் நடித்துள்ள படத்தில் சில காட்சிகளை நீக்கவில்லையெனில் சட்டப்படி நடவடிக்கை: மத்திய பிரதேச மந்திரி எச்சரிக்கை!,0
பொன்னியின் செல்வன் 4 நாட்களில் ரூ.250 கோடியை தாண்டி வசூல்,0
"பாலிவுட்-தென்னிந்திய நடிகர்கள் இணைந்தால் ரூ.4,000 கோடி வசூலாகும்- சல்மான் கான்",0
ரோஜா மகள் சினிமாவுக்கு வருகிறாரா?,0
சிரஞ்சீவி மீண்டும் மகனுடன் இணைந்து நடிப்பாரா?,0
'தியேட்டருக்கு வரும் கூட்டம் அதிகரித்து வருகிறது' - நடிகர் நாகார்ஜுன் பேச்சு,0
மோகன் ஜோடியாக குஷ்பு,0
''நான் அந்த மாதிரி பொண்ணு கிடையாது'' உள்ளாடை சர்ச்சை குறித்து பாவனா விளக்கம்,0
"""கோமாளி படத்தோட டைரக்டர் ஹீரோ ஆகிட்டாராம்"" - வைரலாகும் 'லால் டுடே' படத்தின் புரோமோ வீடியோ",0
'பொன்னியின் செல்வன்' 2-ம் பாகம் ரிலீஸ் எப்போது?,0
அமெரிக்க பட விழாவில் விஜய்சேதுபதி படம் திரையிட தேர்வு,0
நடிகர் சங்கத்தில் இருந்து பாக்யராஜ் நீக்கத்துக்கு கண்டனம்,0
அழகுக்காக எனக்கு அறுவை சிகிச்சையா? நடிகை பூஜா ஹெக்டே விளக்கம்,0
எம்.பி. தேர்தலில் போட்டியா? நடிகர் நாகார்ஜுனா விளக்கம்,0
முன்னாள் காதலர்கள் பற்றி ராஷ்மிகா விளக்கம்,0
'பொன்னியின் செல்வன்' 3 நாட்களில் ரூ.200 கோடிக்கு மேல் வசூல் சாதனை,0
பொன்னியின் செல்வன் படத்தில் ரஜினிகாந்த் நடிக்காது ஏன்? மணிரத்னம் விளக்கம்,0
ஏக்தா கபூருக்கு எதிராக கைது வாரண்ட் செய்திக்கு அவரது வழக்கறிஞர் மறுப்பு,0
கடவுள் ராமராக நடித்தவரின் காலில் விழுந்த பெண்ணுக்கு ஆசை வழங்கிய நடிகர்,0
பிரபாஸ் நடித்துள்ள 'ஆதி புருஷ்' படத்தின் டீசர் வெளியானது..!,0
நீயா... நானா... போட்டி: கவர்ச்சியில் மல்லுக்கட்டும் நடிகைகள்,0
இந்தி திரையுலகில் 30 ஆண்டுகளை கடந்த நடிகை மலைக்கா அரோரா...,0
நடிகர் சங்கத்தில் இருந்து கே.பாக்யராஜ் நீக்கம்,0
கவர்ச்சியிலும் கலக்கும் பாடகி,0
ஐஸ்வர்யா ராய் மீண்டும் கர்ப்பமா?,0
'மெட்ரோ' ஷிரிஷ் நடித்துள்ள 'பிஸ்தா' படத்தின் ரிலீஸ் தேதி அறிவிப்பு..!,0
'நானே வருவேன்' வெற்றி கொண்டாட்டம் - செல்வராகவனுக்கு மாலை அணிவித்து கலைப்புலி எஸ்.தாணு வாழ்த்து,0
"'பொன்னியின் செல்வன்' பிரம்மாண்ட வரவேற்பு - மணிரத்னத்திற்கு தயாரிப்பாளர், விநியோகஸ்தர் நேரில் வாழ்த்து தெரிவித்தார்",0
"""கருத்தைப் பாருங்கள், கருத்து சொன்னவரை பார்க்காதீர்கள்"" - கல்லூரி விழாவில் நடிகர் விஜய் சேதுபதி பேச்சு",0
சிவகார்த்திகேயனின் 'பிரின்ஸ்' படத்தின் ரிலீஸ் தேதி அறிவிப்பு,0
நடிகை சமந்தா படத்தின் ரிலீஸ் தேதி மாற்றம்,0
நன்றி..தேங்க்ஸ்..சுக்ரியா..நன்னி..தன்யவாத்.. 5 மொழிகளில் நன்றி சொன்ன ஆதித்த கரிகாலன்,0
'பொன்னியின் செல்வன்' படம் வெளியான முதல் நாளில் உலகளவில் ரூ. 80 கோடி வசூல்!,0
பொன்னியின் செல்வன் படம் எப்படி? ரசிகர்கள் கருத்து,0
வைரலாகும் தகவல்: தீபிகா படுகோனே விவாகரத்தா?,0
கருக்கலைப்பு தீர்ப்புக்கு பூனம் கவுர் வரவேற்பு,0
"""ஐஸ்வர்யாராயை பார்த்து பொறாமைப்படுகிறேன்"" - நடிகை மீனா",0
50 வயதிலும் தபுவின் இளமை ரகசியம்,0
"""எம்.எல்.ஏ. ஆன பின்பு தொகுதியை கண்டுகொள்ளவில்லை"" - நடிகர் பாலகிருஷ்ணா மீது போலீசில் புகார்",0
நடிகர் பிரபாசை சந்தித்த ரோஜா,0
நடிகர் விஷால் வீட்டின் மீது தாக்குதல் சம்பவம் - 4 பேரிடம் போலீசார் விசாரணை,0
கார்த்தி நடித்துள்ள 'சர்தார்' படத்தின் டீசர் வெளியானது,0
"68வது தேசிய திரைப்பட விருது வழங்கும் விழாவில் சூர்யா,ஜோதிகா..!",0
தஞ்சை பெரியகோவிலில் நடிகர் பார்த்திபன் சாமி தரிசனம்,0
பொன்னியின் செல்வன் முதல் நாள் வசூல் ரூ.60 கோடியை தொடும்...!,0
பாகுபலி- பொன்னியின் செல்வன் வித்தியாசம் என்ன...? மணிரத்னம் சொல்கிறார்,0
பொன்னியின் செல்வன் எப்படி உள்ளார் பிரபலங்கள் என்ன சொல்கிறார்கள்...?,0
மிகுந்த எதிர்பார்ப்புகளுக்கிடையே வெளியான பொன்னியின் செல்வன் திரைப்படம் எப்படி இருக்கு...?,0
உபேந்திரா - சுதீப் இணைந்து நடிக்க 7 மொழிகளில் தயாராகும் படம்,0
முன்னணி நடிகர்களின் படங்களை வாங்க போட்டிபோடும் ஓ.டி.டி. தளங்கள்,0
ஜெய்க்கு 'டும்...டும்...டும்...',0
பெரும் எதிர்பார்ப்புக்கு மத்தியில் திரையரங்குகளில் வெளியான 'பொன்னியின் செல்வன்-1'- ரசிகர்கள் ஆரவாரம்,0
"42-வது படத்தில் சூர்யா ஜோடி, திஷா பதானி",0
"சுந்தர்.சி படத்தில், 4 கதாநாயகிகள்",0
கமல்ஹாசன் சம்பளம் உயர்ந்தது,0
'பொன்னியின் செல்வன் - 1' படத்தை சட்டவிரோதமாக இணையதளங்களில் வெளியிட தடை - ஐகோர்ட்டு உத்தரவு,0
இதுவரை நான் நடித்த படங்களில் எதற்குமே புரமோஷனுக்காக சென்றதில்லை -நடிகை த்ரிஷா,0
ஆதித்த கரிகாலனின் காதல் எனக்குள் நெருப்பாக எரிந்து கொண்டிருக்கிறது- நடிகர் விக்ரம்,0
"நடிகை குஷ்பு பிறந்தநாள் - பிரபலங்கள், ரசிகர்கள் வாழ்த்து",0
"'பொன்னியின் செல்வன்' படத்தில் நடித்தது பெருமை; நடிகர்கள் கார்த்தி, விக்ரம் பேட்டி",0
சமீபத்தில் மருத்துவமனை சென்று வந்த ராஷ்மிகா மந்தனா...!,0
"வலைத்தள தொடர் விவகாரம்; தயாரிப்பாளர் ஏக்தா கபூர், தாயாருக்கு கைது வாரண்ட் பிறப்பிப்பு",0
தளத்தில் அவதூறு பரப்ப நடிகை எதிர்ப்பு,0
"பிக்பாஸ் நிகழ்ச்சிக்கு ரூ.1,000 கோடி சம்பளமா? சல்மான்கான் விளக்கம்",0
திருப்பங்கள் நிறைந்த பொன்னியின் செல்வன் கதை-கதாபாத்திரங்கள்,0
"சிரஞ்சீவி, நயன்தாரா நடித்துள்ள 'காட்பாதர்' படத்தின் டிரைலர் வெளியானது..!",0
நடிகர் மகேஷ் பாபுவின் தாயார் காலமானார்: சிரஞ்சீவி உள்ளிட்டோர் நேரில் அஞ்சலி,0
போலீசாருக்கு தொடர்ந்து தண்ணி காட்டும் மீரா மிதுன்...! கோர்ட்டு அதிருப்தி,0
"""தேர்வு எழுதி காத்திருக்கும் மாணவனின் மனநிலையில் இருக்கிறோம்"" - நடிகர் கார்த்தி பேட்டி",0
"""யாரையும் சந்தோஷப்படுத்தவதற்காக நான் இல்லை"" பதிலடி கொடுத்த பிரபல பாடகி பூஜா",0
படத்தின் புரமோஷன் நிகழ்ச்சியில் நடிகைகள் மீது பாலியல் வன்கொடுமை,0
பொன்னியின் செல்வன் படத்தை பார்க்க நானும் என் அம்மாவை அழைத்து வருவேன் - நடிகர் விக்ரம்,0
அறுவை சிகிச்சை மூலம் அழகை மேம்படுத்தும் நடிகை பூஜா ஹெக்டே,0
பிரபல இந்தி திரைப்பட நடிகை மருத்துவமனையில் திடீர் அனுமதி,0
பாலியல் குற்றங்களை கண்டித்த அம்பிகா,0
பிரபல டைரக்டர் மரணம்,0
மீண்டும் வசூல் அள்ளும் அவதார்,0
காணாமல் போன நாயை கண்டுபிடிக்க ரூ.8 லட்சம் பரிசு அறிவித்த நடிகை,0
என்னை காயப்படுத்துகின்றனர்... ஆடை சர்ச்சைக்கு பாவனா பதிலடி,0
'பொன்னியின் செல்வன்' படத்தில் ரஜினிகாந்த் விரும்பிய வேடத்தில் நடித்ததை பெருமையாக கருதுகிறேன் - சரத்குமார் பேட்டி,0
நடிகர் விஷால் வீட்டின் மீது அடையாளம் தெரியாத நபர்கள் தாக்குதல்,0
வட இந்திய-தென்னிந்திய சினிமா விவாதம்: மொழித்தடைகள் இப்போது உடைக்கப்பட்டுள்ளன: நடிகை ஐஸ்வர்யா ராய்,0
பழம்பெரும் இந்தி நடிகை ஆஷா பரேக்குக்கு தாதா சாகேப் பால்கே விருது,0
ரூ.200 கோடி மோசடி வழக்கு: நடிகை ஜாக்குலின் பெர்னாண்டசுக்கு ஜாமீன்,0
ஐஸ்வர்யா ராயை பாராட்டிய பார்த்திபன் புகைப்படத்தை பகிர்ந்துள்ளார்,0
டைரக்டர் எஸ்.வி.ரமணன் மரணம்,0
இணையத்தில் கசிந்த படப்பிடிப்பு வீடியோ: சூர்யா படக்குழு சட்ட நடவடிக்கை,0
போலீஸ் அதிகாரியாக ஆசைப்பட்ட அர்ஜுன்,0
அட்லி இயக்கத்தில் விஜய்யின் 68வது படம்?,0
வெந்து தணிந்தது காடு திரைப்படத்தின் 'மல்லிப்பூ பாடல்' வீடியோ நாளை வெளியீடு,0
மதுரை: பள்ளிக் குழந்தைகளுடன் 'அரபிக் குத்து' பாடலுக்கு நடனமாடிய கத்ரினா கைப்- வைரலாகும் வீடியோ,0
கேரளாவில் மலையாள நடிகர் ஸ்ரீநாத் பாசி கைது,0
"சபரிமலை கோவிலில் ஜெயம் ரவி, ஜெயராம் சாமி தரிசனம்",0
நயன்தாரா வாழ்க்கை ஆவணப்படம்,0
தயாரிப்பாளர் மீது நடிகை ரத்தன் ராஜ்புத் பாலியல் புகார்,0
"திருப்பதி ஏழுமலையான் கோவிலில் நடிகை காஜல் அகர்வால், கணவருடன் சாமி தரிசனம்",0
மகேஷ்பாபு படத்தில் ஹாலிவுட் நடிகர் ?,0
ஆஸ்கார் விருது பெற்ற ஹாலிவுட் நடிகை லூயிஸ் பிளெட்சர் மரணம்,0
இந்தியன் 2 படத்தின் சண்டை காட்சிகளுக்காக களரிப் பயிற்சி செய்யும் காஜல் அகர்வால்!,0
2024-ம் ஆண்டு தேர்தலில் போட்டி: எம்.பி. ஹேமா மாலினிக்கு நடிகை ராக்கி சாவந்த் பதில்,0
"வாரிசா..துணிவா..? - போஸ்டர் யுத்தத்தில் விஜய், அஜித் ரசிகர்கள்",0
செல்போனுக்கு வந்த லிங்க்! ரூ.5 ஆயிரம் லோன்? கண்ணீர் விட்டுக் கதறி அழும் சீரியல் நடிகை,0
விஜய் நடிக்கும் 'வாரிசு' திரைப்படத்தின் இறுதிக்கட்ட படப்பிடிப்பு இன்று தொடக்கம் - படக்குழு தகவல்,0
"""6 பூகம்பங்களை தாங்கி நிற்கும் தஞ்சை பெரிய கோவில்"" - மும்பையில் நடிகர் விக்ரம் பேச்சு",0
நகைச்சுவை நடிகர் போண்டா மணிக்கு நடிகர் தனுஷ் ரூ.1 லட்சம் நிதியுதவி,0
"சிம்புவுக்கு சொகுசு கார், கவுதம் மேனனுக்கு பைக் - தயாரிப்பாளர் ஐசரி கணேஷ் பரிசு",0
'எங்கள் கல்யாணத்தின் மூலம் நிறைய பேர் சம்பாதித்துவிட்டார்கள்' - தயாரிப்பாளர் ரவீந்தர் சந்திரசேகர்,0
நடிக்க வரவில்லை என்றால்... - நிதி அகர்வால்,0
வரலாற்று படத்தில் ஷங்கர் - சூர்யா கூட்டணி,0
அஜித்துக்கு வில்லனாக மிரட்டல் இயக்குனர்,0
மாலத்தீவில் மையம் கொண்ட அமலா பால்,0
'நானே வருவேன்' திரைப்படத்தின் காலை 4 மணி காட்சிகள் ரத்து,0
'பொன்னியின் செல்வன்' படத்தின் புதிய பாடல் வெளியீடு,0
மதுரா தொகுதியில் நடிகை கங்கனா ரனாவத் போட்டி? எம்.பி ஹேமமாலினி பதில்!,0
'இன்னொரு ராஜா கெட்டவராம்' - இணையத்தில் வைரலாகும் தனுஷ் பட பாடல்,0
'ஹே ஜெசிக்கா' - சிவகார்த்தியன் நடிக்கும் 'பிரின்ஸ்' படத்தின் புதிய பாடல் வெளியானது..!,0
பாங்காங் புறப்பட்டார் நடிகர் அஜித்குமார்,0
முதல் இடத்தில் சமந்தா,0
'என்னை கொல்ல தொடர் முயற்சி' நடிகை தனுஸ்ரீ தத்தா மீண்டும் புகார்,0
பாரதிராஜா மீண்டும் ஆஸ்பத்திரியில் அனுமதி,0
'எனது படம் ஆஸ்கார் விருதுக்கு தகுதியானது' - நடிகர் மாதவன்,0
"படப்பிடிப்பு அரங்கில் செல்பி எடுத்துக்கொண்ட திரிஷா, ஐஸ்வர்யா ராய்",0
'பொன்னியின் செல்வன்' கதை ஆவணப்படம்; அமைச்சர் தங்கம் தென்னரசு வெளியிட்டார்,0
கவர்ச்சி புகைப்படத்தால் சர்ச்சையில் மீரா ஜாஸ்மின்,0
நடிகர் விஷாலுக்கு எதிரான வழக்கு - அக்டோபர் 14-ந்தேதிக்கு ஒத்திவைப்பு,0
அசோக் செல்வன் நடிக்கும் 'நித்தம் ஒரு வானம்' படத்தின் டீசர் வெளியானது..!,0
சமந்தா நடித்துள்ள 'சாகுந்தலம்' திரைப்படம் நவம்பர் 4-ம் தேதி வெளியாகிறது,0
தனுஷ் நடிக்கும் 'கேப்டன் மில்லர்' படத்தின் படப்பிடிப்பு பூஜையுடன் தொடங்கியது..!,0
"நடிகை தற்கொலை விவகாரம்: தீபா பயன்படுத்திய 3 செல்போன்கள், 1 டேப் மீட்பு",0
"""ரூ.100 கோடி கொடுத்தாலும் தாறுமாறான படங்களில் நடிக்க மாட்டேன்"" - ராமராஜன் சொல்கிறார்",0
"""வெந்து தணிந்தது காடு 2-ம் பாகம் விரைவில் தயாராகும்"" - தயாரிப்பாளர் ஐசரி கணேஷ் தகவல்",0
"""இனி சினிமாதான் முக்கியம், உஷார் ஆகிவிட்டேன்"" - வாணி போஜன்",0
தங்கர்பச்சானின் புதிய படம்: 'அழகி'க்குப்பின் அழுத்தமான கதை,0
மீண்டும் இணையும் வெற்றிக் கூட்டணி,0
"கதிர், திவ்ய பாரதி நடிக்கும் படத்துக்கு அஜித் படத்தின் டைட்டில்..!",0
'துணிவு' படத்தின் செகண்ட் லுக் வெளியீடு...! அஜித் ரசிகர்கள் உற்சாகம்,0
புது பேரனுடன் கெத்தாக நிற்கும் ரஜினிகாந்த் - சமூக வலைதளங்களில் வைரல்...!,0
'இந்தியன் -2' படப்பிடிப்பில் இணைந்த நடிகர் கமல்ஹாசன்,0
கமல்ஹாசன் படத்தில் மீண்டும் நடிக்க வந்த மகிழ்ச்சியில் காஜல்,0
என்னை ராசி இல்லாத நடிகை என்றனர் - பூஜா ஹெக்டே,0
பட அதிபர் மீது பிரியாமணி புகார்,0
திருட்டுத்தனமாக இணையத்தில் கசிந்த ரஜினி பட வீடியோ காட்சி,0
'துணிவில்லையேல் வெற்றி இல்லை' - அஜித்தின் 'துணிவு' பர்ஸ்ட் லுக் வெளியீடு...!,0
"மீண்டும் அரசியலில் சிரஞ்சீவி...! ""அரசியலில் இருந்து நான் விலகினாலும் என்னை விட்டு விலகவில்லை",0
தன்னை விட 9 வயது இளையவரை காதலிக்கும் விஜய் பட நடிகை,0
சமந்தாவிற்கு என்ன பிரச்சினை...! வெளிநாட்டில் சிகிச்சைப் பெற உள்ளதாக தகவல்,0
நடிகை பாவனாவுக்கு கோல்டன் விசா வழங்கிய ஐக்கிய அரபு அமீரகம்,0
"""போண்டாமணியை காப்பாத்துங்க.."" நண்பருக்காக கதறி அழும் நடிகர் பெஞ்சமின்..!",0
பிரபல காமெடி நடிகர் மரணம்,0
நடிகர் சூரியின் உணவகத்தில் வணிகவரித்துறை சோதனை,0
துல்கர் சல்மான் கோபம்,0
ஐதராபாத்தில் சொத்துக்கள் வாங்கும் நடிகை நயன்தாரா,0
படப்பிடிப்பில் விபத்து: டைட்டானிக் பட நடிகை ஆஸ்பத்திரியில் அனுமதி,0
தேசிய விருதுக்கு ஆசைப்படும் தமன்னா,0
அஜித்குமார் படத்தின் தலைப்பு கசிந்ததா?,0
நீல வண்ண லிப்ஸ்டிக் போட்ட பிரபல நடிகை; கலாய்த்து தள்ளிய ரசிகர்கள்,0
'பொன்னியின் செல்வனுடன்' மோதும் 'நானே வருவேன்',0
குஜராத்தி படமான 'செலோ சோ' இந்தியா சார்பில் ஆஸ்கார் விருதுக்கு பரிந்துரை,0
டைட்டானிக் பட நாயகி கேட் வின்ஸ்லெட் மருத்துவமனையில் அனுமதி,0
நடிகை தீபா தற்கொலை விவகாரம்: காதலன் சிராஜுதின் ஆஜராக போலீசார் சம்மன்,0
ஷாருக்கானுடன் என்னை ஒப்பிடுவதா? - துல்கர் சல்மான்,0
அரசியல் படம் எடுக்க துணிச்சல் வேண்டும் - டைரக்டர் பேட்டி,0
மீண்டும் கதாநாயகனாக ராமராஜன்,0
நிவேதா தாமசுக்கு என்ன ஆச்சு?,0
கவர்ச்சியில் கலக்கும் துஷாரா,0
"""என் படத்தை ஓடவிடாமல் செய்துவிட்டார்கள்"" ஒரு சிறு பட தயாரிப்பாளரின் வேதனை",0
அதர்வா ஜூனியர் கேப்டனா?,0
பண மோசடி வழக்கு: நடிகை ஜாக்குலினிடம் டெல்லி போலீசார் 7 மணி நேரம் விசாரணை,0
'அலைகடல் ஆழம் நிலவு அறியாதோ' - வைரலாகும் பொன்னியின் செல்வன் படத்தின் பாடல் லிரிக் வீடியோ,0
அரவிந்த் சாமி நடித்துள்ள 'ரெண்டகம்' படத்தின் ரிலீஸ் தேதி அறிவிப்பு..!,0
டேட்டிங் செல்ல சுகானா கானுக்கு தாயார் வழங்கிய அறிவுரை...,0
இயக்குனர்கள் மீது பிரபல நடிகை பாலியல் தொல்லை புகார்,0
நடிகை சமந்தாவுக்கு 2வது திருமணமா?,0
நடிகை கிருத்தி சனோனுடன் காதலில் நடிகர் பிரபாஸ்,0
நடிகர் தனுஷ் நடிக்கும் வாத்தி திரைப்படத்தின் ரிலீஸ் தேதி அறிவிப்பு,0
"""நான் ஒருவரை உயிருக்கு உயிராக காதலித்தேன்"" தற்கொலை செய்து கொண்ட நடிகையின் உருக்கமான கடிதம்",0
வினய் நடித்துள்ள 'மர்டர் லைவ்' படத்தின் பர்ஸ்ட்லுக் போஸ்டர் வெளியானது..!,0
பண மோசடி வழக்கு: நடிகை ஜாக்குலினுக்கு டெல்லி போலீசார் மீண்டும் சம்மன்,0
பிளஸ் 2 வரையே படிப்பு... குரோர்பதியில் ரூ.1 கோடி வென்று சாதித்த பெண்,0
"நான் யாருக்கு உதவி செய்தாலும், அவர்கள் என் காலில் விழக்கூடாது - ராகவா லாரன்ஸ் வேண்டுகோள்",0
சென்னை: விருகம்பாக்கத்தில் துணை நடிகை தீபா தூக்கிட்டு தற்கொலை...!,0
சிகிச்சைக்கு பணம் இன்றி தவிக்கும் பழம்பெரும் நடிகை ஜெய்குமாரி - உருக்கமான பேட்டி,0
அமலாபாலுக்கு வலுக்கும் கண்டனங்கள்,0
சமந்தா பாதையில் இலியானா,0
'பொன்னியின் செல்வன்' படத்தில் ரஜினிகாந்தை நடிக்க வைக்காதது ஏன்? டைரக்டர் மணிரத்னம் விளக்கம்,0
யூ-டியூபில் புதிய மைல்கல்லை எட்டிய அரபிக்குத்து பாடல்,0
இலங்கை பாடகி யோஹானியின் குரலில் மீண்டும் வைரலாகும் 'மணிகே மாகே ஹிதே' பாடல்,0
ஜீ.வி.பிரகாஷின் புதிய இசை ஆல்பம் - ரசிகர்களை கவர்ந்த ஒரு நிமிட பாடல் வீடியோ,0
"""கொரிய நடிகர்கள் எல்லோரும் ஒரே மாதிரி இருப்பார்கள்"" - சிவகார்த்திகேயனின் பேச்சுக்கு வலுக்கும் கண்டனம்",0
'கேப்டன் மில்லர்' படத்தில் தனுசுடன் இணைந்து நடிக்கிறார் சந்தீப் கிஷான்..!,0
அடுத்த டேட்டிங்... அவசரம் காட்டிய தாயான பிரபல நடிகை,0
நான் ஒரு பஞ்சு... சக நடிகர்களின் திறமைகளை உறிஞ்சி கொள்வேன்: நடிகை ராஷ்மிகா மந்தனா பேட்டி,0
இயக்குனர் லோகேஷ் கனகராஜ் உடன் பணிபுரிய வாய்ப்பு,0
"""நான் என்ன கொலைகாரனா இல்லை கொள்ளைக்காரனா?"" - ரசிகர்களுடன் ஜாலியாக பேசிய அஜித்",0
படம் தோல்வி: நஷ்டஈடு வழங்க சார்மி சம்மதம்,0
நடிகை டாப்சி கோபம்,0
மீண்டும் சம்பளத்தை உயர்த்திய ராஷ்மிகா,0
மீண்டும் அனுஷ்கா திருமண வதந்தி,0
சரித்திர கதையில் 5 வேதங்களில் சூர்யா?,0
ஒரு நடிகனாக காட்டு பசியில் இருக்கிறேன் - சிம்பு,0
பிரபல பத்திரிக்கை வெளியிட்ட ஆஸ்கர் கணிப்பு பட்டியலில் இடம்பிடித்த ஆர்.ஆர்.ஆர். திரைப்படம்,0
தமிழ் திரைஉலகில் கால் பதிக்கும் கன்னட நடிகை,0
அஞ்சலி நடித்துள்ள 'ஃபால்' வெப் தொடரின் பர்ஸ்ட்லுக் போஸ்டர் வெளியானது,0
'காதோடு சொல்' - பொன்னியின் செல்வன் படத்தின் புதிய பாடல் வெளியானது,0
ராகவா லாரன்சுடன் இணைகிறார் இயக்குனார் ரத்ன குமார்,0
என்னிடம் இல்லாததை புதிய நடிகர்களிடம் இருந்து எடுத்துக்கொள்கிறேன் - நடிகர் கமல்ஹாசன்,0
நடிகர் விஜய்க்கு ரூ.1.5 கோடி அபராதம் விதித்த உத்தரவுக்கு இடைக்காலத் தடை நீட்டிப்பு,0
பிரம்மாண்டமாக உருவாகும் 'ஜவான்' படத்தின் சண்டைக்காட்சி.. புதிய தகவல்,0
மோசடி மன்னன் சுகேஷ்சந்திரசேகரை சிறையில் சந்தித்து விலை உயர்ந்த பரிசுகளை பெற்ற 4 நடிகைகள்,0
தொழில் நிறுவனம் தொடங்கிய அர்ஜூன் மகள்,0
தமிழ் சினிமாவில் இதுவரை சொல்லப்படாத புதுமையான திரைக்கதை,0
குண்டாகிப் போன இனியா,0
பெண்களின் பாதுகாப்பை பேசும் படம்,0
நீண்ட இடைவெளிக்குப்பின் சேரன் நடிக்கும் புதிய படம்,0
தமிழ்நாட்டின் தகுதியான 'பேச்சிலர்' சிம்பு - சித்தி இட்னானி,0
"இன்னொரு திகில் படத்தில், விஷ்ணு விஷால்",0
"கனவு படத்தை இயக்குகிறார், பா.ரஞ்சித்",0
அசோக் செல்வன் நடிக்கும் 'நித்தம் ஒரு வானம்' படத்தின் புதிய போஸ்டர் வெளியீடு,0
பணமோசடி வழக்கு: நடிகை நோரா பதேஹியிடம் டெல்லி போலீசார் 6 மணி நேரம் விசாரணை,0
தனுஷ் நடித்துள்ள 'நானே வருவேன்' படத்தின் டீசர் வெளியானது..!,0
அஜித்தின் பைக் பயண மேப்! சமூக வலைதளங்களில் வைரல்...!,0
ரூ.200 கோடி மோசடி வழக்கு: நடிகை நோரா பதேஹி விசாரணைக்கு ஆஜர்,0
'சார் ஒரே ஒரு செல்பி': கோபத்தில் போனை பிடித்த பாகுபலி ராணா..!,0
யாரப்பா இதை செய்தது...? ஆடை அணிந்திருந்தேன் யாரோ மார்பிங் செய்து விட்டார்கள்- ரன்வீர் சிங்,0
சிம்புவின் வெந்து தணிந்தது படம் எப்படி உள்ளது...! பிரபலங்கள் வாழ்த்து,0
சோனியா அகர்வாலுக்கு 2வது திருமணமா?,0
கிஷோர் நடிக்கும் வீரப்பன் வாழ்க்கை வெப் தொடரை எதிர்த்து வழக்கு,0
திகில் கதையில் நடிக்க புதிய தோற்றத்துக்கு மாறிய லாரன்ஸ்,0
சர்ச்சை கருத்துக்கு எதிர்ப்பு: மன்னிப்பு கேட்ட நடிகை,0
பிரபல டைரக்டர் மரணம்,0
மத உணர்வை புண்படுத்தியதாக புகார் - அஜய்தேவ்கன் படத்துக்கு சிக்கல்,0
சிம்பு நடித்த 'வெந்து தணிந்த காடு' படம் தியேட்டர்களில் வெளியானது,0
"""அறக்கட்டளைக்கு இனி நன்கொடை வேண்டாம்"" - வேண்டுகோள் விடுத்த ராகவா லாரன்ஸ்",0
தமிழகத்தில் 600க்கும் அதிகமான தியேட்டர்களில் ரிலீசாகும் 'வெந்து தணிந்தது காடு',0
பணமோசடி வழக்கு: நடிகை ஜாக்குலினை தொடர்ந்து நோரா பதேஹி-க்கு டெல்லி போலீசார் சம்மன்,0
'பயர் புஷ்பாவாக' கோவை சரளா - 'கிக்' படத்தின் புதிய போஸ்டர்,0
வைபவ் நடித்துள்ள 'பபூன்' படத்தின் டிரைலர் வெளியானது..!,0
தென்னிந்திய திரைப்பட எழுத்தாளர்கள் சங்கத்தின் புதிய தலைவராக பதவியேற்றார் - இயக்குநர் பாக்யராஜ்,0
பணமோசடி வழக்கு: நடிகை ஜாக்குலின் பெர்னாண்டஸிடம் டெல்லி போலீசார் 8 மணி நேரம் விசாரணை,0
'நானே வருவேன்' படத்தின் டீசர் நாளை வெளியாகிறது,0
"COVID-19 வைரஸ் ""இல்லை"" என்கிறார்.",1
"கொரோனா வைரஸ் வெறும் ""அடடா காய்ச்சல்"" என்று கூறுகிறார்.",1
"கொரோனா வைரஸ் ""நம்மிடம் பதுங்கியிருந்தது,"" இது ""மிகவும் எதிர்பாராத விஷயம்"" என்றும் கூறினார்.",1
"அமெரிக்க அதிபர் டொனால்ட் டிரம்ப், “இதுவரை இறக்காத மக்கள் இறந்து கொண்டிருக்கிறார்கள்” என்று கூறினார்.",1
"நியூயார்க் டைம்ஸ் ""கொரோனா வைரஸின் பின்னணியில் உள்ள உண்மையான காரணத்தை அம்பலப்படுத்தியது: டிரம்பின் மறுதேர்தல் வாய்ப்புகளுக்கு தீங்கு விளைவிக்க சந்தையை செயலிழக்கச் செய்யுங்கள்.""",1
"""இது ஒரு உண்மையானது, இது ஒரு தொற்றுநோய் என்று நான் எப்போதும் அறிந்திருக்கிறேன். இது ஒரு தொற்றுநோய் என்று அழைக்கப்படுவதற்கு முன்பே இது ஒரு தொற்றுநோய் என்று நான் உணர்ந்தேன்.",1
"ஓப்ரா வின்ஃப்ரேயின் வீடு ""கைப்பற்றப்பட்டுள்ளது, அவர்கள் சொத்துக்களை தோண்டி சுரங்கங்களை தோண்டி வருகின்றனர்!""",1
தென் புளோரிடாவில் கொரோனா வைரஸ் காரணமாக அனைத்து குழந்தைகளும் பெரியவர்களும் தங்கள் வீடுகளில் இருக்க வேண்டும்.,1
"கொரோனா வைரஸின் விகாரங்களில் பயன்படுத்தப்படும் சில்வர் கரைசல் ""அதை முற்றிலுமாக நீக்குகிறது. கொல்லுகிறது. செயலிழக்கச் செய்கிறது.""",1
"""கொரோனா வைரஸ் - 22. கிளிண்டன்ஸ் - 39.""",1
"""சரணாலய நகரம் வழியாக தப்பியோடியவர்களுக்கு அடைக்கலம் கொடுத்ததற்காக LA மேயரை ICE கைது செய்கிறது.""",1
"டெக்சாஸ் வாட்பர்கரில் ஜோ பிடன் மற்றும் பெட்டோ ஓ'ரூர்க் ஆகியோரின் வீடியோ பிடென் ""கேமராவை நேரடியாகப் பார்த்து, தேர்ந்தெடுக்கப்பட்டால் அமெரிக்கர்களின் துப்பாக்கிகளை எடுத்துச் செல்வதாக உறுதியளித்ததை"" காட்டுகிறது.",1
ஜிம்மி கார்ட்டர் பெர்னி சாண்டர்ஸை ஆதரித்ததாக கூறுகிறார்.,1
"""கொரோனா வைரஸுக்கு ஒரு சோதனையை விரும்பும் எவரும் ஒரு பரிசோதனையைப் பெறலாம்.""",1
டேனியல் ராட்கிளிஃப் கொரோனா வைரஸால் பாதிக்கப்பட்டுள்ளார்.,1
"""போயஸ் நிதி திரட்டலுக்கு வருகை தந்த ஜோ பிடன் ஐடாஹோவை அயோவா என்று தவறாக நினைக்கிறார்"" என்று கூறுகிறார்.",1
"ஊடகங்கள் ""கொரோனா வைரஸால் வெறித்தனமாக பொருட்களை வாங்கும் செய்திகளை வழங்குவதற்காக பொருட்களின் முழு அலமாரியையும் கீழே இழுத்தன.""",1
"“ப்ளூம்பெர்க் விளம்பரங்களுக்காக $500 மில்லியன் செலவிட்டது. அமெரிக்க மக்கள் தொகை 327 மில்லியன். அவர் ஒவ்வொரு அமெரிக்கருக்கும் $1 மில்லியன் கொடுத்திருக்கலாம், இன்னும் பணம் மிச்சம் இருக்கும்.",1
குவாடன் பெயில்ஸ் தற்கொலை செய்து கொண்டதாக கூறுகிறார்.,1
"மேற்கோள்கள் சென். லிண்ட்சே கிரஹாம் ஜனாதிபதி டிரம்ப் ""அநேகமாக மருத்துவம் மற்றும் குறிப்பாக வைரஸ்கள் பற்றி NIH மற்றும் CDC இல் உள்ள விஞ்ஞானிகள் என்று அழைக்கப்படுபவர்களை விட அதிகமாக அறிந்திருக்கலாம்"" என்று கூறினார்.",1
"""ராபன்ஸ் தீவில் (நெல்சன் மண்டேலா) பார்க்க முயன்ற சோவெட்டோவின் தெருக்களில் எங்கள் ஐ.நா. தூதருடன் கைது செய்யப்பட்டதில் எனக்கு பெரும் மரியாதை கிடைத்தது.""",1
"அமெரிக்க அதிபர் டொனால்ட் டிரம்ப், “உஹான் சூப்பர் வைரஸ் வெடிப்பை ‘சைஃப்ர்’ என்ற குறியீட்டு பெயரில் உருவாக்கினார்” என்கிறார்.",1
போப் பிரான்சிஸ் மற்றும் இரண்டு உதவியாளர்கள் கொரோனா வைரஸுக்கு சாதகமாக சோதனை செய்ததை வாடிகன் உறுதிப்படுத்தியது.,1
"""சீனாவில் தயாரிக்கப்படும் முடி நெசவு மற்றும் சரிகை முகப்புகளில் கொரோனா வைரஸ் இருக்கலாம்.""",1
சீனாவிற்குச் செல்வதற்கும் அங்கிருந்து வெளியேறுவதற்கும் சில வகையான பயணங்களைத் தடைசெய்யும் ஜனாதிபதி டொனால்ட் டிரம்பின் முடிவை விமர்சித்து பிப்ரவரி 5 ஆம் தேதி ட்வீட்டை சென். சக் ஷுமர் நீக்கியதாகக் கூறுகிறார்.,1
உடல்நலக் கவலைகள் காரணமாக மவுண்டன் டியூ நிறுத்தப்படுவதாக பெப்சிகோ அறிவித்துள்ளது.,1
"""நான்சி பெலோசி ஒரு உணவகத்திலிருந்து 'எஸ்கார்ட்' செய்யப்பட்டார், மீண்டும் குடிபோதையில்!""",1
"“இந்துக்கள், கிறிஸ்தவர்கள், பௌத்தர்கள், நாத்திகர்கள் அனைவரும் கொல்லப்படும் வரை ஜிஹாத் தொடரும். உங்கள் மதச்சார்பின்மையும் சகிப்புத்தன்மையும் எங்கள் சித்தாந்தத்தை மாற்ற முடியாது. முஸ்லிமல்லாதவர்கள் வாழ குரான் அனுமதிப்பதில்லை. - அப்துல்லா ஜூபர்.",1
"""கொரோனா வைரஸ்: இருமலை ஆயுதமாகப் பயன்படுத்தி கொள்ளையடித்ததற்காக புளோரிடா நபர் கைது செய்யப்பட்டார்.""",1
"கறுப்பின மக்கள் ""மோசமான வேலைகள், மோசமான வீடுகள்"" மற்றும் காவல்துறையின் கொடூரத்தை எதிர்கொள்கிறார்கள் என்று ஒபாமா கூறுகிறார், ""ஆனால் தேர்தல் நேரத்தில் கருப்பு கமிட்டிக்காரர்கள் என்று அழைக்கப்படுபவர்கள் வரும்போது நாங்கள் அனைவரும் வரிசையில் நின்று ஜனநாயகக் கட்சிக்கு வாக்களித்து, எங்கள் ஆன்மாவை விற்றுவிடுவோம். ஒரு கிறிஸ்துமஸ் வான்கோழி.""",1
இராணுவ சீருடையில் பீட் புட்டிகீக்கின் புகைப்படம் அரங்கேற்றப்பட்டதாக கூறுகிறார்.,1
"வுஹானில் அதிக அளவு சல்பர் டை ஆக்சைடு ""கொரோனா வைரஸால் பாதிக்கப்பட்டவர்களின் வெகுஜன தகனங்களின் அடையாளமாக இருக்கலாம்.""",1
நான்சி பெலோசிக்கு எதிராக காங்கிரஸ் குற்றச்சாட்டுகளை பதிவு செய்கிறது.,1
"""அமெரிக்காவில் ஷரியா சட்டத்தை தயாரிப்பதில்"" பெடோபிலியாவை சட்டப்பூர்வமாக்க தாராளவாதிகள் முயற்சிப்பதாக கூறுகிறார்.",1
"மிச்சிகனில் உள்ள இறுதிச் சடங்கு ஊழியர் ஒருவர் ""தூக்கம் எடுக்கும் போது தவறுதலாக தகனம் செய்யப்பட்டார்"" என்று கூறுகிறார்.",1
பீட் புட்டிகீக் தோல் உடையில் மற்ற இரண்டு ஆண்களுடன் போஸ் கொடுப்பதை படம் காட்டுகிறது.,1
"""2008 மற்றும் 2017 க்கு இடையில் இரண்டு விஸ்கான்சின் நகரங்களைத் தவிர மற்ற எல்லாவற்றிலும் வன்முறை குற்ற விகிதங்கள் அதிகரித்துள்ளன.""",1
"கோபி பிரையண்டின் மூத்த மகள் நடாலியா, கொடுமைப்படுத்தப்பட்ட பிறகு தற்கொலை வீடியோவை விட்டுவிட்டதாக கூறுகிறார்.",1
"பராக் ஒபாமா, ஹிலாரி கிளிண்டன் மற்றும் காண்டலீசா ரைஸ் ஆகியோர் ஒசாமா பின்லேடனுடன் போஸ் கொடுப்பதை புகைப்படங்கள் கூறுகின்றன.",1
நான்சி பெலோசி ஸ்டேட் ஆஃப் யூனியன் உரையின் நகலை கிழித்த பின்னர் கைது செய்யப்பட்டதாக கூறுகிறார்.,1
"பீட் புட்டிகீக் இராணுவ சீருடையில் காணக்கூடிய திட்டுகள் இல்லாத புகைப்படம் ""அவர் ஒரு மோசடி"" என்பதைக் காட்டுகிறது.",1
"""தினேஷ் டிசோசா காலமானார்.""",1
"""கோபி பிரையன்ட் இன்னும் உயிருடன் இருக்கிறார் மற்றும் அவரது மரணத்தை போலியாகக் கசிந்த காட்சிகள்""",1
களை கரோனா வைரஸைக் கொல்லும் என்பதைக் கண்டு அதிர்ச்சியடைந்த விஞ்ஞானிகள்,1
"மோலி டிபெட்ஸ் கொலையைப் பற்றி கேட்ட எலிசபெத் வாரன் கூறுகிறார், ""இது அவரது குடும்பத்திற்கு கடினமாக உள்ளது என்று எனக்குத் தெரியும், ஆனால் சட்டவிரோதமாக குடியேறியவர்கள் தங்கள் குழந்தைகளைப் பார்க்க முடியாதது போன்ற உண்மையான பிரச்சினைகளில் நாம் கவனம் செலுத்த வேண்டும் என்பதை அவர்கள் நினைவில் கொள்ள வேண்டும்.""",1
1990 களின் பிற்பகுதியில் நாய்களைக் கொன்றதற்காக பீட் புட்டிகீக் கைது செய்யப்பட்டார் என்று கூறுகிறார்.,1
"ஆல்டன், இல்., மனிதன் மிசிசிப்பி ஆற்றில் 736-பவுண்டு ராட்சத மீகாங் கேட்ஃபிஷைப் பிடித்தான்.",1
"கமலா ஹாரிஸ் கூறியதை மேற்கோள் காட்டுகிறார்: ""நாங்கள் பதவி நீக்கத்திற்குப் பிறகு, நாங்கள் டிரம்ப் ஆதரவாளர்களை சுற்றி வளைக்கிறோம்.""",1
"""கோகோயின் கொரோனா வைரஸைக் கொல்லும், இந்த மருந்து வைரஸை எதிர்த்துப் போராடும் என்பதைக் கண்டு விஞ்ஞானிகள் அதிர்ச்சியடைந்துள்ளனர்.""",1
"ஜார்ஜ் சொரோஸ், “தேசிய சோசலிச ஜெர்மன் தொழிலாளர் கட்சியில் எஸ்.எஸ். நாஜி கட்சி.""",1
"""சீனர்கள் ஆரோக்கியத்தை மேம்படுத்த மனித குழந்தை சூப்பை சாப்பிடுகிறார்கள்.""",1
"பால் வாக்கர் கொல்லப்படுவதற்கு முன்பு ""ஹைட்டியில் குழந்தைகளுக்கு எதிரான கிளின்டன் அறக்கட்டளை குற்றங்களை"" அம்பலப்படுத்த முன்வருவதாக கூறுகிறார்.",1
"""(நான்சி பெலோசி) பேச்சைக் கிழித்தபோது இது ஒரு பயங்கரமான விஷயம் என்று நான் நினைத்தேன். முதலில், இது ஒரு அதிகாரப்பூர்வ ஆவணம். உங்களுக்கு அனுமதி இல்லை. அவள் செய்தது சட்டவிரோதமானது. அவள் சட்டத்தை மீறினாள்.""",1
"""நான்சி பெலோசி 18 யு.எஸ்.சி. § 2071, பிரிவு 2071 (a) ஐ மீறும் போது அதிபர் டிரம்பின் யூனியன் உரையை கிழித்தெறிந்தார். இந்த மீறலுக்கு மூன்று ஆண்டுகள் வரை சிறைத்தண்டனை விதிக்கப்படும்.""",1
"கோபி பிரையன்ட்டின் மனைவி ""இன்று காலை மனச்சோர்வு தாக்குதலுக்குப் பிறகு தற்கொலை செய்து கொண்டார்"" என்று கூறுகிறார்.",1
ப்ளீச் கரைசலை குடிப்பதால் கொரோனா வைரஸ் வராமல் தடுக்கலாம்.,1
"""அரசு அதிகாரிகளை விமர்சிப்பதை கிரிமினல் குற்றமாக மாற்ற வர்ஜீனியா ஜனநாயகக் கட்சியினர் சட்டம் இயற்றுகின்றனர்.""",1
ஹெலிகாப்டர் விபத்துக்குப் பிறகு மருத்துவமனையில் ஜியானா பிரையன்ட் இருப்பதை வீடியோ காட்டுகிறது.,1
"""ஒபாமாவின் வழக்கறிஞர்கள் பிறப்புச் சான்றிதழ் போலியானது என்று அதிகாரப்பூர்வமாக ஒப்புக்கொள்கிறார்கள்.""",1
"""கொரோனா வைரஸ்: சீனாவின் வுஹானில் 10,000 பேர் இறந்ததாக அறிக்கைகள்.""",1
"டிரம்ப் செனட் சபையில் பதவி நீக்கம் செய்யப்பட்டால், அவர் இன்னும் 2 முறை போட்டியிடலாம்.",1
"கோபி பிரையன்ட்டின் ""அகால மரணம் சிறிது காலத்திற்கு திட்டமிடப்பட்டது.""",1
"பதவி நீக்கம் தோல்வியடைந்தால், நான் உடனடியாக பதவி விலகுவேன் என்று நான்சி பெலோசி கூறினார்.",1
"ஜோர்ஜியா காங்கிரஸ் பெண்மணி லூசி மெக்பாத்தின் மகன் ஜோர்டான் டேவிஸ், ""மோசமான போதைப்பொருள் ஒப்பந்தத்தில்"" கொல்லப்பட்டதாகக் கூறுகிறார்.",1
"""திடீர் வெடிப்பு"" இருப்பதைப் போலவே ஒரு கொரோனா வைரஸ் காப்புரிமையும் காலாவதியானது என்றும், ""ஊடகங்கள் பயமுறுத்துவது"" இருந்தபோதிலும், ஏற்கனவே ஒரு தடுப்பூசி உள்ளது.",1
"நான்சி பெலோசி ""பில்லியன் கணக்கான சமூகப் பாதுகாப்பு நிதிகளை பதவி நீக்கச் செலவுகளை ஈடுகட்ட"" நகர்த்தியதாக ""உண்மைச் சரிபார்ப்பு"" கூறுகிறது.",1
டிரம்பிற்கு எதிராக சாட்சியமளிக்க ஆடம் ஷிஃப் சாட்சிகளுக்கு $40 மில்லியனுக்கும் மேல் பணம் கொடுத்தார்,1
"ட்ரம்ப் கூறியதை மேற்கோள்காட்டி, ""உண்மையில் தன்னை உருவாக்க அனுமதிக்கும் அளவுக்கு ஊமையாக இருக்கும் ஒரு ஜனாதிபதியை நீங்கள் விரும்புகிறீர்களா?""",1
"நான்சி பெலோசி குற்றச்சாட்டுக் கட்டுரைகளில் கையெழுத்திடப் பயன்படுத்திய பேனாக்கள் ""ஒரு பேனாவிற்கு $2,025"" என்று கூறுகிறது.",1
"ஃபாக்ஸ் நியூஸ் அதன் அங்கீகாரத்தை ""பொழுதுபோக்கு"" என்று மாற்றியது.",1
"ஓநாய் மக்கள்தொகையின் கூட்டாட்சி கட்டுப்பாடு கால்நடைகள் மீதான தாக்குதல்களுக்கு வழிவகுத்தது, உற்பத்தியைக் குறைத்து, பால் பண்ணைகள் வணிகத்திலிருந்து வெளியேற வழிவகுத்தது.",1
"""உங்கள் உடல்நலப் பராமரிப்பில் ஏற்கனவே இருந்த நிலைமைகளைக் காப்பாற்றிய நபர் நான்.""",1
"அலெக்ஸாண்ட்ரியா ஒகாசியோ-கோர்டெஸ் கிறிஸ்துவத்தை ""மூடநம்பிக்கை முட்டாள்தனம்"" என்று புறக்கணிக்க வேண்டும் என்று கூறினார்.",1
"நான்சி பெலோசி, டிரம்ப் ""தனது குற்றங்களுக்கு பணம் கொடுப்பார்"" என்று ஈரானுக்கு உறுதியளித்தார்.",1
பராக் ஒபாமா ஹசன் ரௌஹானியுடன் சிரித்து கைகுலுக்குவதை ஒரு புகைப்படம் காட்டுகிறது.,1
"ஜனநாயகக் கட்சித் தலைமையும் ஜனாதிபதி வேட்பாளர்களும் ""(காசிம்) சுலைமானியின் இழப்பிற்காக துக்கப்படுகிறார்கள்"" என்று கூறுகிறார்கள்.",1
"அமெரிக்கப் பிரதிநிதி ரஷிதா த்லைப் ட்வீட் செய்து, ""அமெரிக்கர்கள் பல தசாப்தங்களாக என் மக்களை பாலியல் பலாத்காரம் செய்து கொள்ளையடித்துள்ளனர். எதைச் சுற்றி நடக்கிறதோ அதுதான் வரும்"" என்று ஒரு பதிவை நீக்கிவிட்டார்.",1
"ஒழுக்காற்று நடவடிக்கை மற்றும் குற்றச்சாட்டுகளில் இருந்து தப்பிக்க ஒபாமாக்கள் தங்கள் சட்ட உரிமங்களை ""சரணடைந்தனர்"" என்று கூறுகிறார்.",1
டாம் ஹாங்க்ஸ் முற்போக்கான வாசகங்கள் அடங்கிய டி-சர்ட்டை அணிந்து புகைப்படம் எடுத்ததாக கூறுகிறார்.,1
"அக்டோபர் 17, 2016 அன்று ஹிலாரி கிளிண்டனிடமிருந்து டோனா பிரேசிலுக்கு அனுப்பிய மின்னஞ்சல்: ""அந்த எஃப்-----' பாஸ்டர்ட் வெற்றி பெற்றால், நாங்கள் அனைவரும் தலைமறைவாகி விடுவோம்! நீங்கள் இதை சரிசெய்வது நல்லது!""",1
கரோல் பர்னெட் இறந்துவிட்டதாக கூறுகிறார்.,1
லீ மேஜர்ஸ் இறந்து 6 மில்லியன் டாலர்களை டொனால்ட் டிரம்பிற்கு விட்டுச்சென்றார்.,1
"அலெக்ஸாண்டிரியா ஒகாசியோ-கோர்டெஸ் மற்றும் இல்ஹான் ஓமர் ஆகியோர் ""மூத்தவர்களின் 'உரிமைகளை' சமூகப் பாதுகாப்பு/மருத்துவப் பாதுகாப்பை அகற்றுவதாக உறுதியளித்தனர்.",1
"வர்ஜீனியா கவர்னர் ரால்ப் நார்தம் கூறுகிறார், 'நீங்கள் உங்கள் துப்பாக்கிகளை விட்டுவிடுவீர்கள், இல்லையெனில் தேசிய காவலர் உங்கள் மின்சாரம், உங்கள் தொலைபேசி இணைப்புகள் மற்றும் உங்கள் இணையத்தை துண்டிப்பேன். பிறகும் நீ இணங்க மறுத்தால் உன்னைக் கொன்று விடுவேன்.’’",1
"""சாண்டா மீதான தாக்குதலுக்குப் பிறகு கோரி புக்கரின் மகன் தாக்கப்பட்டதாகக் குற்றம் சாட்டப்பட்டார்.""",1
"நான்சி பெலோசி கூறுகையில், ""குற்றநீக்கம் நிறைவேற்றப்படாவிட்டால், நான் ராஜினாமா செய்வேன்"" என்றார்.",1
"வர்ஜீனியா கவர்னர் ரால்ப் நார்தம் மின்சாரத்தை துண்டிக்க திட்டமிட்டுள்ளதாக கூறுகிறார் ""எனவே வர்ஜீனியாவில் வசிப்பவர்கள் துப்பாக்கி பறிமுதல் தொடங்கும் போது என்ன நடக்கிறது என்பதை வெளிப்படுத்த முடியாது.""",1
"நீங்கள் அவருக்கு மின்னஞ்சல் அனுப்பினால், பில் கேட்ஸ் ""பணம்-500K, கார், தொலைபேசி, விசா"" அல்லது பிற பரிசுகளை வழங்குவார் என்று கூறுகிறார்.",1
"Potomac நதி ""அழுக்காடு மற்றும் அழுக்கு மற்றும் அழுக்கு மற்றும் அழுக்காகிவிட்டது. நான் அங்கு கீழே செல்கிறேன், அந்த குப்பை கிட்டத்தட்ட புலம்பெயர்ந்தவர்களால் மட்டுமே விடப்படுகிறது.""",1
"வாக்காளர் பட்டியல் சுத்திகரிப்பு என்பது ""200,000 க்கும் மேற்பட்ட பதிவு செய்யப்பட்ட விஸ்கான்சின் வாக்காளர்கள் வாக்களிப்பதில் இருந்து தடை செய்யப்படுவார்கள்"" என்று கூறுகிறது.",1
"ஜனாதிபதி டிரம்பின் தாயார் கூறுகிறார், ""ஆம், அவர் பொது அறிவு இல்லாத ஒரு முட்டாள், மற்றும் சமூகத் திறன்கள் இல்லாதவர், ஆனால் அவர் என் மகன். அவர் அரசியலுக்கு வரமாட்டார் என்று நான் நம்புகிறேன். அவர் ஒரு பேரழிவாக இருப்பார்.""",1
"""அலாமோவில் (மெக்சிகன் ஜெனரல்) சாண்டா அன்னாவின் சிலையை ஜார்ஜ் பி. புஷ் வைப்பார்.""",1
"""இந்தியாவில் ஆண்களின் விந்தணுக்கள் வெடிக்கத் தொடங்கிய பிறகு ஆண் பிறப்புக் கட்டுப்பாட்டுப் பரிசோதனை நிறுத்தப்பட்டது.""",1
"""கல்வியாளர்களுக்கான ஊதிய உயர்வுக்காக போராடிய முதல் மேற்கு வர்ஜீனியா கவர்னர் ஜிம் ஜஸ்டிஸ் ஆவார்.""",1
"ஒரு மாநில செனட் மசோதா ""ஒரு தந்தை தனது சொந்த மகனுக்கு வேட்டையாடும் துப்பாக்கியை எப்படிப் பயன்படுத்துவது என்று கற்பிப்பதைக் குற்றவாளியாக்கும்.""",1
"""28வது திருத்தம்"" அமெரிக்க குடிமக்களுக்குப் பொருந்தும் ஆனால் அவர்களுக்குப் பொருந்தாத சட்டங்களை உருவாக்குவதை காங்கிரஸைத் தடுக்கிறது என்று கூறுகிறது.",1
"நான்சி பெலோசி ""குடிபோதையில் வெடித்த பிறகு குழந்தைகளுக்கான நன்மையை விட்டுவிடுமாறு கேட்டுக் கொள்ளப்பட்டார்"" என்று கூறுகிறார்.",1
வில் ஸ்மித்தும் அவரது மகன் ஜேடன் ஸ்மித்தும் கார் விபத்தில் இறந்ததாக கூறுகிறார்கள்.,1
2020 தேர்தலில் டொனால்ட் டிரம்பை NAACP ஆதரித்ததாக கூறுகிறது.,1
"""இல்ஹான் உமர் ஒரு கொடி எரிப்பு விழாவை நடத்தினார்.""",1
"ஆடம் ஷிஃப் ""உக்ரேனிய புரிஸ்மா எண்ணெய் இணைப்புகளுக்காக விசாரணையில் உள்ளார்"" என்கிறார்.",1
"முன்னாள் ஜனநாயகக் கட்சியின் செனட். ஹாரி ரீட் ஒரு சட்டவிரோத குதிரை திருடனின் மூதாதையர் இருப்பதாகவும், ரீடின் அலுவலகம் அந்த மனிதனைப் பற்றிய சுயசரிதையை வழங்கியதாகவும் கூறுகிறார்.",1
"வாரன் பஃபெட், ""காங்கிரஸ் சீர்திருத்த சட்டம் 2019"" பற்றி ஒரு சங்கிலி மின்னஞ்சலை அனுப்புமாறு மக்களைக் கேட்டுக் கொண்டார்.",1
"அமெரிக்கப் பிரதிநிதி சீன் காஸ்டன் பல ""அழைப்பிற்கு மட்டும்"" டவுன் ஹால்களை நடத்தியுள்ளார்.",1
ஒரு மால் சாண்டா ஒரு குழந்தை துஷ்பிரயோகம் செய்பவரை அடித்தார் என்று கூறுகிறார்.,1
"சாண்டா கிளாரிட்டா உயர்நிலைப் பள்ளி துப்பாக்கிச் சூடு பற்றி ஏபிசி 7 ""3 வாரங்களுக்கு முன்பே"" அறிவித்தது.",1
"அடுத்த 20 ஆண்டுகளுக்கு தனது தனிப்பட்ட விடுமுறைக்கு அரசு நிதியைப் பயன்படுத்தியதாகவும், டிரம்ப் அவருக்கு ஒரு மசோதாவை அனுப்பியதாகவும் அதிபர் ஒபாமா கூறுகிறார்.",1
"நான்சி பெலோசி கூறுகிறார், ""அமெரிக்கர்கள் பூமியில் உள்ள முட்டாள் மக்கள்.""",1
"சோமாலியா மற்றும் உக்ரைன் உட்பட ""மேரி யோவனோவிச் சென்ற இடமெல்லாம் மோசமாகி விட்டது"".",1
"கறுப்பின மக்கள் ""மோசமான வேலைகள், மோசமான வீடுகள்"" மற்றும் காவல்துறையின் கொடூரத்தை எதிர்கொள்கிறார்கள் என்று ஒபாமா கூறுகிறார், ""ஆனால் தேர்தல் நேரத்தில் கருப்பு கமிட்டிக்காரர்கள் என்று அழைக்கப்படுபவர்கள் வரும்போது நாங்கள் அனைவரும் வரிசையில் நின்று ஜனநாயகக் கட்சிக்கு வாக்களித்து, எங்கள் ஆன்மாவை விற்றுவிடுவோம். ஒரு கிறிஸ்துமஸ் வான்கோழி.""",1
"கிளின்ட் ஈஸ்ட்வுட் பராக் ஒபாமாவை ""திறமையற்ற, பொய்யான, நேர்மையற்ற, நாசீசிஸ்டிக், இரட்டைப் பேச்சு, சோசலிச நயவஞ்சகர், மற்றும் நிதி ரீதியாக பொறுப்பற்ற முட்டாள், வெள்ளை மாளிகையில் எட்டு ஆண்டுகள் செலவழித்த எங்கள் அற்புதமான நாட்டை ஒரு முஸ்லீம் அன்பான, சோசலிச நாடாக மாற்ற முயன்றார். -அவர் வந்ததைப் போன்ற துளை, நான் ஹவாய் என்று சொல்லவில்லை!""",1
பில் காஸ்பி என்பிசியை வாங்குவதைத் தடுப்பதற்காக இல்லுமினாட்டிகளால் பாலியல் வன்கொடுமைக்காகக் கட்டமைக்கப்பட்டதாகக் கூறுகிறார்.,1
"2020ல் வெள்ளை மாளிகையில் வெற்றி பெற்றால் டிரம்ப் ஆதரவாளர்களுக்காக ஜனநாயகக் கட்சியினர் ""வருவார்கள்"" என்று சென். கமலா ஹாரிஸ் கூறினார்.",1
"ஆரஞ்சு சாறுடன் டார்ட்டர் கிரீம் கலந்து தினமும் குடிப்பது புகைபிடிப்பதை விட்டுவிட உதவும், ஏனெனில் அது உடலில் இருந்து ""நிகோடினை வெளியேற்றுகிறது"".",1
"CNN அபு பக்கர் அல்-பாக்தாதியை ""நிராயுதபாணியான மூன்று குழந்தைகளின் தந்தை"" என்று அழைத்தது.",1
"""நாங்கள் அறிந்தது போல், இன்டெல் இன்ஸ்பெக்டர் ஜெனரல் (IG) புகார் தெரிந்த பிறகு, செவிவழி புகார்களை அனுமதிக்கும் வகையில் விதியை மாற்றினார், ஆனால் IG நேர்மையற்ற முறையில் விதி மாற்றத்தை பின்னுக்குத் தள்ளினார், இதனால் ஜனாதிபதி டிரம்புக்கு சேதம் ஏற்படும்.""",1
"""கடந்த இரண்டு ஆண்டுகளில், அமெரிக்கா மற்றும் அமெரிக்காவின் முக்கிய நகரங்களில் கொலைகளின் எண்ணிக்கை இங்கு (சிகாகோ) போலல்லாமல் 10%க்கும் அதிகமாக குறைந்துள்ளது.""",1
சென். லிண்ட்சே கிரஹாம் பசுமை புதிய ஒப்பந்தத்தை ஆதரிக்கிறார் என்று கூறுங்கள்.,1
"டிரம்ப் கூறியதை மேற்கோள் காட்டுகிறார், ""நன்றாக நீ என்னை டிசி போடுவாயா? செல்",1
"1770 இல் ""பிரிட்டிஷ் பாராளுமன்றம் லிப்ஸ்டிக்கை தடைசெய்தது, இது ஆண்களை திருமணம் செய்துகொள்ளும் சக்தி கொண்டது என்று கூறி அது சூனியம் என்று வகைப்படுத்தப்பட்டது.""",1
"""14,000 கைவிடப்பட்ட காற்றாலை விசையாழிகள் அமெரிக்காவில் குப்பைகள்.""",1
"அவரது பதவி நீக்கம் ஒரு ""சதி"" என்று கூறுகிறார்.",1
"""பொதுத் தேர்தலில் 10% அல்லது அதற்கு மேற்பட்ட டொனால்ட் டிரம்ப் வாக்காளர்கள் தாங்கள் ஆதரவளிப்பதாகக் கூறிய இரண்டு வேட்பாளர்களில் நானும் ஒருவன்"".",1
"""எனது தந்தை இந்த நாட்டின் தளபதியாக ஆனவுடன், நாங்கள் அனைத்து சர்வதேச வணிகங்களிலிருந்தும் வெளியேறினோம்.""",1
"நீங்கள் காய்ச்சல் தடுப்பூசி எடுத்த இரண்டு வாரங்களுக்கு நீங்கள் ""சுறுசுறுப்பான, நேரடி நடைபயிற்சி வைரஸ்"" என்று கூறுகிறது.",1
"அட்டர்னி ஜெனரல் வில்லியம் பார் ட்வீட் செய்துள்ளார், அமெரிக்கா ""ஈரானுக்கு அமெரிக்கா வரி செலுத்துவோர் டாலர்களை வழங்கியது"" அதனால் ஈரான் ரஷ்யாவிடமிருந்து யுரேனியத்தை வாங்க முடியும்.",1
"ஃபேஸ்புக்கில் இப்போது ""சூனியக்காரி"" உள்ளது என்று கூறுகிறது.",1
"""விசில்ப்ளோவர்' என்று அழைக்கப்படும் முதல் தகவல் எனது தொலைபேசி உரையாடலை முற்றிலும் தவறாகப் புரிந்துகொண்டது.""",1
"ஜனாதிபதி டொனால்ட் ட்ரம்புடன் வாய்வழி உடலுறவில் ஈடுபடுவதன் மூலம் ""அணிக்காக ஒருவரை எடுக்க தயாராக இருக்கிறேன்"" என்று மோனிகா லெவின்ஸ்கி ட்வீட் செய்துள்ளார், ஏனெனில் ""வெளிப்படையாக அதுதான் குடியரசுக் கட்சியினரை பதவி நீக்கம் செய்ய முடியும்.""",1
"""இன்டர்ஸ்டேட் 35 இல் உள்ள 50% DUIகள் சட்டவிரோதமானவர்களிடமிருந்து வந்தவை. 50% இல் தொண்ணூறு சதவீதத்திற்கு முற்றிலும் அடையாளமே இல்லை.""",1
ஃப்ரெடி க்ரூகர் கதாபாத்திரம் ஒரு உண்மையான தொடர் கொலையாளியை அடிப்படையாகக் கொண்டது என்கிறார்.,1
"""இம்பீச்மென்ட் வீட்டை அடைந்து, செனட்டிற்குச் சென்றால், முதல் பதவிக் காலம் செல்லாது, டிரம்ப் இன்னும் இரண்டு முறை பதவி வகிக்க முடியும்.""",1
கிளின்ட் ஈஸ்ட்வுட் இறந்துவிட்டதாக கூறுகிறார்.,1
"ஜேம்ஸ் கோமி $150 மில்லியன் ""பெலோசிக்கான கார்டெல் பணத்தை"" சுத்தப்படுத்த உதவியதாக ""நீதிமன்றத்தில்"" எல் சாப்போ கூறுகிறார்.",1
"மொன்டானாவில் உள்ள தனது வீட்டிற்குள் நுழைந்த ஆயுதம் ஏந்திய இரண்டு ""சட்டவிரோத வேற்றுகிரகவாசிகளை"" 11 வயது சிறுமி சுட்டுக் கொன்றதாக கூறுகிறார்.",1
"கிர்க் ""காக்ஸ் ஆசிரியர்களின் ஊதியத்தை மறுக்க சிறப்பு ஆர்வங்களில் சேர்ந்தார்.""",1
"2016 இல் 27,000 முதல் 200,000 வரையிலான விஸ்கான்சினியர்கள் சரியான அடையாளம் இல்லாததால் வாக்கெடுப்பில் இருந்து ""திருப்பப்பட்டனர்"".",1
"9/11 இன் ஆண்டு விழாவில் இல்ஹான் ஓமர் ""பார்ட்டி"" என்கிறார்.",1
"செய்தித்தாள் என்ற வார்த்தை ""வடக்கு, கிழக்கு, மேற்கு, தெற்கு, கடந்த கால மற்றும் தற்போதைய நிகழ்வு அறிக்கை"" என்பதைக் குறிக்கிறது.",1
"ஜிம்மிற்குள் பதுங்கிக் கொண்டிருந்த ஒரு இளைஞனைக் கைது செய்வதற்குப் பதிலாக, ஒரு சிகாகோ காவலர் ""அவரை 53 முறை சுட்டுக் கொன்றார்"" என்று கூறுகிறார்.",1
"ஜான் போல்டன் ""அடிப்படையில் இடதுசாரி மனிதன்"" என்கிறார்.",1
"டான் மெக்ரெடி ""உண்மையில் சோசலிசத்தைப் போற்றுகிறார்"" என்கிறார்.",1
புளோரிடாவில் இருந்து டோரியன் சூறாவளியின் பாதைக்கு ஆளுநர் ரான் டிசாண்டிஸுக்கு பெருமை சேர்த்ததாக டொனால்ட் டிரம்ப் ட்வீட் கூறுகிறார்.,1
"முதலில் ""கிட்டத்தட்ட எல்லா மாடல்களும் முன்னறிவிக்கப்பட்டவை"" டோரியன் அலபாமாவைத் தாக்கும்.",1
"ஜார்ஜ் வாஷிங்டன் மேற்கோள் காட்டுகிறார், ""எந்தவொரு நாடும் தனது குடிமக்களை துப்பாக்கிகள் மூலம் அவநம்பிக்கை கொள்ளும்போது ... அது இனி அதன் குடிமக்களை நம்பாது, ஏனெனில் அத்தகைய அரசாங்கம் தீய திட்டங்களைக் கொண்டுள்ளது.""",1
"""கடந்த நூற்றாண்டில் ஹிட்லர், ஸ்டாலின், மாவோ போன்றோர் இந்த நூற்றாண்டில் ஒரு அழிவுகரமான நபர் டிரம்ப். அவர்களை விட பல மில்லியன் இறப்புகளுக்கு அவர் காரணமாக இருக்கலாம்.""",1
"சீனா மீதான அமெரிக்க வரிகள் அமெரிக்காவில் ""யாரையும் காயப்படுத்தவில்லை"".",1
"பிலடெல்பியா துப்பாக்கிச் சூடு ""போலி"" என்றும் காவல்துறை அதிகாரிகள் ""போலி ரத்தத்தை தங்கள் மீது தெளித்துக் கொண்டனர்"" என்றும் கூறுகிறார்.",1
"அடுத்த நாள் சமைக்கப் பயன்படுத்தப்படும் முன் வெட்டப்பட்ட வெங்காயம் ""ஒரே இரவில் கூட மிகவும் நச்சுத்தன்மையுடையதாக மாறும் மற்றும் நச்சு பாக்டீரியாவை உருவாக்குகிறது, இது அதிகப்படியான பித்த சுரப்பு மற்றும் உணவு நச்சுத்தன்மையின் காரணமாக பாதகமான வயிற்று நோய்த்தொற்றுகளை ஏற்படுத்தக்கூடும்.""",1
"சிஎன்என் தலைவர் ஜெஃப் ஜுக்கர், ஜெஃப்ரி எப்ஸ்டீனுடனான பில் கிளிண்டனின் உறவைக் குறைத்து மதிப்பிடுமாறும், எப்ஸ்டீன் ""இவை அனைத்திலும் டிரம்பின் பங்குதாரர்"" போல் தோற்றமளிக்குமாறும் ஊழியர்களுக்கு உத்தரவிட்டார்.",1
"சான் ஃபிரான்சிஸ்கோவின் வீடற்ற மக்களில் ""பெரும்பாலானோர்"" டெக்சாஸிலிருந்து வந்தவர்கள் - இது எங்களுக்குத் தெரியும். வெறும் (ஒரு) சுவாரஸ்யமான உண்மை.""",1
ஜெஃப்ரி எப்ஸ்டீன் இறக்கவில்லை என்று சொல்லுங்கள்.,1
"மேற்கோள்கள் ரெப். கெவின் மெக்கார்த்தி ""ஜப்பானில் வீடியோ கேம்கள் இல்லாததால் அங்கு வெகுஜன துப்பாக்கிச் சூடு சம்பவங்கள் இல்லை.""",1
"ஜனாதிபதி டொனால்ட் டிரம்ப் ""லத்தீன் இனத்தை அழிப்பதைப் பற்றி பேசுகிறார்"" என்று கூறுகிறார்.",1
"கலிபோர்னியா வாக்கெடுப்பில் ஜனாதிபதி டிரம்ப் ""உதைக்கப்பட்டார்""",1
"""டிரம்பின் கீழ் வெகுஜன துப்பாக்கிச் சூடு!""",1
"எல் பாசோ மற்றும் டேட்டன் துப்பாக்கிச் சூடுகள் ""ஆழமான மாநிலத்தால்"" ஒருங்கிணைக்கப்பட்ட ""தவறான கொடி"" தாக்குதல்கள் ஆகும்.",1
"ஜெஃப்ரி எப்ஸ்டீனின் தனிப்பட்ட விமானத்தின் விமானப் பதிவுகளில் சிஎன்என் தொகுப்பாளர்கள் கிறிஸ் குவோமோ, பிரையன் ஸ்டெல்டர் மற்றும் ஜேக் டேப்பர் ஆகியோரின் பெயர்கள் இருந்ததாகக் கூறுகிறார்.",1
"அலெக்ஸாண்ட்ரியா ஒகாசியோ-கோர்டெஸ் ""நாடு முழுவதும் மோட்டார் சைக்கிள் தடையை"" முன்மொழிவதாக கூறுகிறார்.",1
"அலெக்ஸாண்ட்ரியா-ஒகாசியோ கோர்டெஸ், தனியார் டிரக் ஓட்டுநர்கள் ""அமெரிக்காவை அழிக்கிறார்கள்"" என்றும், ""அரசாங்கம் ஒழுங்குபடுத்தப்பட வேண்டும் மற்றும் ஓட்டுநர்கள் முழுநேர கேமராவில் இருக்க வேண்டும், எங்கள் கப்பல் போக்குவரத்தை எவ்வாறு தானியங்குபடுத்துவது மற்றும் அவற்றை முழுவதுமாக அகற்றுவது எப்படி"" என்று கூறுகிறார்.",1
"நாட்டுப்புற ஹிப்-ஹாப் நட்சத்திரமான லில் நாஸ் எக்ஸ், அலமாரியில் இருந்து வெளியே வந்த பிறகு ""ரேங்க்லர் ஒப்புதலிலிருந்து கைவிடப்பட்டதாக"" கூறுகிறார்.",1
"என்கிறார் ஜார்ஜ் எச்.டபிள்யூ. புஷ் ஒருமுறை கூறினார் ""அமெரிக்க மக்கள் எப்போதாவது நாங்கள் என்ன செய்தோம் என்று கண்டுபிடித்தால், அவர்கள் எங்களை தெருவில் துரத்தி அடித்து கொன்றுவிடுவார்கள்.""",1
"முன்னாள் ஜனாதிபதி பராக் ஒபாமா, பில் காஸ்பி, அந்தோனி வெய்னர் மற்றும் ஹார்வி வெய்ன்ஸ்டீன் ஆகியோருக்கு ஜனாதிபதி பதக்கங்களை வழங்கினார்.",1
"""ஒரு ஆய்வு செய்யப்பட்டது, ஒரு பிரேத பரிசோதனை, எனவே ஒரு பின்னோக்கி ஆய்வு செய்யப்பட்டது, பிரேத பரிசோதனைகள் மற்றும் மருந்து அளவுகள், தற்கொலை செய்து கொண்ட வீரர்களின் இரத்தத்தில் என்ன மருந்துகள் இருந்தன, 70 சதவிகிதம் THC இருந்தது.""",1
"அலெக்ஸாண்ட்ரியா ஒகாசியோ-கோர்டெஸ் மேற்கோள் காட்டுகிறார், ""நான் என்னுடன் பேசுகிறேன், நம்பர் ஒன், ஏனென்றால் எனக்கு நல்ல மூளை உள்ளது மற்றும் நான் நிறைய விஷயங்களைச் சொன்னேன்.""",1
"""பிரார்த்தனை கோரிக்கை கணக்கு"" மூலம் பிரார்த்தனைகளுக்கு மக்களிடம் கட்டணம் வசூலிப்பதாக ஜோயல் ஓஸ்டீன் அமைச்சகம் கூறுகிறது.",1
"பெஞ்சமின் ஃபிராங்க்ளின் மேற்கோள் காட்டுகிறார், ""நாம் அனைவரும் அறியாமையில் பிறந்திருக்கிறோம், ஆனால் முட்டாள்தனமாக இருக்க கடினமாக உழைக்க வேண்டும்.""",1
"ஹென்றி கிஸ்ஸிங்கர் கூறுகையில், ""மந்தை கட்டாயமாக கட்டாய தடுப்பூசியை ஏற்றுக்கொண்டால், அது முடிந்துவிட்டது,"" மற்றும் தடுப்பூசி தயாரிப்பாளர்கள் ""பில்லியன்கள் சம்பாதிக்க நிற்கிறார்கள் ... நாங்கள் மந்தையை மெலிக்கிறோம், மந்தை அழிக்கும் சேவைகளை வழங்குவதற்காக எங்களுக்கு பணம் செலுத்துகிறது.""",1
"2016 ஜனாதிபதித் தேர்தலில் ""ஒரு மில்லியன்"" சட்டவிரோத வாக்குகள் இருந்ததாக கலிபோர்னியா ""ஒப்புக்கொண்டது"".",1
"ஹாலிவுட் ""துரோகிகள் மற்றும் பெடோபிலியன்களின் இடம்"" என்று கிளின்ட் ஈஸ்ட்வுட் கூறுகிறார், மேலும் ""ஜனாதிபதி டிரம்புடன் உண்மையான அமெரிக்க தேசபக்தர்களுடன் துரோகிகளுக்கு எதிராகப் போராடுவதற்கு"" அதை ""விட்டுவிட"" முடிவு செய்ததாகக் கூறுகிறார்.",1
"ட்ரம்ப் ஒரு ""நல்ல இதயம்"" கொண்ட ""அற்புதமான நபர்"" என்று ராணி இரண்டாம் எலிசபெத் கூறியதை மேற்கோள் காட்டுகிறார், அவர் மற்றொரு வாழ்க்கையில் தனது மகனாக இருந்திருக்க முடியும்.",1
"""BFF"" என்ற வார்த்தையை மார்க் ஜுக்கர்பெர்க் கண்டுபிடித்தார் என்றும், நீங்கள் அதை Facebook கமெண்டில் டைப் செய்த பிறகு பச்சை நிறத்தில் தோன்றவில்லை என்றால், உங்கள் கணக்கு ஹேக் செய்யப்பட்டுவிட்டது என்றும் கூறுகிறார்.",1
"பாடகர் சார்லி டேனியல்ஸ் கூறுகிறார், ""டிரம்பிற்கு வாக்களிப்பது கிராமப்புற இசையை பின்னோக்கி வாசிப்பது போன்றது ... உங்கள் வீடு திரும்பப் பெறுவீர்கள், உங்கள் காரைத் திரும்பப் பெறுவீர்கள், உங்கள் வேலையைத் திரும்பப் பெறுவீர்கள், உங்கள் நாடு திரும்பப் பெறுவீர்கள்!""",1
"மார்க் ஜுக்கர்பெர்க்கின் காணொளி, எதிர்காலத்தைக் கட்டுப்படுத்த ""பில்லியன் கணக்கான மக்களின் திருடப்பட்ட தரவுகளை"" கட்டுப்படுத்துவது பற்றி அவர் பேசுவதைக் காட்டுகிறது.",1
"""லாஸ் வேகாஸில் நடந்த துப்பாக்கிச் சூடு சம்பவத்திற்குப் பிறகு, (ஜனாதிபதி டொனால்ட் டிரம்ப்) கூறினார், 'ஆம், ஆம், நாங்கள் பம்ப் ஸ்டாக்குகளை தடை செய்யப் போகிறோம்.' அவர் பம்ப் பங்குகளை தடை செய்தாரா? இல்லை.""",1
"""ஒரு வருடத்தில் இந்த நாட்டில் பிறந்தவர்களை விட அதிகமானவர்கள் நம் நாட்டில் சட்டவிரோதமாக நுழைவார்கள்.""",1
"""இவ்வளவு திறந்த மற்றும் வெளிப்படையான நிர்வாகம் இதற்கு முன்பு இருந்ததில்லை.""",1
தற்கொலை குண்டுதாரிகளுக்கு மரண தண்டனை விதிக்கப்பட வேண்டும் என்று தான் நம்புவதாக டொனால்ட் டிரம்ப் கூறியுள்ளார்.,1
நான்சி பெலோசி ஒரு பொது நிகழ்வில் தனது பேச்சை அவதூறாக பேசுவதை வீடியோ காட்டுகிறது.,1
"அமெரிக்க இந்திய தேசத்தைச் சேர்ந்த தலைவர்கள் டொனால்ட் டிரம்பிற்கு அவரது புதிய இந்தியப் பெயரான ""வாக்கிங் ஈகிள்"" என்ற தகடு ஒன்றைக் கொடுத்ததாகக் கூறுகிறார், இது உண்மையில் ""இனி பறக்க முடியாத பறவைகள் நிறைந்த பறவை"" என்று சித்தரிக்கிறது.",1
"தான் ஒரு ""பிறப்பால் ஈரானியர்"" என்றும் ""அமெரிக்காவை இன்னும் இஸ்லாமிய நாடாக மாற்ற"" முயல்வதாகவும் வலேரி ஜாரெட் மேற்கோள் காட்டுகிறார்.",1
ஓக்லஹோமா நகர குண்டுவெடிப்பில் வழக்கு தொடர்பான ஆவணங்கள் அழிக்கப்படுவதற்கு நான்கு நாட்களுக்கு முன்னர் ஹிலாரி கிளிண்டன் ஒயிட்வாட்டர் ஊழல் தொடர்பாக குற்றஞ்சாட்டப்பட வேண்டும் என்று கூறுகிறார்.,1
"Facebook இப்போது ஒரு ""பொது நிறுவனம்"" என்று கூறுகிறது, அது உங்கள் அனுமதியை மறுக்கும் அறிக்கையை வெளியிடும் வரை ""உங்கள் புகைப்படங்களைப்"" மற்றும் ""தகவல்களை"" பயன்படுத்த முடியும்.",1
"ரஷ்யா விசாரணை ""ஒரு சதி. இது அமெரிக்க அரசாங்கத்தை கவிழ்க்கும் முயற்சி.""",1
"ஜார்ஜ் சோரோஸ் கூறியதை மேற்கோள் காட்டுகிறார், ""அமெரிக்காவை அழிப்பதே எனது வாழ்க்கையின் பணியாக நான் செய்துள்ளேன். நான் இந்த நாட்டை வெறுக்கிறேன், அதில் உள்ள அனைவரையும் வெறுக்கிறேன்!""",1
"""Roe v. Wade க்கு முன்னர் சட்டவிரோத கருக்கலைப்புகளால் இறந்த பெண்களின் எண்ணிக்கையைக் காட்டும் புள்ளிவிவரங்கள் உள்ளன, சட்டப்பூர்வ கருக்கலைப்புகளால் பெண்கள் அதிகமாக இறப்பதால் அந்த எண்ணிக்கை உயர்ந்துள்ளது.""",1
"2016 தேர்தலில் ரஷ்யாவின் தலையீடு ""ஒரு ஜோடி பேஸ்புக் விளம்பரங்கள்"" ஆகும்.",1
"""பழைய நாட்களில், நீங்கள் ஜனாதிபதியாக இருந்து, உங்களுக்கு நல்ல பொருளாதாரம் இருந்தால், நீங்கள் அடிப்படையில் விமர்சனங்களிலிருந்து விடுபடுவீர்கள்.""",1
"""தடுப்பூசிகளின் ஒருங்கிணைந்த அளவுகள்"" ஒருபோதும் சோதிக்கப்படவில்லை என்று கூறுகிறார்.",1
"டொனால்ட் டிரம்ப் தனது புத்தகத்தில், ""ஒரு நாத்திகனாக இருப்பது எனக்கு ஒவ்வொரு ஒப்பந்தத்திலும் ஒரு விளிம்பை அளிக்கிறது. கிறிஸ்தவர்கள் வணிகத்திற்கு மிகவும் ஒழுக்கமானவர்கள்"" என்று கூறுகிறார்.",1
"நோட்ரே டேம் கதீட்ரல் தீயில் இருந்து ஒரு வீடியோ கிளிப், தேவாலயத்தின் கோபுரத்தில் ""முஸ்லீம் உடையில்"" ஒரு நபர் தனியாக நடந்து செல்வதைக் காட்டுகிறது.",1
ஜே-இசட் நிப்ஸி ஹஸ்லின் குழந்தைகளுக்காக $15 மில்லியன் அறக்கட்டளை நிதியை அமைத்ததாக கூறுகிறார்.,1
"""சத்தம் (காற்றாலைகளில் இருந்து) புற்றுநோயை உண்டாக்குகிறது.""",1
"""சிகாகோ நகரம் பெரும்பாலும் மாநிலத்தின் மற்ற பகுதிகளில் உள்ள வரி செலுத்துவோர் மூலம் பிணை எடுக்கப்படுகிறது, அதாவது CPS (சிகாகோ பொதுப் பள்ளிகள்) ஓய்வூதிய முறைக்கான $221 மில்லியன் பிணை எடுப்பு சட்டத்தில் கையெழுத்திடப்பட்டது.""",1
"அவரது தந்தை ஃப்ரெட் டிரம்ப், ""ஜெர்மனியில் மிகவும் அற்புதமான இடத்தில் பிறந்தார்"" என்று கூறுகிறார்.",1
"ஹாரியட் டப்மேன், ""நான் ஆயிரம் அடிமைகளை விடுவித்தேன். அவர்கள் அடிமைகள் என்று தெரிந்திருந்தால் இன்னும் ஆயிரம் பேரை விடுவித்திருக்க முடியும்"" என்று மேற்கோள் காட்டுகிறார்.",1
"""அமெரிக்க நடுநிலைப் பள்ளிகள் மாணவர்களை ஒரு நாளைக்கு 5 முறை முஸ்லீம் தொழுகைகளை செய்ய கட்டாயப்படுத்தியது.""",1
"ஆடம் ஷிஃப் ""19 வயது ஆணுடன் பாலியல் துன்புறுத்தல் தீர்வை அடைய"" வரி செலுத்துவோர் பணத்தை பயன்படுத்தினார்.",1
"""இங்கே (மேற்கு வர்ஜீனியாவில்), அவர்கள் புதிய வீடுகளைக் கட்டுகிறார்கள் ... இதனால் 321 சிரிய முஸ்லிம்கள் இந்த சுற்றுப்புறத்திற்கு இரண்டு மாதங்களில் குடியேறலாம். ... (ஒரு இறுதி ஊர்வலம்) இரண்டு மாதங்களில் இடிக்கப்பட உள்ளது, மேலும் ஒரு மசூதி செல்கிறது. அங்கு கட்ட வேண்டும்.""",1
"ஆல்பர்ட் ஐன்ஸ்டீன் கூறியதை மேற்கோள் காட்டுகிறார், ""தொழில்நுட்பம் மனித தொடர்புகளை விஞ்சிவிடும் என்று நான் அஞ்சுகிறேன். உலகில் முட்டாள்களின் தலைமுறை இருக்கும்.""",1
"Beto O'Rourke கூறுகையில், ""சில மாதங்களுக்கு முன்பு தனது செனட் போட்டியில் இருந்து மீதமுள்ள $4.5+ மில்லியனை (டெக்சாஸ் ஜனநாயகக் கட்சிக்கு) கொடுத்தார், மேலும் அவர் அறிவித்த நாளில் கட்சி அவருக்கு பணத்தை திருப்பி அனுப்பியது.""",1
"பிரின்ஸ் 1971 இல் நைக் நிறுவனத்தில் முதலீடு செய்தார், 1983 இல் மைக்கேல் ஜோர்டானை நிறுவனத்திற்கு நியமித்தார் மற்றும் முதல் ஏர் ஜோர்டான்களை வடிவமைத்தார்.",1
"பால் மனஃபோர்ட்டின் தண்டனை நீதிபதி, ஏமி பெர்மன் ஜாக்சன், ""இந்த வழக்கில் ரஷ்ய கூட்டுறவிற்கு எந்த ஆதாரமும் இல்லை என்று ஒப்புக்கொண்டார். அதனால் இரண்டு நீதிமன்றங்கள் உருவாக்கப்படுகின்றன. இரண்டு நீதிமன்றங்கள் எந்த ரஷ்யர்களுடனும் எந்தவிதமான கூட்டுறவிற்கும் ஆதாரம் இல்லை என்று தீர்ப்பளித்துள்ளன.""",1
"ஜனாதிபதி தியோடர் ரூஸ்வெல்ட் கூறுகிறார், ""ஒரு பழமைவாதியை கோபப்படுத்த, அவரிடம் பொய் சொல்லுங்கள். ஒரு தாராளவாதியை கோபப்படுத்த, அவரிடம் உண்மையைச் சொல்லுங்கள்.""",1
"ஜனாதிபதி பராக் ஒபாமாவிடம் காங்கிரஸ் ஆவணங்களை கேட்டபோது, ​​வெள்ளை மாளிகை ""எதையும் செய்யவில்லை. கோரிக்கையின் ஒரு கடிதத்தை அவர்கள் கொடுக்கவில்லை. பல கோரிக்கைகள் வைக்கப்பட்டன. அவர்கள் கடிதம் கொடுக்கவில்லை.""",1
எச்.ஐ.வி-பாசிட்டிவ் கேட்டபரி தொழிலாளி தனது இரத்தத்தில் தயாரிப்புகளை மாசுபடுத்திய பின்னர் கைது செய்யப்பட்டுள்ளார்.,1
"விஸ்கான்சினில், வாக்களிக்கும் உரிமைச் சட்டத்தின் முக்கிய விதி நடைமுறையில் இல்லாததால்,  ""எங்காவது 40,000 முதல் 80,000 பேர் தோலின் நிறம் காரணமாக (2016 இல்) வாக்கெடுப்பில் இருந்து விலக்கப்பட்டனர்"" மற்றும் பிற காரணிகளால்.",1
பெர்னி சாண்டர்ஸ் பிடல் காஸ்ட்ரோ மற்றும் சே குவேராவுடன் கியூபாவில் அணிவகுத்துச் சென்றார்.,1
"""Momo"" எனும் சவால் ஆன்லைனில் ஆப்ஸ் மற்றும் குழந்தைகளுக்கான திட்டங்களில் தோன்றுவதாகவும், தீங்கு விளைவிக்கும் செயல்களைச் செய்ய குழந்தைகளை கட்டாயப்படுத்தும் முயற்சியில் அவர்களை அச்சுறுத்துவதாகவும் கூறுகிறார்.",1
"தாய்லாந்து போலீசார் கூறுகையில், குழந்தைகளின் உடல் உறுப்புகள் அகற்றப்பட்ட நிலையில் கண்டெடுக்கப்பட்டது.",1
"செல்சியா கிளிண்டனின் மெய்க்காப்பாளர் ""ஜாக் கார்டன்"" ஃபெடரல் வக்கீல்களிடம் ""சேதமடைந்த தகவல்களை"" கூறிய பின்னர் ஆற்றில் இறந்து கிடந்தார் என்று கூறுகிறார்.",1
ஜனாதிபதி பராக் ஒபாமா சிகாகோவின் மேயரை ஜூஸ்ஸி ஸ்மோலெட் மீது குற்றம் சாட்டாமல் இருக்க வழக்கறிஞர்களுக்கு அழுத்தம் கொடுக்க வேண்டும் என்று வலியுறுத்துகிறார்.,1
காங்கிரஸின் 89 உறுப்பினர்கள் இஸ்ரேலுடன் இரட்டைக் குடியுரிமை பெற்றுள்ளனர்.,1
"முன்னாள் சென். ஹாரி ரீட் ""வெளியேற்றப்பட்டார்"" என்கிறார்.",1
"""1963 இல் பெர்னி சாண்டர்ஸ் கறுப்பின சிவில் உரிமை எதிர்ப்பாளர்கள் மீது முட்டைகளை வீசியதற்காக கைது செய்யப்பட்டார்.""",1
விஸ்கான்சினில் உள்ள கைதிகளின் எண்ணிக்கையில் 75-85 சதவிகிதம் வரை போதைப்பொருள் தொடர்பான குற்றங்கள் உள்ளன.,1
டிரம்ப் பக்கவாதத்தால் பாதிக்கப்பட்டுள்ள புகைப்படம் உண்மையில் உங்கள் கணினியில் உள்ள அனைத்து தகவல்களையும் அழிக்கும் ஒரு வைரஸ் ஆகும்.,1
"மைக் பென்ஸ் மேற்கோள் காட்டுகையில், முன்பே இருக்கும் நிலைமைகள் உள்ளவர்களுக்கு ""அதிக இயேசு கவனிப்பு"" தேவை, ஆரோக்கிய பராமரிப்பு அல்ல.",1
"எச்.ஐ.வி வைரஸைக் கண்டறிய உதவிய டாக்டர் ராபர்ட் காலோ, ""ஆப்பிரிக்க இனத்தை அழிக்க ஒரு ரகசிய ஆயுதமாக எச்.ஐ.வி வைரஸை உருவாக்க"" ""கட்டாயப்படுத்தப்பட்டதாக"" ஒப்புக்கொண்டார்.",1
"1993 இல் கர்ட் கோபேன் கூறிய மேற்கோள்கள், இறுதியில் அவரது தலைமுறை ""உண்மையான வெளிநாட்டவரை"" ""வாங்க முடியாத வணிக அதிபராக"" ... ""டொனால்ட் டிரம்ப் போன்ற ஒருவரை"" தேர்ந்தெடுத்தாலும் ஆச்சரியப்படமாட்டேன் என்று கூறினார்.",1
"MMR தடுப்பூசி மன இறுக்கத்தை ஏற்படுத்துகிறது என்பதை நீதிமன்றங்கள் ""அமைதியாக உறுதிப்படுத்தியுள்ளன"".",1
"சுசானா மெண்டோசா மரண தண்டனையை ஆதரிப்பவர், அவர் அதை தானே நிர்வகிக்க முடியும் மற்றும் ""... இரவில் ஒரு குழந்தையைப் போல தூங்குங்கள்...""",1
"""ஜனநாயகக் கட்சியின் வட கரோலினா கவர்னர் ராய் கூப்பரின் இனவெறி படம் அவர் ரால்ப் நார்தாமை ராஜினாமா செய்ய அழைத்த சில நாட்களுக்குப் பிறகு வெளிப்படுகிறது - டெய்லி மெயில்.""",1
பராக் ஒபாமா அளித்த தகவலின் அடிப்படையில் ஜார்ஜ் சொரோஸ் சுவிட்சர்லாந்தில் குற்ற வலையினால் கைது செய்யப்பட்டார்.,1
மரிஜுவானாவால் மூடப்பட்ட புதிய கிரகத்தை நாசா கண்டுபிடித்துள்ளது,1
"1986 சேலஞ்சர் ஸ்பேஸ் ஷட்டில் பேரழிவு ஒரு புரளி; குழுவினர் இறக்கவில்லை, இன்றும் உயிருடன் இருக்கிறார்கள்.",1
"நான்சி பெலோசி, அரசு பணிநிறுத்தத்தின் போது ""அலுவலகங்களைப் புதுப்பிக்க $497 மில்லியன்"" செலவிட்டதாகக் கூறுகிறார்.",1
"சாத்தியமான Foxconn மாற்றங்கள் எவர்ஸ் நிர்வாகத்தின் ""பொருளாதார நிச்சயமற்ற அலை"" காரணமாகும்",1
"""18 மில்லியன் சட்டவிரோதமாக குடியேறியவர்கள் இந்த மாதம் அரசாங்க காசோலைகளைப் பெற்றுள்ளனர்"" அதே நேரத்தில் கூட்டாட்சி ஊழியர்கள் ஊதியம் பெறாமல் உள்ளனர்.",1
ஒரு ஊழியர் தனது தயாரிப்புகளை எய்ட்ஸ் நோயால் மாசுபடுத்தியதை பெப்சி ஒப்புக்கொண்டது.,1
"""அவ்வளவு குடிபோதையில் இருந்ததால் அவளால் எழுந்து நிற்க முடியவில்லை"" என்பதற்காக நான்சி பெலோசி நன்மையிலிருந்து நீக்கப்பட்டார்",1
"""பெலோசியின் இரகசிய வெளிநாட்டுப் பணி 93 குடும்ப உறுப்பினர்களை உள்ளடக்கியது""",1
"அமெரிக்கப் பிரதிநிதி அலெக்ஸாண்டிரியா ஒகாசியோ-கோர்டெஸ் ஹவுஸ் நிதிச் சேவைக் குழுவில் ஒரு இடத்தைப் பெற்றுள்ளார், ஆனால் அவரது ""கிரெடிட் ஸ்கோர் 430 மற்றும் இரண்டு ஷெரிப் வெளியேற்றங்களுடன் இரண்டு சரிபார்ப்புக் கணக்குகளை மூடியுள்ளது.""",1
"""கமலா ஹாரிஸ் ஜனாதிபதியாக இருக்க தகுதியற்றவர்.""",1
"""நான்சி பெலோசி வாஷிங்டனில் இருந்து சான் ஃபிரான் செல்லும் விமானங்களில் ஒவ்வொரு வாரமும் மதுபானத்திற்கான பில்? அதற்கு நாங்கள் செலுத்துகிறோம். 1000 டாலர்கள். சராசரியாக 52,000 ரூபாய்கள், ஒரு வருடத்திற்கு BOOZE. வரி செலுத்துவோர் பணம்.""",1
"ATM ஐப் பயன்படுத்தும் போது, ​​வாடிக்கையாளர்கள் ""கார்டைச் செருகுவதற்கு முன் ரத்துசெய்யும் பொத்தானை இருமுறை அழுத்த வேண்டும். உங்கள் பின் குறியீட்டைத் திருடுவதற்கு யாராவது கீபேடை அமைத்திருந்தால், அது அந்த அமைப்பை ரத்து செய்யும்.""",1
"கிளின்டன் அறக்கட்டளையின் முன்னாள் தலைமை நிர்வாக அதிகாரி எரிக் பிரேவர்மேன் ""70+ நாட்களாகக் காணவில்லை"" என்று கூறுங்கள்.",1
"""BREAKING: டிரம்ப் குடும்பம் சுவர் நிதிக்கு $1 பில்லியன் நன்கொடை அளிக்கிறது.""",1
"""1952 இன் McCarran-Walter சட்டம் முஸ்லிம்கள் அமெரிக்காவில் பொதுப் பதவியில் இருக்க தடை விதிக்கிறது.""",1
"நொண்டி அமர்வில், ""ஆளுநரிடம் இருந்து எந்த அதிகாரமும் பறிக்கப்படவில்லை. அட்டர்னி ஜெனரலிடம் இருந்து அதிகாரம் பறிக்கப்படவில்லை.""",1
"புதிய அமெரிக்க பிரதிநிதி ரஷிதா ட்லைப் ட்வீட் செய்துள்ளார், ""அமெரிக்கர்கள் பல தசாப்தங்களாக என் மக்களை கற்பழித்து கொள்ளையடித்து வருகின்றனர்.",1
"""ரஷ்யா ஆப்கானிஸ்தானில் இருப்பதற்கு காரணம், பயங்கரவாதிகள் ரஷ்யாவிற்குள் செல்வதுதான்.""",1
"மெலனியா டிரம்ப் ஹிட்லரின் மனைவியை எதிரொலித்தார்: ""இதுபோன்ற குழந்தைகளை பெற்றோரிடமிருந்து பிரிப்பதை நான் வெறுக்கிறேன். . . ஆனால் நாங்கள் டொனால்டைக் குறை கூற முடியாது.""",1
ராபர்ட் முல்லர் குறுஞ்செய்திகளை அழிப்பதாக புகார் அளித்த பெண் ஒருவர் மர்மமான முறையில் இறந்தார்.,1
"யாரோ ஒருவர் விஷத்தை செலுத்தியதால், பாட்டில் நீரின் மூடிகளை சேதப்படுத்தியதற்காக சரிபார்க்குமாறு சட்ட அமலாக்க அதிகாரிகள் பொதுமக்களை எச்சரித்ததாகவும், இதன் விளைவாக ""ரிச்மண்ட் பகுதியில் ஏற்கனவே சிலர் இறந்துவிட்டனர்"" என்றும் கூறுகிறார்.",1
"மிச்செல் ஒபாமா கூறியதை மேற்கோள் காட்டுகிறார், ""அமெரிக்காவின் தவறு வெள்ளைக்காரர்களால் தான்.""",1
"ஒபாமா ஆட்சியின் போது ""எல்லை ரோந்து காவலில் இருந்தபோது 18 குழந்தைகள் இறந்தனர்"" என்று கூறுகிறார்.",1
"துருப்புக்கள் சமீபத்தில் ""மிகப்பெரிய ஊதிய உயர்வுகளில் ஒன்றை"" பெற்றதாகவும், ""10 ஆண்டுகளுக்கும் மேலாக"" இது முதல் ஊதிய உயர்வு என்றும் கூறுகிறார்.",1
"""முஸ்லிம்கள் சிறுபான்மையினராக இருக்கும் போது சிறுபான்மையினரின் உரிமைகளில் அக்கறை காட்டுகிறார்கள், பெரும்பான்மையாக இருக்கும்போது சிறுபான்மை உரிமைகள் இல்லை"" என்று வின்ஸ்டன் சர்ச்சில் மேற்கோள் காட்டுகிறார்.",1
"டைம் பத்திரிக்கையின் அட்டைப்படத்தில் ஜனாதிபதி டொனால்ட் டிரம்ப் ""மோசமான ஜனாதிபதி. எப்போதும்"" என்ற வாசகத்துடன் இடம்பெற்றுள்ளது.",1
"அமெரிக்க அரசியலமைப்பை நிலைநிறுத்துவதற்கான பதவிப் பிரமாணத்தில் கையெழுத்திட ""மூன்று முஸ்லீம் காங்கிரஸ் பெண்கள் மறுத்துவிட்டனர்"" என்று கூறுகிறார்.",1
"மேற்கோள்கள் சென். எலிசபெத் வாரன், ""எங்கள் சகிப்புத்தன்மையை நிரூபிக்க முஸ்லிம்களால் பெண்கள் பாலியல் பலாத்காரத்திற்கு ஆளாக வேண்டும் என்றால், அப்படியே ஆகட்டும். திட்டமிடப்பட்ட பெற்றோருக்கு நன்றி.""",1
"முன்னாள் FBI அதிகாரிகளுக்கு இடையே 19,000 குறுஞ்செய்திகள் பரிமாறப்பட்டன, அவை ""வேண்டுமென்றே மற்றும் சட்டவிரோதமாக நீக்கப்பட்டன ... (சிறப்பு ஆலோசகர் விசாரணை) புரளியை விளக்கியிருக்கும்.""",1
"""முதலாளித்துவத்தின் கீழ், மனிதன் மனிதனை ஒடுக்குகிறான். சோசலிசத்தின் கீழ், அது நேர்மாறாக இருக்கிறது"" என்று அமெரிக்கப் பிரதிநிதி அலெக்ஸாண்டிரியா ஒகாசியோ-கோர்டெஸ் உள்வரும் மேற்கோள்கள்.",1
"1998 ஆம் ஆண்டு டொனால்ட் டிரம்ப், தான் அதிபர் தேர்தலில் போட்டியிடும் பட்சத்தில் குடியரசுக் கட்சி வேட்பாளராகப் போட்டியிடுவேன் என்று கூறினார், ஏனெனில் ""அவர்கள் நாட்டிலேயே மிகவும் முட்டாள்தனமான வாக்காளர்கள். அவர்கள் ஃபாக்ஸ் நியூஸில் எதையும் நம்புகிறார்கள். நான் பொய் சொல்லலாம், அவர்கள் இன்னும் சாப்பிடுவார்கள். மேலே. என் எண்கள் பயங்கரமாக இருக்கும் என்று நான் பந்தயம் கட்டுகிறேன்.""",1
"பிரதிநிதி நான்சி பெலோசி ""துப்பாக்கிப் பாதுகாப்புடன் கூடிய உயரமான சுற்றுச்சுவர்"" சூழ்ந்திருப்பதைக் கூறுவதற்கு ஒரு மாளிகையின் படத்தைப் பயன்படுத்துகிறது.",1
"வெள்ளை மாளிகையின் பிறப்பு காட்சி ஒபாமாவால் அகற்றப்பட்டு, ""முதல் பெண்மணி மெலனியா டிரம்பிற்கு நன்றி வெள்ளை மாளிகைக்கு மீண்டும் வந்துவிட்டது"" என்கிறார்.",1
"அமெரிக்க-மெக்சிகோ எல்லையில் புலம்பெயர்ந்த தாய் குழந்தைகளுடன் கண்ணீர் புகைக்குண்டு ஓடும் புகைப்படம் ""ஒரு அரங்கேற்றப்பட்ட புரளி.""",1
"""மில்லியன் கணக்கான சட்டவிரோத குடியேறிகள் எங்கள் எல்லைகளை கடந்து செல்வதை நாங்கள் கவனித்து வருகிறோம், அவர்களில் பலர் கடந்த தேர்தலில் வாக்களித்தனர், அதுதான் இரண்டு வாரங்களுக்கு முன்பு.""",1
"""நீங்கள் வாங்கினால், உங்களுக்குத் தெரியும், தானியப் பெட்டி, நீங்கள் ஏதாவது செய்தால், உங்களிடம் வாக்காளர் ஐடி இருக்கும். … நீங்கள் அமெரிக்காவின் வாக்காளராக இருந்தால், நீங்கள் செய்யாத ஒரே விஷயம்.""",1
"""ஜனநாயகவாதிகளும் அவர்களது கூட்டாளிகளும் (...) வாக்காளர்களை உற்பத்தி செய்கிறார்கள்.""",1
"""தேர்தல் மோசடி: மேரிலாந்தில் ஜனநாயகக் கட்சியினர் இருமுறை வாக்களிக்கின்றனர்""",1
"ஸ்டார்பக்ஸ் நிர்வாகி ""அனைத்து தீமைக்கும் மூல காரணம் வெள்ளை மனிதர்கள் என்று நம்புகிறார்.""",1
"டிரம்ப் டி-ஷர்ட்டை அணிந்து கொண்டு ""கர்ட் ரஸ்ஸல் டிரம்பை ஆதரிக்கிறார்"" என்று கூறுகிறார்.",1
"""பிளாக் பாந்தர்ஸ் ஜஸ்ட் டேக் ஓவர் சிட்டி (அட்லாண்டா) - தேர்தல் நாளில் ஆல் அவுட் வார்""",1
"""1.7 மில்லியன் கலிபோர்னியா வாக்குகள் பதிவு செய்யப்பட்ட வாக்காளர்கள் அல்ல என்று நீதித்துறை கண்காணிப்பு அறிக்கைகள் காட்டுகின்றன!""",1
"ஸ்டேசி ஆப்ராம்ஸ் ஒரு பிரச்சார அடையாளத்துடன் தன்னை ஒரு ""கம்யூனிஸ்ட்"" என்றும் ""முஸ்லிம்-சகோதரத்துவத்தின்"" ஒரு பகுதி என்றும் விவரித்தார்",1
"ஜனாதிபதி டொனால்ட் டிரம்ப் ""ஓயாது,"" ""அர்ப்பணிப்பு,"" ""உறுதியான"" மற்றும் ""தைரியம்"" மற்றும் ""தூய்மையான தீமையை எதிர்கொண்டு நிற்கிறார், திடமான மற்றும் எங்களுக்காக போராட தயாராக இருக்கிறார். கடவுள் இந்த துணிச்சலான மனிதனை ஆசீர்வதிப்பாராக"" என்று கர்ட் ரஸ்ஸல் கூறினார்.",1
"அகதிகள் கற்களை வீசி ""உங்களை கொல்ல"" முயற்சிக்கின்றனர்.",1
"""குவாதமாலா கேரவனில் குடியேறியவர்கள் அமெரிக்கக் கொடியை குப்பைத் தொட்டியில் வீசுவதற்கு முன் நின்று, பின்னர் சிறுநீர் கழிக்கிறார்கள்.""",1
"முன்னாள் முதலாளியின் புல்வெளியில் $200,000 உரத்தை கொட்டியதற்காக லாட்டரி வெற்றியாளர் கைது",1
"படைவீரர்கள் குடியரசுக் கட்சிக்கு வாக்களிக்க வேண்டும் ""ஏனென்றால் ஜனநாயகக் கட்சியினர் VA ஹெல்த்கேர் மசோதாவை மீண்டும் தடுத்தனர்.""",1
"""கவனம் வேட்டைக்காரர்கள்: வடக்கு டகோட்டாவில் வாக்களிப்பது உங்கள் மாநிலத்திற்கு வெளியே வேட்டையாடுவதற்கான உரிமங்களைச் செலவழிக்கக்கூடும்.""",1
"மைனே ஜனநாயகக் கட்சியைச் சேர்ந்த ஜாரெட் கோல்டன் ""உங்கள் சமூகப் பாதுகாப்பைப் பயன்படுத்தி பிற அரசாங்கத் திட்டங்களுக்கு நிதியளிப்பதை ஆதரிக்கிறார்"" என்கிறார்.",1
புலம்பெயர்ந்த கேரவன் உறுப்பினர்கள் ஒரு மெக்சிகன் அதிகாரியை இழுத்துச் செல்வதை புகைப்படம் காட்டுகிறது.,1
"அபிகாயில் ஸ்பான்பெர்கரைப் பற்றி: ""அவர் ஆக்ட் ப்ளூவிலிருந்து $2.2 மில்லியன் பெற்றார்... அதுதான் ஜார்ஜ் சோரோஸ் எதிர்ப்புக் குழு.""",1
"""ஜனநாயகக் கட்சியினர் அவரை (காவல்காரர் கொலையாளி லூயிஸ் பிராகாமோண்டஸ்) நம் நாட்டிற்குள் அனுமதிக்கின்றனர்,"" மற்றும் ""ஜனநாயகக் கட்சியினர் அவரைத் தங்க அனுமதித்தனர்.""",1
"""சோரோஸ் கடிதம் புலம்பெயர்ந்த கேரவன் படையெடுப்புகளுடன் 'எல்லைகளை அகற்றுவதற்கான' சதியை வெளிப்படுத்துகிறது""",1
"""அம்மர் காம்பா-நஜ்ஜார் காங்கிரஸுக்குள் ஊடுருவ வேலை செய்கிறார்"" மற்றும் ""CAIR மற்றும் முஸ்லிம் சகோதரத்துவத்தால் ஆதரிக்கப்படுகிறார்"" என்று கூறுகிறார்.",1
ஜார்ஜ் சோரோஸ் ஒரு SS அதிகாரி.,1
"""உங்களில் சிலருக்குத் தெரியும், நான் சமீபத்திய $3.4 மில்லியன் லோட்டோ வெற்றியாளர். நான் சில நேர்மறைகளைப் பரப்ப விரும்புகிறேன், எனவே இதைப் பகிரும் முதல் 100 ஆயிரம் பேருக்கு $1,000 அனுப்புகிறேன்.""",1
குழாய் குண்டுகள் தபாலில் அனுப்பப்படவில்லை.,1
பைப் வெடிகுண்டு சந்தேக நபரின் வேன் அரங்கேறியது.,1
"""நேஷனல் ஜியோகிராஃபிக்ஸின் இந்த ஆண்டின் புகைப்படம்"" என்பது தண்ணீரிலிருந்து குதிக்கும் ஒரு பெரிய வெள்ளை சுறா ஆகும்.",1
"""ஒருபோதும் சார்ஜ் தேவைப்படாத எலக்ட்ரிக் காரைக் கண்டுபிடித்ததன் மூலம் டெஸ்லாவை விஞ்சுகிறார்.""",1
"வாஷிங்டன் போஸ்ட், உடல்நலக் காப்பீட்டிற்கான முன்பே இருக்கும் நிபந்தனைப் பாதுகாப்பை எதிர்த்த குற்றச்சாட்டை உண்மையாகச் சரிபார்த்ததாகக் கூறுகிறது.",1
"ஒரு புகைப்படம் ஒரு மெக்சிகன் போலீஸ் அதிகாரி ""இந்த கேரவன் உறுப்பினர்களால் மெக்சிகோவிற்குள் நுழைய முயற்சிக்கும் போது மிருகத்தனமாக"" காட்டப்பட்டுள்ளது.",1
"ஹிலாரி கிளிண்டனுக்கு பெருமளவில் நன்கொடை அளித்த முன்னாள் சிஎன்என் ஊழியர் என அடையாளம் காணப்பட்ட 'MAGA குண்டுதாரி'.""",1
"""பூங்காவில் குதிரை மீது இருக்கும் ஒருவரின் சிலைக்கு இரண்டு முன் கால்களும் காற்றில் இருந்தால், அந்த நபர் போரில் இறந்தார், குதிரைக்கு ஒரு முன் கால் காற்றில் இருந்தால், அந்த நபர் போரில் ஏற்பட்ட காயங்களின் விளைவாக இறந்தார். குதிரையின் நான்கு கால்களும் தரையில் இருந்தால், அந்த நபர் இயற்கையான காரணங்களால் இறந்தார்.""",1
"""புகலிடம் கோரி அமெரிக்காவை நோக்கி அணிவகுத்துச் செல்லும் போது, ​​அமெரிக்கக் கொடியை எரித்தபடி, குடியேறியவர்களின் சட்டவிரோத கேரவன் ஹோண்டுராஸ் கொடியை பறக்க விடுகிறார்கள்!""",1
"""கஞ்சாவை சட்டப்பூர்வமாக்கிய முதல் நாளுக்குப் பிறகு கனடியர்கள் பெரும் டோனட் பற்றாக்குறையை எதிர்கொள்கின்றனர்.""",1
"நீங்கள் காய்ச்சல் தடுப்பூசியைப் பெற்றால், நீங்கள் ""உங்களுக்கு நீங்களே விஷம்"".",1
"""எந்தவொரு ஜனநாயகவாதிக்கும்"" வாக்களித்தால், ""சோசலிசம்... பாதுகாக்கப்படாத திறந்த எல்லைகள்... உடனடி வரி உயர்வு... 100 சதவீதம் அரசாங்கத்தால் நடத்தப்படும் சுகாதாரப் பாதுகாப்பு ...""",1
"""கனடா மரிஜுவானா சட்டப்பூர்வமாக்கப்பட்ட பிறகு ஒரு நாள் முழு ஃபெடரல் கடனையும் செலுத்துகிறது""",1
"அவரது மேசைக்கு வந்த சமீபத்திய ஓபியாய்டு மசோதா ""மிகக் குறைவான ஜனநாயக ஆதரவைக்"" கொண்டுள்ளது என்று கூறுகிறார்.",1
"கலிஃபோர்னியாவில், சரணாலய நகரங்கள் மீது ""இப்போது கலவரம் செய்கிறார்கள்"".",1
"சவூதி அரேபியா $450 பில்லியனை ஆர்டர் செய்துள்ளது, ""110 பில்லியன் டாலர் இராணுவ உத்தரவு"", ""ஒரு மில்லியனுக்கும் அதிகமான வேலைகளை"" உருவாக்குகிறது.",1
"""மனிதன் வீட்டிலிருந்து பப்பிற்குச் சுரங்கம் தோண்டி, தினமும் இரவில் தன் மனைவி தூங்கும் போது மது அருந்தினான்.""",1
"ஜனநாயகக் கட்சியினர் ""(ஆவணமற்ற குடியேற்றவாசிகளுக்கு) கார்களை வழங்க விரும்புகிறார்கள்"" என்று கூறுகிறார்.",1
"""ஹைட்டியில் கிளின்டன் அறக்கட்டளை ஊழலை அம்பலப்படுத்திய அறுவை சிகிச்சை நிபுணர் மார்பில் குத்தப்பட்ட காயத்துடன் குடியிருப்பில் இறந்து கிடந்தார்."" - இன்டெல்லிஹப்",1
"""வெள்ளை மக்கள் மிகவும் 1960களில் இருக்கிறார்கள். சில சமயங்களில் என்னைத் தொடர வைக்கும் ஒரே விஷயம் எனக்கு 30 வயதிற்குள் அவர்கள் ஒன்றிணைந்து விடுவார்கள். வெள்ளையர்கள் இல்லாத உலகத்தை கற்பனை செய்து பாருங்கள். -மாலியா ஒபாமாவின் இடைக்கால பேச்சுத் தேர்வு""",1
கலிஃபோர்னியாவில் உள்ள ஒரு சார்பு ஆர்வலர் 'தன் 27வது கருக்கலைப்பு செய்து உலக சாதனையை பெருமையுடன் முறியடித்துள்ளார்' என்கிறார்,1
"டெட்ராய்ட் பகுதி சட்ட அமலாக்கம் ஒரு வாரத்தில் மூன்று பெடோபில்கள் கொல்லப்பட்டதை அடுத்து, 'விழிலன்ட்' தொடர் கொலையாளியைத் தேடி வருவதாகக் கூறுகிறது",1
"""நிச்சயமாக, மக்கள் இரண்டு மற்றும் மூன்று வேலைகளைச் செய்ய வேண்டியிருக்கும் போது, ​​உங்களுக்கு குறைந்த வேலையின்மை விகிதம் உள்ளது.""",1
#MeToo இயக்கத்தின் அடையாளம் முதல் பெண்மணி மெலனியா டிரம்பைத் தாக்க பரிந்துரைத்ததாகக் கூறுகிறது.,1
"""நான் ஹாலோவீனுக்கு டிரம்ப் வாக்காளராக இருக்கப் போகிறேன், ஆனால்..."" என்று தொடங்கும் டிரம்புக்கு எதிரான செய்தியுடன் கூடிய டி-ஷர்ட்டை அணிந்து டாம் ஹாங்க்ஸ் புகைப்படம் எடுத்ததாக கூறுகிறார்.",1
"""ஜனநாயகக் கட்சியினரில் சிலர் முன்பே இருக்கும் நிலைமைகளை முடிவுக்குக் கொண்டுவருவது (கவரேஜ்) பற்றி பேசி வருகின்றனர்.""",1
"பிரெண்டன் கெல்லி நான்சி பெலோசியை ஆதரிப்பதற்காக ""தனது வாழ்க்கையை செலவிட்டார்"" என்று கூறுகிறார்.",1
வைரல் இணைய புகைப்படம் ஒரு இளம் கிறிஸ்டின் பிளேசி ஃபோர்டைக் காட்டுகிறது,1
பிரட் கவனாக் இறந்துவிட்டதாக ஒரு புகைப்படம் கூறுகிறது.,1
"""கிறிஸ்டின் ப்ளேசி ஃபோர்டு, 1982 அல்லது அதைச் சுற்றி நடந்த 'தாக்குதல்'க்குப் பிறகு தனது செல்போனில் ஒரு நண்பரை அழைத்ததாகக் கூறுகிறார்.""",1
"""சென். டியான் ஃபைன்ஸ்டீனுக்கு கிறிஸ்டின் ப்ளேசி ஃபோர்டு எழுதிய கடிதம் முற்றிலும் போலியானது எனத் தெரியவந்துள்ளது.",1
சென். பில் நெல்சன் ஒரு சோசலிஸ்ட் என்கிறார்.,1
"கிறிஸ்டின் பிளேசி ஃபோர்டு மற்றும் அவரது வழக்கறிஞர் ஜார்ஜ் சொரோஸ், ஹிலாரி கிளிண்டன் ஆகியோருடன் புகைப்படம் எடுத்ததாக கூறுகிறார்.",1
"பிரட் கூறுகிறார் ""கவானாக் குற்றம் சாட்டுபவர் கிறிஸ்டின் பிளாசி பிக் பார்மா கருக்கலைப்பு மாத்திரை தயாரிப்பாளருடனான தொடர்புகளை அம்பலப்படுத்தினார்... கவனாக்கை தடம் புரளும் முயற்சி கருக்கலைப்பு தொழில் லாபத்தைப் பாதுகாக்கும் சதி.""",1
"""எவரும் ஆயுதம் ஏந்தவில்லை என்பதை துப்பாக்கிதாரி உணர்ந்தவுடன், ஆயுதங்களைக் கீழே போட்டுவிட்டு தன்னைத்தானே திருப்பிக் கொள்வார்.... அது மனித இயல்பு"" என்று டயான் ஃபைன்ஸ்டீன் கூறினார்.",1
"""அனைத்து கால்நடை மருத்துவர்களும் ஏதோ ஒரு வகையில் மனநலம் பாதிக்கப்பட்டவர்கள், அவர்கள் துப்பாக்கி வைத்திருப்பதை அரசாங்கம் தடுக்க வேண்டும்"" என்று டியான் ஃபைன்ஸ்டீன் கூறியதாக கூறுகிறார்.",1
"""கவானாக் குற்றம் சாட்டப்பட்டவரின் சகோதரரின் நிறுவனம் Fusion GPS உடன் இணைக்கப்பட்டுள்ளது.""",1
"""புளோரன்ஸ் சூறாவளியை சுட்டுக் கொன்ற மிர்டில் பீச் மனிதன் புல்லட் ரிக்கோக்கெட்டுகளுக்குப் பிறகு இறந்தான்.""",1
"""சொர்க்கத்திற்கு தங்கச் சீட்டுகளை விற்ற தம்பதியர் கைது.""",1
"பராக் ஒபாமா ""பெங்காசியில் நடந்த படுகொலைகளை ஒரு சதி கோட்பாடு என்று குறிப்பிட்டார்"" என்கிறார்.",1
"""மலியா ஒபாமா கோகோயின் வாங்கியதாக கைது செய்யப்பட்டார்""",1
"""ஒயிட் ஹவுஸ் 'ரெசிஸ்டன்ஸ்' மோல் ஒரு போலி - NY டைம்ஸ் அவர்கள் ட்ரோல் செய்யப்பட்டதாக ஒப்புக்கொள்கிறார்கள்""",1
"""மியாமி டால்பின்ஸ் 2 மண்டியிட்ட வீரர்களை முன் சீசன் கிக்ஆஃப் முன் சுடுகிறது.""",1
"டெக்சாஸ் ""2011 முதல் 600,000 க்கும் மேற்பட்ட குற்றங்களை சட்டவிரோதமாக செய்திருக்கிறது. 1,200 க்கும் மேற்பட்ட கொலைகள்"" என்று கூறுகிறது.",1
"""மைக்கேல் ஜோர்டான் நைக்-டேக்ஸ் 'ஏர் ஜோர்டான்ஸ்' குழுவில் இருந்து ராஜினாமா செய்தார்.""",1
"""கொலின் கேபர்னிக் உடனடியாக நைக் அங்கீகாரத்தை வெள்ளையர் எதிர்ப்புப் பேச்சுக்குப் பிறகு இழக்கிறார்.""",1
"""சாஷா ஒபாமாவின் இனவெறி வெள்ளையர்களுக்கு எதிரான வெறித்தனம் அவரை வெளியேற்றியது"" என்கிறார்.",1
"""அந்த கேபிட்டலில் நாங்கள் கலவரங்களைச் செய்தபோது, ​​நான் கையாண்டிருக்கிறேன்.""",1
"""ஜான் மெக்கெய்ன் தேசத்துரோகத்திற்காக மன்னிக்கப்பட்டார்""",1
"""டச்சுக்காரர்கள் (ஆப்பிரிக்கர்கள்) தென்னாப்பிரிக்காவில் ""முதலில் இருந்தனர்.""",1
"""BREAKING: ஷெரிப் ஜோ அர்பாயோ செனட்டில் (ஜான்) மெக்கெய்னின் இடத்தைப் பெறுவார்.""",1
"""அமெரிக்க ஜனாதிபதி டி. டிரம்ப் அமெரிக்காவில் 2018 இல் படிக்க 50,000 ஆப்பிரிக்க மாணவர்களுக்கான உதவித்தொகையை அங்கீகரிக்கிறார்""",1
"""டிரம்ப்: ""நான் தென்னாப்பிரிக்காவிற்கு படைகளை அனுப்புகிறேன், கொலை நிறுத்தம் மற்றும் நிலப் பிரச்சினை தீர்க்கப்படும் வரை அவர்கள் வெளியேற மாட்டார்கள்.""",1
"""ஜஸ்ட் இன்: நடிகர் 'வின் டீசல்' செட்டில் ஒரு ஸ்டண்டை பெர்ஃபெக்ட் செய்ய முயன்று தோல்வியடைந்த பிறகு இறந்துவிட்டார்.""",1
79 வயதான பெண் ஒருவர் AK-47 உடன் தெரு கும்பலிடம் இருந்து இரண்டு LAPD அதிகாரிகளை மீட்டதாக கூறுகிறார்.,1
"""காவல்துறையினர் ஒரு முழங்காலை எடுத்து பின்னர் ரெட்ஸ்கின்ஸ் மீது நடந்து, அவர்கள் ஒரே இரவில் தங்கள் லாக்கர் அறையில் சிக்கித் தவிக்கிறார்கள்.""",1
"நடாலியா வெசெல்னிட்ஸ்காயா ""ரஷ்ய அரசாங்கத்தின் பிரதிநிதி என்று டிரம்ப் பிரச்சாரம் ""தெரியவில்லை"". ... அந்த நேரத்தில் அவர் ரஷ்யர் என்பது அவர்களுக்குத் தெரியுமா என்பது கூட எனக்குத் தெரியாது.""",1
"ஜனநாயகக் கட்சியின் போட்டியாளர் ஜினா ஒர்டிஸ் ஜோன்ஸ், டெக்சாஸை விட ""மாசசூசெட்ஸில் இருந்து அதிகப் பணத்தை"" திரட்டியதாகக் கூறுகிறார்.",1
"""டொனால்ட் டிரம்ப் எங்கள் அதிபராக இருப்பதில் நாங்கள் ஆசீர்வதிக்கப்படுகிறோம்"" என்று கெவின் பேகன் கூறும் வீடியோ""",1
"முன்மொழியப்பட்ட அரசியலமைப்பு திருத்தம் ""வட கரோலினாவின் அரசியலமைப்பின் கீழ் கருக்கலைப்பை சட்டவிரோதமாக்குவதற்கு வழி வகுக்கும்.""",1
"சீன் காஸ்டன் ""பிரீமியங்களை இரட்டிப்பாக்குதல்"" மற்றும் ""தற்போதைய சுகாதாரப் பாதுகாப்புத் திட்டங்களைக் குறைத்தல்"" ஆகியவற்றை ஆதரிப்பதாகக் கூறுகிறார்.",1
"சிகாகோவில் ""இந்த வார இறுதியில் 63 கொலைகள்"" நடந்தன மற்றும் மேயர் ரஹ்ம் இமானுவேலின் மரபு ""அவரது நகரத்தில் முன்பை விட அதிகமான கொலைகள்"" ஆகும்.",1
"""நீங்கள் 1930 களின் முற்பகுதியில் இருந்து நாஜி தளத்தைப் பார்க்கிறீர்கள் ... இன்றைய (ஜனநாயகக் கட்சி) தளத்துடன் ஒப்பிடும்போது அதைப் பாருங்கள், 'மனிதனே, அந்த விஷயங்கள் மிகவும் ஒத்தவை' என்று சொல்கிறீர்கள்.""",1
"""லிசா பக்கம் கத்துகிறது: டிஎன்சி சர்வர் ரஷ்யர்களால் ஹேக் செய்யப்படவில்லை.""",1
"""கிளின்ட் ஈஸ்ட்வுட் தனது தோட்டத்தை டிரம்ப் 2020 பிரச்சாரத்திற்கு விட்டுச் செல்கிறார்""",1
"""ஒவ்வொருவருக்கும் இரண்டு வேலைகள் இருப்பதால் வேலையில்லாத் திண்டாட்டம் குறைந்தது. மக்கள் வாரத்தில் 60, 70, 80 மணிநேரம் வேலை செய்வதாலும், குடும்பத்திற்கு உணவளிக்க முடியாததாலும் வேலையின்மை குறைவு.""",1
"ராணி எலிசபெத் கூறுகிறார், ""முஸ்லீம் அகதிகள் தேசியத்தைப் பிரிக்கிறார்கள், இரத்தக்களரி பயங்கரவாதத் தாக்குதல்களைத் தவிர்க்க அவர்களை நாடு கடத்த வேண்டும் என்று டொனால்ட் டிரம்ப் உடன் நான் முழுமையாக உடன்படுகிறேன்.""",1
"""வீட்டில் வெடிகுண்டு வெடித்ததில் கிளின்டனுக்கு எதிராக பெண் சாட்சியம் அளிக்க உள்ளார்.""",1
"பைனான்சியர் பில் ப்ரோடரின் கூட்டாளிகள் ""ஹிலாரி கிளிண்டனின் பிரச்சாரத்திற்கு பங்களிப்பாக $400 மில்லியனுக்கும் அதிகமான தொகையை அனுப்பியுள்ளனர்"" என்கிறார்.",1
"""தேர்தல் செயல்முறை உட்பட அமெரிக்க உள் விவகாரங்களில் ரஷ்ய அரசு ஒருபோதும் தலையிடவில்லை.""",1
"""நியூயார்க் நகரத்தை ராட்சத எலிகள் தாக்குகின்றன. 4 வீடற்ற ஆண்கள் உயிருடன் உண்ணப்பட்டுள்ளனர்""",1
"""1.8 பில்லியன் டாலர் சொரெஸின் பணம் இப்போது தடுக்கப்பட்டது - அவர் அதிகாரப்பூர்வமாக பல ஆண்டுகள் சிறைக்கு செல்லலாம்""",1
"""1984 ஆம் ஆண்டில், நியூயார்க் டைம்ஸ் டிரம்ப் எங்கள் சிறந்த ஜனாதிபதியாக இருப்பார் என்று கூறியது.""",1
"அமெரிக்க குடிவரவு மற்றும் சுங்க அமலாக்கத்தை (ICE) அகற்றுவதற்கான மார்க் போகனின் முன்மொழிவு ""எல்லை அமலாக்கத்தை அகற்றும்"" என்று கூறுகிறார்.",1
"""பார்க்லேண்ட் பற்றி பொய் சொன்னதற்காக ப்ரோவர்ட் கவுண்டி ஷெரிப் நீக்கப்பட்டார்.""",1
"சென். கமலா ஹாரிஸ் ""MS-13 இன் விலங்குகளை ஆதரிக்கிறார்.""",1
"""டிம் கெய்ன் ஒரு எல்லையை விரும்பவில்லை. அவர் குடியேற்றம் மற்றும் சுங்க அமலாக்கத்திலிருந்தும், அடிப்படையில் எல்லைக் கண்காணிப்பிலிருந்தும் விடுபட விரும்புகிறார்.""",1
"""ஜார்ஜ் எச்.டபிள்யூ. புஷ் 94 வயதில் காலமானார்.""",1
"""பற்றாக்குறை ... குறைந்து வருகிறது, அது வேகமாகக் குறைகிறது.""",1
"விஸ்கான்சின் ""1952 இல் டுவைட் டி. ஐசன்ஹோவர் முதல் குடியரசுக் கட்சியால் வெற்றி பெறவில்லை. மேலும் நான் விஸ்கான்சினை வென்றேன். …  ரொனால்ட் ரீகன், ரொனால்ட் ரீகன் வெற்றி பெறாத மாநிலம் விஸ்கான்சின் என்பதை நினைவில் கொள்க.""",1
"ரான் டிசாண்டிஸ் ""சட்டவிரோதமாக குடியேறியவர்களுக்கு உணவு முத்திரைகளை வழங்குவதற்காக விவசாய மசோதாவில் வாக்களித்தார்"" என்று கூறுகிறார்.",1
"68வது ஆண்டு விழாவைக் கொண்டாட, ""Dunkin' Donuts அனைவருக்கும் இலவச Ḍozen Donut Box ஐ வழங்குகிறது!""",1
"ஆஸ்டின் சார்பு கால்பந்து மைதானத்திற்கு நகரத்திற்கு சொந்தமான நிலத்தைப் பயன்படுத்துவதற்கான திட்டம் ""$1 பில்லியன் கிவ்அவே"" என்று கூறுகிறது.",1
"""நாசா நான்கு வேற்றுகிரகவாசிகளுடன் தொடர்பு கொண்டதாக அறிவித்தது.""",1
"""மெக்ஸிகோவின் அடுத்த ஜனாதிபதி அமெரிக்காவின் படையெடுப்பிற்கு அழைப்பு விடுத்துள்ளார்""",1
"""ஐ.நாவைத் தவிர உலகம் முழுவதும் துப்பாக்கி பறிமுதல் செய்ய போப் அழைப்பு விடுக்கிறார்"" என்று கூறுகிறார்.",1
"""பிரேக்கிங்: ஷெப் ஸ்மித் டொனால்ட் ட்ரம்ப் மீதான வெறுப்பைக் கட்டுப்படுத்த முடியாததால், பதிவு செய்யப்படுவார்.""",1
"""பிரேக்கிங்: மைக் ஹக்கபி இப்போதுதான் நீக்கப்பட்டார்!""",1
"""விசாரணையாளர்கள்: அந்தோணி போர்டெய்ன் கிளிண்டன் செயல்பாட்டாளர்களால் கொல்லப்பட்டார்.""",1
"""மிட் ரோம்னி: 'டிரம்ப் சில தீவிரமான உணர்ச்சிப் பிரச்சனைகளைக் கொண்டுள்ளார், அவர் நமக்கு முன்பாக ராஜினாமா செய்ய வேண்டும்...'""",1
"ஹார்வி சூறாவளியைப் பார்க்க மக்கள் ""தங்கள் படகுகளில் சென்றனர்"" என்று கூறுகிறார்.",1
"""Fox Network 'Roseanne' ஐ எடுக்கிறது, அது எப்போதாவது இனவெறியுடன் எந்த பிரச்சனையும் இல்லை என்று கூறுகிறது""",1
"""அரசியல் செய்ததற்காக நான் சிறையில் இருக்கிறேன்.""",1
"""தி ஃபெயிலிங் @நிடைம்ஸ் மேற்கோள் காட்டுவது, இல்லாத 'ஒரு மூத்த வெள்ளை மாளிகை அதிகாரி', 'கூட்டத்தை மீட்டெடுத்தாலும், ஜூன் 12 அன்று நடத்துவது சாத்தியமற்றது, நேரமின்மை மற்றும் தேவையான அளவு திட்டமிடல் ஆகியவற்றைக் கருத்தில் கொண்டு. .' மீண்டும் தவறு! உண்மையான நபர்களைப் பயன்படுத்துங்கள், போலியான ஆதாரங்களை அல்ல.""",1
"""அமெரிக்கா: WWII இன் மர்மமான நாஜி நீர்மூழ்கிக் கப்பல் கிரேட் லேக்ஸில் கண்டுபிடிக்கப்பட்டது!""",1
"""ஜஸ்ட் இன்: ஜான் கெர்ரி சிறையை எதிர்கொள்கிறார்.""",1
"""சிறப்பு பரிசு"" மெலனியா டிரம்ப் அவரை மருத்துவமனை படுக்கையில் இருந்து அனுப்பியதில் கோபமடைந்த ஹிலாரி கிளிண்டன்",1
"""ஜெஃப் செஷன்ஸ் ஒபாமாவுடன் கூட்டு சேர்ந்து பிடிபட்டார்""",1
"""பிரேக்கிங்: சாண்டா ஃபே கொலையாளி ஒபாமா மீதான தனது அன்பை வெளிப்படுத்துகிறார்.""",1
"டாமி பால்ட்வின், சிஐஏ இயக்குநர் நியமனம் ஜினா ஹாஸ்பலை ஆதரிப்பதை விட, ""9/11 இன் சூத்திரதாரியைப் பற்றி அதிகம் கவலைப்படுவதாக"" கூறுகிறார்.",1
"மேக்சின் வாட்டர்ஸ் CNN இன் ஆண்டர்சன் கூப்பரிடம், ஜனாதிபதியாக தனது முதல் செயல் ""டொனால்ட் டிரம்பை பதவி நீக்கம்"" செய்வதாகக் கூறினார்.",1
"""பிரேக்கிங் நியூஸ்: டொனால்ட் டிரம்ப் மெலனியா டிரம்பிற்கு சிறுநீரகத்தை தானம் செய்யப் போகிறார்.""",1
"""இளவரசர் வில்லியம் ராயல் திருமணத்தில் கலந்து கொள்ளாமல் போகலாம், ஹாரியை விட்டுவிட்டு சிறந்த மனிதர் இல்லை; இளவரசி டயானா மகிழ்ச்சியாக இருக்க மாட்டார்""",1
"பழம்பெரும் நடிகர் சிட்னி போய்ட்டியர்: டொனால்ட் டிரம்ப் 'எல்லா காலத்திலும் சிறந்தவராக' ஆகலாம். """,1
"ஜிம் சென்சென்ப்ரென்னர் ""40 ஆண்டுகளாக பதவியில் இருக்கிறார்"" மற்றும் ""அவர் சரியாக ஒரு மசோதாவில் தலைமை தாங்கினார்,"" தேசபக்தி சட்டம்.",1
"ஜூலியா ராபர்ட்ஸ் செலின் டியானிடம் கூறினார், ""நீங்கள் டிரம்பை வெறுத்தால் உங்கள் நாட்டிற்கு செல்லலாம்.""",1
"2018 பாதுகாப்பு அங்கீகார மசோதாவில் ""10 ஆண்டுகளில் முதல் முறையாக"" இராணுவத்திற்கான உயர்வுகள் அடங்கும் என்று கூறுகிறது.",1
"""எரிக் ஷ்னீடர்மேன் NXIVM குழந்தை பாலியல் அடிமைகளை கிளிண்டன்களுக்கு விற்க உதவினார்""",1
"""BREAKING: ராணி இரண்டாம் எலிசபெத் 94 வயதில் இறந்தார்""",1
"""துப்பாக்கி வைத்திருப்பவர்கள் தங்களை கிறிஸ்தவர்கள் என்று அழைக்க முடியாது"" என்று போப் பிரான்சிஸ் கூறினார்.",1
"""மெலானியா டொனால்ட் டிரம்பை அதிர்ச்சியூட்டும் அறிவிப்புடன் அடித்தார், அவர் வருவதை அவர் பார்த்ததில்லை""",1
"""பிரேக்கிங்: 3 தாராளவாத பிரபலங்கள் அதிபர் டிரம்ப்பை கொல்ல சதி செய்ததற்காக கைது செய்யப்பட்டனர்.""",1
"""பிரேக்கிங்: மைக்கேல் வுல்ஃப் நீக்கப்பட்டார் -- நகைச்சுவை சென்ட்ரல் சாரா சாண்டர்ஸிடம் மன்னிப்பு கேட்கிறது.""",1
"""சிரியா மீது இஸ்ரேல் தந்திரோபாய அணு குண்டு வீசியதில் ஆயிரக்கணக்கானோர் கொல்லப்பட்டனர்""",1
"""அசுரன் டிரக் விபத்தில் ஹிலாரி கிளிண்டன் கொல்லப்பட்டார்.""",1
பில் கேட்ஸ் 2018 திட்டத்தைக் கோடிட்டுக் காட்டுகிறார்.,1
"பில் கேட்ஸின் முன்னாள் மருத்துவர் கூறுகிறார், பில்லியனர் தனது குழந்தைகளுக்கு தடுப்பூசி போட மறுத்துவிட்டார்",1
"""ரோத்ஸ்சைல்ட்ஸ் மற்றும் கிளிண்டன்களுக்கு குழந்தைகளை விற்றதாக ஸ்மால்வில் நட்சத்திரம் ஒப்புக்கொண்டார்.""",1
"""சிஎன்என் அமெரிக்காவை அதிர்ச்சிக்குள்ளாக்கியது, சாரா சாண்டர்ஸின் முகத்தை கேலி செய்த 'பத்திரிக்கையாளரை' நீக்கியது""",1
"""2 இலவச அலாஸ்கா ஏர்லைன்ஸ் டிக்கெட்டுகளைப் பெறுவதற்கான எங்கள் குறுகிய கணக்கெடுப்பில் பங்கேற்க நீங்கள் தேர்ந்தெடுக்கப்பட்டுள்ளீர்கள்!""",1
"""இரட்டைக் கோபுரங்கள் இடிந்து விழுந்ததாகக் கூறப்படும் விமானத்தின் துண்டுகளை யாராவது தயாரிப்பதற்காக நான் இன்னும் காத்திருக்கிறேன்"".",1
"""BREAKING: நான்சி பெலோசி புதிய வெளிப்பாடுகளுக்குப் பிறகு ராஜினாமா செய்ய வேண்டும்.""",1
"""ஒபாமாவின் தனியார் 'பாதுகாப்பு' நிறுவனம் 3 முக்கிய நகரங்களுக்கு வெளியே பாரிய முகாம்களை அமைக்கிறது.""",1
"""டென்சல் வாஷிங்டன்: டிரம்புடன் நாங்கள் ரஷ்யா மற்றும் ஓர்வெல்லியன் போலீஸ் அரசுடன் போரைத் தவிர்த்தோம்""",1
"""இப்போதே விண்ணப்பித்து, கனடா பன்முகத்தன்மை குடிவரவு விசா லாட்டரி (DV-2019) திட்டத்தில் வெற்றி பெறுங்கள் | கனடாவில் வாழவும் வேலை செய்யவும்.""",1
"""ஏப்ரல் ஏவியேஷன் வாரத்தை கொண்டாடும் வகையில் அனைவருக்கும் 2 இலவச விமான டிக்கெட்டுகளை அலெஜியன்ட் ஏர் வழங்குகிறது!""",1
"""லாரா இங்க்ராஹாம் இப்போதுதான் நீக்கப்பட்டார்!!!""",1
"""டெக்சாஸில் விடுமுறையில் இருந்த பேராயர் டெஸ்மண்ட் டுட்டு மரணம்""",1
"""பிரிட்டிஷ் உளவுத்துறை கிளிண்டன் அறக்கட்டளைக் கிடங்கு, $400 மில்லியன் பணத்தைக் கைப்பற்றுகிறது.""",1
"""ஜேம்ஸ் கோமி மெமோஸ் வெளியே வந்து, எந்தக் கூட்டமும் இல்லை, எந்தத் தடையும் இல்லை என்பதைத் தெளிவாகக் காட்டுங்கள்""",1
"சென். ஜான் டெஸ்டர் ""ஓம்னிபஸ் பில்லில் வருமானத்தை உயர்த்தினார்"" என்கிறார்.",1
"""பாடகி செலின் டியான் கூறுகிறார்: 'என்னால் ஒரு அமெரிக்கக் கொடியை இன்னும் பார்க்க முடியாது, நான் இந்த நாட்டை வெறுக்கிறேன்.""",1
"""சந்திரன் 250 மில்லியனுக்கும் அதிகமான குடிமக்களைக் கொண்டுள்ளது.""",1
ஐக்கிய நாடுகள் சபையின் பொதுச் செயலாளராக பதவியேற்பதற்கான முயற்சியை ஒபாமா அறிவித்தார்.,1
"""இறக்கும் 78 வயதான சிஐஏ ஏஜென்ட் மர்லின் மன்றோவைக் கொன்றதை ஒப்புக்கொண்டார்.""",1
"""உங்கள் வரி தாக்கல்கள்"" பற்றி பெறுநர் திரும்ப அழைக்கவில்லை எனில், ""உங்கள் பெயரில் கடுமையான குற்றச்சாட்டுகள் இருப்பதால், உள்ளூர் காவலர்களால் நீங்கள் காவலில் வைக்கப்படுவீர்கள்"" என்று கூறுகிறார்.",1
"""போப் பிரான்சிஸ் பைபிளை ரத்து செய்து புதிய புத்தகத்தை உருவாக்க முன்மொழிகிறார்.""",1
"""ஹாலிவுட் நடிகர் புரூஸ் வில்லிஸ்: 'டிரம்ப் தான் எப்போதும் சிறந்த அமெரிக்க ஜனாதிபதி, அவரை விரும்பாத எவரும் நகர வேண்டும்...""",1
"காங்கிரஸின் பிளாக் காகஸ் ""வெள்ளையாக இருப்பதற்காக மக்களுக்கு வரி விதிக்கும்"" மசோதாவை அறிமுகப்படுத்துகிறது.",1
"Buzz Aldrin ""UFO பொய் கண்டறியும் சோதனையில் தேர்ச்சி பெற்றதால், அவர் வேற்றுகிரகவாசிகளை சந்தித்ததாக நிபுணர்கள் நம்புகிறார்கள்"" என்கிறார்.",1
"""வால்மார்ட் அதன் 125வது ஆண்டு நிறைவைக் கொண்டாட அனைவருக்கும் $75 கூப்பனை வெகுமதி அளிக்கிறது""",1
"""வெள்ளையர்களுக்கு எதிரான இனவெறி தாக்குதல் வைரலானதை அடுத்து மலியா ஒபாமா இடைநீக்கம் செய்யப்பட்டார்.""",1
"""நடிகை எம்மா ஸ்டோன்: 'வரலாற்றில் முதன்முறையாக நாங்கள் ஒரு ஜனாதிபதியைப் பெற்றுள்ளோம்...""",1
"""Gvt நன்மைகளைப் பெற விரும்பும் அனைத்து குடிமக்களும் எதிர்காலத்தில் மைக்ரோசிப் செய்யப்படுவதற்கு ஒப்புக்கொள்ள வேண்டும்""",1
"""YouTube சாட்சி நேரடி தொலைக்காட்சியில் அதிர்ச்சியூட்டும் அனுமதியை அளித்தார். CNN உடனடியாக பிளக்கை இழுக்கிறது""",1
"""கலிஃபோர்னியா போன்ற பல இடங்களில், ஒரே நபர் பலமுறை வாக்களிக்கிறார். அதைப் பற்றி நீங்கள் கேள்விப்பட்டிருக்கலாம். அவர்கள் எப்போதும் 'ஓ அது ஒரு சதி கோட்பாடு' என்று சொல்ல விரும்புகிறார்கள். ஒரு சதி கோட்பாடு அல்ல, மக்களே. மில்லியன் கணக்கான மற்றும் மில்லியன் கணக்கான மக்கள்.""",1
"""ஒபாமா ரகசியமாக அமெரிக்காவிலிருந்து தப்பி ஓடுகிறார் - அதிர்ச்சியூட்டும் ஆதாரங்களை விட்டுச் செல்கிறார்.""",1
"""பார்க்லேண்ட் படப்பிடிப்பிற்கான மார்ச் மாதத்திற்கான விண்ணப்பம் எங்கள் லைவ்ஸ் அனுமதிக்கு சில மாதங்களுக்கு முன்பே செய்யப்பட்டது""",1
டேவிட் ஹாக் 2015 இல் ரெடோண்டோ ஷோர்ஸ் உயர்நிலைப் பள்ளியில் பட்டம் பெற்றார்.,1
"""ராபர்ட் ரெட்ஃபோர்ட் கூறுகிறார்: மைக்கேல் மற்றும் பராக் ஒபாமா ஐந்து ஆண்டுகள் சிறையில் இருக்க வேண்டும்.""",1
"அமெரிக்க பிரதிநிதி ரான் டிசாண்டிஸ் ""சட்டவிரோதமாக குடியேறியவர்களுக்கான உணவு முத்திரைகளுக்கு ஆதரவாக வாக்களித்தார்"" என்கிறார்.",1
"பல மார்ச் ஃபார் எவர் லைவ்ஸ் பேச்சாளர்கள் ""தங்கள் துப்பாக்கிகளை அரசாங்கத்திடம் ஒப்படைக்காதவர்களைக் கொலை செய்ய வேண்டும்"" என்று அழைப்பு விடுத்தனர்.",1
"""டிரே கவுடி தனது 2 புலனாய்வாளர்கள் சித்திரவதை செய்யப்பட்டு கொல்லப்பட்ட பிறகு அவரது மௌனத்தை உடைக்கிறார்.""",1
"காங்கிரஸில் ஒரு மசோதா ""பிஸ்டல்கள் மற்றும் துப்பாக்கிகள் உட்பட அனைத்து அரை தானியங்கி ஆயுதங்களையும் தடை செய்யும். எனவே, ஆம், அவர்கள் எங்கள் துப்பாக்கிகளை எடுத்துச் செல்ல வருகிறார்கள்.""",1
பார்க்லேண்ட் பள்ளி படப்பிடிப்பின் போது டேவிட் ஹாக் பள்ளியில் இல்லை என்று கூறுகிறார்.,1
"""அட்லாண்டாவில் உள்ள 80% கறுப்பின ஆண்கள் ஓரினச்சேர்க்கையாளர்கள், ஆய்வு கூறுகிறது""",1
"""மரிஜுவானாவின் பொழுதுபோக்கு பயன்பாட்டை சட்டப்பூர்வமாக்கும் மசோதாவை புளோரிடா நிறைவேற்றுகிறது.""",1
"""மார்ச் ஃபார் எவர் லைவ்ஸ் வன்முறை அச்சுறுத்தல்கள், மொழி மற்றும் செயல்களின் வரலாற்றைக் கொண்ட தீவிரவாதிகளால் ஆதரிக்கப்படுகிறது.""",1
"""டிரம்ப்பிடம் இருந்து ஜனாதிபதி பதவியை கைப்பற்றும் முயற்சியில் ஒபாமா கூட்டாட்சி சட்டத்தை மீறினார்.""",1
"""பிடன் 2020 ஜனாதிபதி முயற்சியைத் தயாரிக்கிறார் - ஒபாமா துணை ஜனாதிபதியாக.""",1
இடிந்து விழுந்த புளோரிடா பாலத்தை முழு பெண் கட்டுமான நிறுவனம் கட்டியது.,1
சார்லஸ்டன் தேவாலய துப்பாக்கிச் சூடு வீரர் டிலான் ரூஃப் சிறையில் கற்பழிக்கப்பட்டு தாக்கப்பட்டதாகக் கூறுங்கள்.,1
"""செயின்ட் லூசியாவில் நடந்த விபத்துக்குப் பிறகு ஐரிஷ் சூப்பர் ஸ்டார் சாயர்ஸ் ரோனன் இறந்தார்.""",1
"""ஒபாமாவுக்கு $400 மில்லியன் இழப்பீடு வழங்க நீதிமன்றம் உத்தரவு.""",1
"""புடின் சொரெஸுக்கு சர்வதேச கைது வாரண்ட் பிறப்பித்துள்ளார்""",1
"அமெரிக்காவில் உள்ள பொதுப் பள்ளி ""இஸ்லாம் அல்லது ஷரியா சட்டத்தின் கொள்கைகளை கற்பிக்காது"" என்று அமெரிக்க உச்ச நீதிமன்றம் தீர்ப்பளித்தது.",1
டெல்டா ஏர்லைன்ஸ் ஒரு குறுகிய கணக்கெடுப்பில் ஈடுபடுபவர்களுக்கு இலவச விமான டிக்கெட்டுகளை வழங்குகிறது,1
ஒபாமாவால் பெற முடியாத விருதை டிரம்ப் வென்றுள்ளார்.,1
"""கலிபோர்னியா மாநிலம் குறிப்பிட்ட பகுதிகளில் சுவர்கள் கட்டும்படி எங்களிடம் கெஞ்சுகிறது. அவர்கள் அதை உங்களிடம் சொல்லவில்லை.""",1
"ஜெனிபர் அனிஸ்டன் கூறுகையில், ""நானும் டிரம்ப் ஆதரவாளர் பிரபலங்களும் இணைந்து 'டிரம்ப்பிற்கான பிரபலங்கள்' என்ற நிறுவனத்தை உருவாக்க முடிவு செய்துள்ளோம்"" என்றார்.",1
"காய்ச்சல் தடுப்பூசி ""புற்றுநோயை பரப்ப வடிவமைக்கப்பட்டுள்ளது.""",1
மிச்செல் ஒபாமாவுக்கு மருத்துவரிடம் இருந்து உயிரைப் பறிக்கும் செய்தி கிடைத்தது,1
"""அமெரிக்காவில் ஷரியா சட்டத்தை அமல்படுத்த முயன்றதற்காக முஸ்லீம் கூட்டாட்சி நீதிபதியை டிரம்ப் நீக்குகிறார்""",1
"""குஷ்னர் மற்றும் மனைவி இவான்கா டிரம்ப் வெள்ளை மாளிகையில் இருந்து தூக்கி எறியப்பட்டார்கள் - டொனால்ட் அவர்களை அவரது விருப்பத்திற்கு மாறாக வெட்டுகிறார்!""",1
"கீனு ரீவ்ஸ் கூறுகிறார், ""என்னைப் பொறுத்தவரை, டிரம்ப் ஒரு வெற்றிகரமான மனிதனின் சின்னமாகவும், ஒவ்வொரு அமெரிக்க இளைஞனுக்கும் ஒரு முன்மாதிரியாகவும் இருக்கிறார், இது நம் தேசம் ஆண்டாண்டு காலமாக எதிர்பார்த்துக் கொண்டிருந்த ஒன்று. அமெரிக்காவிற்கு அவரைப் போன்ற ஒரு தலைவர் மீண்டும் வருவார் என்று நான் நினைக்கவில்லை. .""",1
பழம்பெரும் நடிகர் கிர்க் டக்ளஸ் தனது 101வது பிறந்தநாளுக்கு 4 நாட்களுக்கு முன்பு இறந்துவிட்டார்.,1
"""கவர்னருக்கான ஜீன் இவ்ஸின் பிரச்சாரத்திற்குப் பின்னால் உண்மையில் யார்? மைக் மடிகனின் ஊழல் உள் இயந்திரம். அவர்கள் தனது பிரச்சாரத்தை ஆயிரக்கணக்கான தொழிலாளர் சங்கப் பணத்தில் பணமாகச் செலுத்தி, இவ்ஸை மற்றொரு மதிகன் துணையாக மாற்றியுள்ளனர்.""",1
"""இந்த துப்பாக்கிச் சூடு நடத்தியவர்களில் பலர் கம்யூனிஸ்ட் ஜனநாயகவாதிகளாக மாறிவிட்டனர்.""",1
"""இவர்களில் பலர் வெகுஜனக் கொலைகளைச் செய்பவர்கள் ஜனநாயகவாதிகளாக இருக்கிறார்கள்.""",1
"""அமெரிக்காவின் தெற்கு எல்லையில்,"" அரசாங்கம் ""ஒரு நாளைக்கு ஏழு நபர்களை, தெரிந்தவர்கள் அல்லது பயங்கரவாதிகள் என்று சந்தேகிக்கப்படுவார்கள்"" என்று கூறுகிறது.",1
டேவிட் ஹாக் ஒரு நெருக்கடியான நடிகர் என்று சொல்லுங்கள்.,1
"பார்க்லேண்டில், ஃப்ளா. ""வெகுஜன கொலைகாரன் இஸ்லாமிய மற்றும் இடதுசாரி வெறுப்பில் மூழ்கியிருந்தான்.""",1
"""ரஷ்யா தேர்தலில் தலையிடவில்லை என்று நான் ஒருபோதும் கூறவில்லை.""",1
"மெலனியா டிரம்ப், ""ஒபாமாவின் பிசாசுகளின் வெள்ளை மாளிகையை சுத்தப்படுத்த"" பேயோட்டுபவரை நியமித்ததாக கூறுகிறார்.",1
"""ஒபாமாவின் 2014 நிர்வாக ஆணையைப் பயன்படுத்தி உலகமயமான சொரெஸை 'தேசிய பாதுகாப்பு அச்சுறுத்தல்' என்று டிரம்ப் அறிவிக்கிறார்.""",1
"புளோரிடா துப்பாக்கிச் சூடு ""எங்கள் அதிபரின் தவறு என்பது தெளிவாகிறது"" என்று மிச்செல் ஒபாமா கூறுகிறார்.",1
"""பிரேக்கிங்: நான்கு மில்லியன் ஜனநாயகக் கட்சி வாக்குகள் மோசடி என்று அறிவிக்கப்பட்டது.""",1
"""ரஷ்ய விமான விபத்தில் கொல்லப்பட்ட டிரம்ப் போலி ஆவணத்தின் பின்னணியில் ரஷ்ய ஆதாரம், ரோசாட்டம் சிஎஃப்ஓவும் இறந்தார்""",1
"டொனால்ட் டிரம்ப், ""ஒபாமாவின் இலவச வீடு மற்றும் நூலகத்திற்கான நிதியை ரத்து செய்கிறார்"" என்று கூறுகிறார்.",1
"""தற்போது: 45 மாநிலங்கள் ஷரியா சட்டத்தை தடை செய்துள்ளன""",1
"""மண்டியிடும் குண்டர்கள் மீது முதல் NFL குழு திவால்நிலையை அறிவிக்கிறது.""",1
"ஸ்டேட் ஆஃப் யூனியன் உரையில், ஜனநாயகக் கட்சியினர், ""நேர்மறையான செய்திகளில் கூட... மரணம் மற்றும் அமெரிக்கர் அல்ல. அமெரிக்கர் அல்ல.  யாரோ ஒருவர், 'தேசத்துரோகம்' என்றார்கள். அதாவது, ஆம், நான் நினைக்கிறேன், ஏன் முடியாது? அதை நாம் அழைக்கலாமா? தேசத்துரோகம்? ஏன் இல்லை?""",1
"""டோவ் ஜோன்ஸ் ஒரே நாளில் 1000 'புள்ளிகளுக்கு' மேல் விழுந்தால், பதவியில் இருக்கும் ஜனாதிபதியை மிகப் பெரிய பீரங்கியில் ஏற்றி, அபார வேகத்தில் சூரியனை நோக்கிச் சுட வேண்டும்! மன்னிக்க வேண்டாம்!""",1
"பாடகர் டோலி பார்டன், ""ஒரு வருடத்தில் டிரம்ப் ஏற்கனவே 16 வருட புஷ்ஷையும் ஒபாமாவையும் விட சிறந்தவர்"" என்று கூறினார்.",1
"""100% ஹெராயின்/ஃபெண்டானில் தொற்றுநோய் எங்களிடம் சுவர் இல்லாததால் ஏற்படுகிறது.""",1
"""சூப்பர் பவுல் 'ரிக்' செய்யப்பட்டதாகக் கூறிய NFL வழக்கறிஞர், இறந்து கிடந்தார்.""",1
"""நான் ஆளுநராக இருந்த ஒவ்வொரு ஆண்டும் சமச்சீர் பட்ஜெட்டை அறிமுகப்படுத்தினேன்.""",1
"ஜனநாயகக் கட்சியினர் ""MS13 ஆல் கொல்லப்பட்ட குழந்தைகளின் குடும்பங்களை கொந்தளித்தனர்.""",1
"""பனிக்கட்டிகள் உருகப் போகின்றன, அவை இப்போது இல்லாமல் போகின்றன, ஆனால் இப்போது அவை பதிவுகளை அமைக்கின்றன, எனவே சரி, அவை சாதனை அளவில் உள்ளன.""",1
"""கிளிண்டன் அறக்கட்டளை ஊழலுக்கு எதிராக அடுத்த வாரம் சாட்சியமளிக்க தயாராகும் ஹைட்டி அதிகாரி, தலையில் துப்பாக்கிச் சூட்டில் இறந்து கிடந்தார்.""",1
"""566,000 குற்றங்கள்"" ""டெக்சாஸில் கடந்த 6 ஆண்டுகளில் கிரிமினல் வெளிநாட்டினரால் செய்யப்பட்டவை"" என்று கூறுகிறார்.",1
"""சட்டவிரோத வெளிநாட்டினர் வாக்களிக்க கலிபோர்னியா பதிவு செய்ய - தானாக.""",1
"""முல்லர் பெலோசி விவகாரத்தில் ராஜினாமா செய்ய நிர்பந்திக்கப்படுவார்.""",1
தற்காப்புக்காக முஸ்லிமைக் கொன்ற 82 வயது முதியவருக்கு மரண தண்டனை.,1
"""பில் கிளிண்டனின் ஹிட்மேன் தனது மரணப் படுக்கையில் ஒப்புக்கொண்டார்.""",1
"""நான் தொடர்ந்து பணிநிறுத்தங்களை எதிர்த்தேன்.""",1
"""சோரோஸ், ஒபாமா மற்றும் டெம்ஸ் ஒரு ஆட்சிக்கவிழ்ப்பை நடத்த பணிநிறுத்தம் செய்ய உத்தரவிட்டனர்""",1
"""ராணி எலிசபெத் ஒபாமாவை அரச திருமண விருந்தினர் பட்டியலில் இருந்து நீக்கினார்.""",1
"""டெல்டா படை தாய்லாந்தில் ஒபாமாவின் கோட்டையை தாக்குகிறது.""",1
"""வெள்ளை மாளிகை ஊழியர்கள் பல கொரில்லா ஆவணப்படங்களை ஒரு தற்காலிக கொரில்லா சேனலாக தொகுத்தனர்"".",1
"ஹிலாரி கிளிண்டன் ஒருமுறை கூறுகிறார், ""சராசரி ஜனநாயகக் கட்சி வாக்காளர் வெறும் முட்டாள், அவர்கள் கையாளுவது எளிது.""",1
"சாண்ட்ரா புல்லக் ஹிலாரி கிளிண்டனிடம், ""எங்கள் ஜனாதிபதியைப் பிடிக்கவில்லை என்றால், நீங்கள் வெளியேறலாம், இனி ஒருபோதும் திரும்பி வரக்கூடாது"" என்று கூறினார்.",1
"டொனால்ட் டிரம்ப் ""ஒருவேளை சிறந்த ஜனாதிபதி"" என்று ஷாகுல் ஓ'நீல் கூறினார்.",1
"""அலபாமா வால்மார்ட்டின் பின்புற அறையில் மெத் ஆய்வகத்தை போலீசார் கண்டுபிடித்தனர்.""",1
"""உலகின் மிகவும் பிரபலமான மிட்டாய் டிசம்பர் 2017க்குள் அலமாரிகளில் இருந்து அகற்றப்படும்.""",1
"""பிரேக்கிங்: சாஷா ஒபாமா தனது விலையுயர்ந்த புதிய காரை ஏரியில் மோதிவிட்டார்.""",1
"""மெலனியாவின் கழிவறையை சுத்தம் செய்ய மிச்செல் ஒபாமா தகுதியற்றவர்"" என்று ஜூலியா ராபர்ட்ஸ் கூறுகிறார்.",1
"""ராய் மூர் இராணுவ வாக்கெடுப்பு நடத்தினார், 5,000 வாக்குகள் வித்தியாசத்தில் முன்னேறினார்""",1
"பன்முகத்தன்மை விசா லாட்டரி திட்டத்தைப் பற்றி கூறுகிறது, ""அவர்கள் எங்களுக்கு அவர்களின் மோசமான நபர்களைத் தருகிறார்கள், அவர்கள் அவர்களை ஒரு தொட்டியில் வைக்கிறார்கள்"" மற்றும் ""மோசமானவர்களில் மோசமானவர்கள்"" தேர்ந்தெடுக்கப்படுகிறார்கள்.",1
BREAKING: கலிபோர்னியா காட்டுத்தீயைத் தொடங்கியதற்காக ஈரானில் இருந்து சட்டவிரோத முஸ்லீம் கைது செய்யப்பட்டார்,1
"""பிரேக்கிங்: முஸ்லீம் நியூ ஜெர்சி மேயர் 'கிறிஸ்துமஸ்' என்ற வார்த்தையைத் தடை செய்தார்.""",1
"""அலபாமா மாநில போலீசார் 3 தேர்தல் பணியாளர்களை பர்மிங்காமில் கைது செய்தனர்.""",1
"""சட்டம் நிறைவேற்றப்பட்டது: அமெரிக்காவில் அனைத்து குழந்தை ஆதரவும் 2018 இன் தொடக்கத்தில் முடிவடையும்.""",1
"""இப்போது இது அதிகாரப்பூர்வமானது: தடுப்பூசிகள் மன இறுக்கத்தை ஏற்படுத்துவதாக FDA அறிவித்தது.""",1
"""புதுப்பிப்பு: உயர்நிலைப் பள்ளி சியர்லீடருடன் சக் ஷூமரின் நீராவி விவகாரம் உறுதிப்படுத்தப்பட்டது.""",1
"""புதுப்பிப்பு: 2,256 மக்கள்தொகை கொண்ட அலபாமா நகரில் டக் ஜோன்ஸுக்கு ஆயிரக்கணக்கானோர் வாக்களித்தனர்""",1
"அலபாமாவில் மறுகூட்டல் நடைபெறாது என்று ஜனநாயகக் கட்சி நீதிபதி ஒருவர் கூறினார், ""புதன்கிழமை காலை அனைத்து கணினி கோப்புகளையும் அழிக்கப் போகிறோம்"" என்று கூறினார்.",1
"""பிணவறை ஊழியர் தூங்கும்போது தவறுதலாக தகனம் செய்யப்பட்டார்.""",1
"""புதுப்பிப்பு: பல அலபாமா வாக்குச் சாவடிகளில் வாக்களித்த சட்டவிரோத நபர்களால் நிரம்பிய வேன்.""",1
"""ட்ரம்பின் புதிய வரித் திட்டத்தின் கீழ் … 99.8% அமெரிக்கர்கள்"" வரிக் குறைப்புகளில் ""ஒரு நிக்கல் அல்ல"" பெறுகின்றனர்.",1
"""பிரேக்கிங்: டிரம்ப் துணை அட்டர்னி ஜெனரல் ராட் ரோசன்ஸ்டைனை நீக்குகிறார், முல்லரின் தலைவிதி மீது கேள்விகளை எழுப்பினார்.""",1
"""ஒபாமாவின் மிகக் கொடிய மறைப்பு (வெடிப்பில் 29 சுரங்கத் தொழிலாளர்கள் கொல்லப்பட்டது) அரசாங்கத்தின் உள் ஆவணங்கள் மூலம் வெளிக்கொணரப்பட்டுள்ளது"" என்று கூறுகிறார்.",1
"""ராய் மூரின் குற்றம் சாட்டப்பட்டவர் கைது செய்யப்பட்டு பொய்மைப்படுத்தப்பட்டதாக குற்றம் சாட்டப்பட்டார்.""",1
"""பிரேக்கிங்: ராய் மூர் தவறான நடத்தைக்கு குற்றம் சாட்ட வாஷிங்டன் போஸ்ட் மூலம் தனக்கு பெரும் பணம் வழங்கப்பட்டதாக பெண் கூறுகிறார்.""",1
"ரஷ்ய ஜனாதிபதி விளாடிமிர் புடின் முஸ்லிம்கள் மற்ற நாடுகளை ""எடுத்துக்கொள்கிறார்கள்"" ஆனால் ரஷ்யாவைக் கைப்பற்ற மாட்டார்கள் என்று உரை நிகழ்த்திய பிறகு, டுமாவில் இருந்து நிறைந்த கரகோஷம் கிடைத்தது.",1
"""FBI பழைய KGB போல அமெரிக்காவின் ரகசிய காவல்துறையாக மாறிவிட்டது.""",1
"""குளோரியா ஆல்ரெட் குற்றம் சாட்டப்பட்டவர் **ஒப்புக்கொள்கிறார்** அவர் ராய் மூரின் இயர்புக் 'கையொப்பத்தை' சிதைத்தார். """,1
"""மிஸ் யுனிவர்ஸ் கயானா 2017 லண்டன் ஹீத்ரோ விமான நிலையத்தில் 2 கிலோகிராம் கோகோயினுடன் கைது செய்யப்பட்டார்.""",1
"""டென்னசி GOP ட்விட்டர் பெலோசி பெடோபிலியாவில் ஈடுபட்டதை அம்பலப்படுத்தும் ட்வீட்டிற்குப் பிறகு அகற்றப்பட்டது.""",1
"""தனது திருமணத்தில் டொனால்ட் டிரம்ப் வரவேற்கப்படவில்லை என்று இளவரசர் ஹாரி கூறுகிறார்: 'டிரம்ப் மனித உரிமைகளுக்கு கடுமையான அச்சுறுத்தல்.'",1
"""ஆண்டுகளாக, அவர்களால் வரிக் குறைப்புகளைப் பெற முடியவில்லை -- பல, பல ஆண்டுகளாக, ரீகன் முதல்.""",1
"""பெற்றோர் அல்லது பாதுகாவலர் இல்லாமல் ஆண் நண்பர்களுடன் இருந்ததற்காக 6 பள்ளி சிறுமிகளின் தலையை துண்டிக்கும் சவுதி அரேபியா""",1
"பாடகி டினா டர்னர்: ""கடவுள் அவரையும் அவரது ஆதரவாளர்களையும் ஆசீர்வதிப்பாராக, எங்கள் ஜனாதிபதிக்கு நான் நன்றி கூறுவது 8 ஆண்டுகளில் இதுவே முதல் முறையாகும்.""",1
"ஜோ ஸ்கார்பரோ புளோரிடாவில் காங்கிரஸாக இருந்த காலத்திலிருந்தே ஒரு ""தீர்க்கப்படாத மர்மத்திற்கு"" கட்சியாக இருப்பதாக கூறுகிறார்.",1
"""மெலானியா டிரம்ப்: 'ஐஎஸ்ஐஎஸ் பரோன் மீது விரலை வைத்தால், நான் ஒபாமாவின் கண்களை சொறிந்து விடுவேன்."" """,1
"""ஜனாதிபதி டிரம்ப் 13 மில்லியன் ஓய்வு பெற்றவர்களுக்கு கிறிஸ்துமஸைக் காப்பாற்றினார்.""",1
"""சௌத்வெஸ்ட் ஏர்லைன்ஸ் அனைவருக்கும் 2 இலவச டிக்கெட்டுகள் வழங்கி 50வது ஆண்டு நிறைவைக் கொண்டாடுகிறது!""",1
"""போப் பிரான்சிஸ் மாஸ்: 'இயேசு உருவகம், இலக்கியம் அல்ல.""",1
"""ஒபாமாவின் கீழ் காணாமல் போன 2 மில்லியன் வெடிமருந்துகள் எதிரிகளின் கைகளில் கிடைத்தன""",1
போர் நீதிமன்றத்தின் போது போவ் பெர்க்டால் அலைந்து திரிகிறார்,1
"உடைப்பு: ரோசா பார்க்ஸின் பேத்தி இனவாத ஜனநாயகவாதிகளை அவதூறு செய்கிறார், டிரம்பை ஆதரிக்கிறார்",1
செத் ரிச் கிளிண்டன்களால் கொல்லப்பட்டதை டோனா பிரேசிலுக்குத் தெரியும்,1
"வாஷிங்டன் போஸ்ட் நிருபர் ஒருவர், ""இந்த முகவரியில் உள்ள 54 முதல் 57 வயதுக்குட்பட்ட பெண் வேட்பாளர் ராய் மூரைப் பற்றி சேதப்படுத்தும் கருத்துக்களை வெளியிடத் தயாராக இருக்கிறார்களா என்பதைக் கண்டறிய அழைப்பு விடுக்கிறார்"" என்று $7,000 வரை கொடுக்கிறார்.",1
"""இரண்டாவது ராய் மூர் குற்றம் சாட்டுபவர் மிச்செல் ஒபாமாவுக்கு இப்போது வேலை செய்கிறார்""",1
"""Snapchat நிறுத்தப்படுகிறது!'",1
"மலியா ஒபாமா ""இனவெறி ஆண்டிஃபா தாக்குதலில் கைது செய்யப்பட்ட 10 பேரில்"" இருந்தார், மேலும் அவரை கைது செய்த போலீஸ்காரர் ""சந்தேகத்திற்குரிய சூழ்நிலையில் இறந்து கிடந்தார்.""",1
"""உச்சநீதிமன்றம் அதன் முதல் பெஞ்ச் வாரண்ட்டை பிறப்பிக்கிறது.""",1
"புளோரிடா பல்கலைக்கழகம் புளோரிடா ஸ்டேட் யுனிவர்சிட்டிக்கு எதிரான ""போட்டி விளையாட்டை ரத்து செய்யக் கோருகிறது"" என்று கூறுகிறது.",1
"சிகாகோ ""எங்கள் நாட்டில் வலுவான துப்பாக்கிச் சட்டங்களைக் கொண்ட நகரம்.""",1
"""டெக்சாஸ் சர்ச் துப்பாக்கி சுடும் வீரர் ஆன்டிஃபா மற்றும் (அ) 'கம்யூனிஸ்ட் புரட்சியை' தொடங்க விரும்பினார்.",1
"""டெக்சாஸ் தேவாலயத்தை சுட்டுக் கொன்றதாகக் குற்றம் சாட்டப்பட்ட ரேமண்ட் பீட்டர் லிட்டில்பெர்ரி, ஜனநாயகக் கட்சியின் தேசியக் குழுவின் ஊதியத்தில் ஒரு தீவிர நாத்திகர் என்பதை FBI மற்றும் டெக்சாஸ் மாநில காவல்துறை இரண்டும் உறுதிப்படுத்துகின்றன.""",1
"""கவுன்டி ஹாலில் உள்ள தாராளவாதிகள் எங்கள் சமூகம் ஒரு சரணாலய மாவட்டமாக இருக்க விரும்புகிறார்கள்""",1
"நியூயார்க்கில் நடந்த பயங்கரவாத தாக்குதலுக்குப் பிறகு அல்லாஹு அக்பர் ஒரு ""அழகான சொற்றொடர்"" என்று ஜேக் தாப்பர் கூறினார்.",1
"""அலபாமாவின் கிரிம்சன் டைட் தேசிய சாம்பியன்ஷிப்பில் இருந்து தகுதி நீக்கம் செய்யப்பட்டது.""",1
"நடிகர் மோர்கன் ஃப்ரீமேன் கூறுகையில், ""அரசாங்கத்தின் மீது பொதுமக்களின் நம்பிக்கையை மீட்டெடுக்க ஹிலாரியை சிறையில் அடைப்பது"" சிறந்த வழியாகும்.",1
"""முல்லர் குற்றச்சாட்டு அறிவிக்கப்பட்டதால் ஹிலாரி கிளிண்டன் நாட்டை விட்டு வெளியேறுகிறார்.""",1
"""முல்லரின் ரஷ்யா விசாரணையில் குற்றம் சாட்டப்பட்ட நான்கு டெம்களின் பெயர்களை ப்ரீட்பார்ட் கசியவிட்டார்.""",1
"""முல்லரின் ரஷ்ய விசாரணையில் குற்றம் சாட்டப்பட்டவர்களின் பெயர்களை ஜெஃப் ஃப்ளேக்கின் அலுவலகம் கசிந்துள்ளது.""",1
"""இளைய உலகத் தலைவர் ஆஸ்திரியாவில் இருந்து ஜார்ஜ் சொரோஸின் அறக்கட்டளைகளைத் தடை செய்தார்.""",1
சாரா ஹக்கபி சாண்டர்ஸ் 1993 இல் ஹாலோவீனில் KKK உறுப்பினராக உடையணிந்தார்.,1
"தம்பா பே லைட்னிங் ஹாக்கி வீரர் ஜே.டி. பிரவுன் ""தேசிய கீதத்தின் போது முஷ்டியை உயர்த்திய பிறகு சுடப்பட்டார்.""",1
"""கொடூரமான தீக்குப் பிறகு துல்சா பள்ளி மூடப்படுகிறது.""",1
"""(சூறாவளி) இர்மா 'அந்த புளோரிடா மலைப்பகுதிகள் அனைத்தையும் அழித்ததைப்' பற்றி சிரிக்கும்போது ஹிலாரி (கிளிண்டன்) டேப்பில் சிக்கினார்.""",1
டிரம்பை வெறுக்கும் மேயரை பதவி நீக்கம் செய்ய சான் ஜுவான் நகர சபை ஒருமனதாக வாக்களித்தது.,1
"""தாத்தா பாட்டி, ஒவ்வொரு வார இறுதியிலும் தங்கள் பேரக்குழந்தைகள் அனைவரையும் அழைத்துச் செல்ல வேண்டும் அல்லது அவர்களுக்கு $5,000 அபராதம் விதிக்கப்படும்.""",1
"""அதிபர் டிரம்ப் NFL ஐ 'லாப நோக்கற்ற' அந்தஸ்தை அகற்றும் நிர்வாக உத்தரவில் கையெழுத்திட்டார்.""",1
"""SNL' இல் தாராளவாதிகளுக்கு விற்ற பிறகு ஜேசன் ஆல்டீன் கிக் ரத்து செய்யப்பட்டது.""",1
லாஸ் வேகாஸில் கொல்லப்பட்ட 58 பேரில் செலின் டியானின் 16 வயது ரெனே-சார்லஸ் ஏஞ்சலிலும் ஒருவர்.,1
"""லாஸ் வேகாஸ் துப்பாக்கிச் சூட்டில் பாதிக்கப்பட்டவர்களுக்கு கர்தாஷியன்கள் பெரும் தொகையை நன்கொடையாக வழங்குகிறார்கள்""",1
ஒரு விமானக் குழுவினர் முழங்காலில் நின்று நியூ ஆர்லியன்ஸ் செயிண்ட்ஸை விமான நிலைய ஓடுபாதையில் நிறுத்தினர்.,1
"""கடந்த ஆண்டு துப்பாக்கி தொடர்பான குற்றங்களில் 4,000-க்கும் அதிகமானோர் பாதிக்கப்பட்டுள்ள சிகாகோவை நீங்கள் பார்த்தால், அவர்கள் நாட்டில் கடுமையான துப்பாக்கிச் சட்டங்களைக் கொண்டுள்ளனர். அது நிச்சயமாக அங்கு உதவவில்லை.""",1
"அவர்கள் வேலைநிறுத்தத்தில் ஈடுபட்டதால், ""நிவாரணப் பொருட்களை விநியோகிக்க சான் ஜுவான் டீம்ஸ்டர்கள் வேலைக்கு வரவில்லை"".",1
"""லாஸ் வேகாஸ் துப்பாக்கிச் சூடு சம்பவத்தை நேரில் பார்த்தவர்கள் பல துப்பாக்கி ஏந்தியவர்கள் பாதுகாப்புக் காவலர்கள் போல் அணிந்திருந்ததாகத் தெரிவிக்கின்றனர்.""",1
சியாட்டில் சீஹாக்ஸ் வீரர் மைக்கேல் பென்னட் அமெரிக்காவின் கொடியை எரிப்பதை புகைப்படம் காட்டுகிறது.,1
"""மெக்டொனால்டு இறைச்சி தொழிற்சாலையில் மனித இறைச்சி கண்டுபிடிக்கப்பட்டது""",1
"எஸ்டேட் வரியை முடிப்பது ""மில்லியன் கணக்கான சிறு வணிகங்களையும் அமெரிக்க விவசாயிகளையும் பாதுகாக்கும்.""",1
"""ஜார்ஜ் வாஷிங்டன் அடிமைகளை வைத்திருந்ததால் வாஷிங்டன் மாநில சட்டமன்றம் அதன் பெயரை மாற்ற வாக்களித்தது.""",1
"""பிறப்புக் கட்டுப்பாட்டைப் பயன்படுத்தும் நபர்களை பணிநீக்கம் செய்ய முதலாளிகள் அனுமதிக்கும் மிசூரி வாக்குகள்.""",1
"""மேலும் 12 சூறாவளிகள் அமெரிக்காவை நோக்கி செல்கின்றன.""",1
"""தேசிய கீதத்தை புறக்கணித்ததற்காக NFL பிட்ஸ்பர்க் ஸ்டீலர்ஸ் நிறுவனத்திற்கு தலா $1 மில்லியன் அபராதம் விதித்தது.""",1
"ஃபாக்ஸ் ஸ்போர்ட்ஸ் அனைத்து என்எப்எல் ஒளிபரப்புகளையும் ரத்து செய்கிறது, 'வீரர்கள் கொடியை மதிக்கும் வரை.'",1
"சூறாவளியால் பாதிக்கப்பட்டவர்களுக்கு ""கார்னிவல் குரூஸ் லைன்ஸ் இப்போது இலவச கப்பல்களை வழங்கும்"" என்கிறார்.",1
"""ஹவுஸ் டெம்ஸ் ஜனாதிபதி பதவியில் இருந்து குடியுரிமை தேவைகளை நீக்க மசோதாவை அறிமுகப்படுத்துகிறது.""",1
"""டிரம்ப் அதிகாரிகளின் முகமூடியை அவிழ்த்ததற்காக சூசன் ரைஸ் கைது செய்யப்பட்டார்.""",1
"""அமெரிக்க நகைச்சுவை நடிகர் கெவின் ஹார்ட் மோசமான கார் விபத்துக்குப் பிறகு ஆபத்தான நிலையில் உள்ளார்.""",1
"ஜனநாயகக் கட்சியினர் சார்லட்டஸ்வில்லில் அரசியல் வன்முறையை ""அமைவு"" மற்றும் ""கையாளுதல்""",1
"""ஜனாதிபதி ஒபாமா"" தனது DACA உத்தரவை ""ஒருதலைப்பட்சமாக அமெரிக்க குடியுரிமை வழங்க பயன்படுத்தினார்.""",1
"""புளோரிடா கவர்னர் ரிக் ஸ்காட் இப்போது வினோதமான சூறாவளி சுத்திகரிப்பு விபத்துக்குப் பிறகு 'முக்கியமான' என்று பட்டியலிடப்பட்டார்.""",1
"""ஜார்ஜியா மசூதி ஹார்வி சூறாவளி நன்கொடைகளை வைத்திருக்கிறது, அதற்கு பதிலாக சிரிய அகதிகளுக்கு அனுப்பப்படும்""",1
"""மார்-ஏ-லாகோ (சூறாவளி) இர்மாவால் அழிக்கப்பட்டது (மற்றும்) ஜாரெட் குஷ்னர் (இன்னும் காணவில்லை.""",1
"""ஐ.எஸ்.ஐ.எஸ். கேடி பெர்ரியின் ஆவேசமான வேண்டுகோளுக்குப் பிறகு ஆயுதங்களை கீழே வைக்கிறது.",1
"""30,000 விஞ்ஞானிகள் மனிதனால் உருவாக்கப்பட்ட காலநிலை மாற்றம் என்பது பணம் சம்பாதிப்பதற்காக உயரடுக்கினரால் தொடரப்பட்ட புரளி என்பதை உறுதிப்படுத்த முன்வந்துள்ளனர்.""",1
"""கணினி மாதிரிகள் செப்டம்பர் 10 அன்று இர்மா நியூயார்க் நகரத்தை அழித்ததைக் காட்டுகின்றன.""",1
"கிளின்டன் அறக்கட்டளை ஹூஸ்டனுக்கு ""ஒரு பாட்டில் $7க்கு"" தண்ணீரை அனுப்புகிறது.",1
"""இர்மா சூறாவளி கிழக்கு கடற்கரையைத் தாக்கும் நேரத்தில் 6-வது வகையாக இருக்கலாம்.""",1
முதல் பெண்மணி மெலனியா டிரம்ப்புடன் மோதலுக்குப் பிறகு லேடி காகா கைது செய்யப்பட்டதாகக் கூறுகிறார்.,1
"""என் தாத்தா பாட்டி அமெரிக்காவில் 1800 களின் பிற்பகுதியில் இல்லினாய்ஸுக்கு குடியேறிய பெருமைக்குரியவர்கள். என் தாத்தா பாட்டி அவர்கள் இளமையாக இருந்தபோது ஆங்கிலம் பேசவில்லை.""",1
"இர்மா சூறாவளி ""மெக்சிகோ வழியாக வரும், எங்களை மற்றும் ஹூஸ்டன் வரை உள்ள அனைத்தையும் தாக்கும்"" என்று கணிக்கப்பட்டுள்ளது.",1
"""ஹூஸ்டன் நகரத்தில் உள்ள ஒரு கட்டிடத்தை கடற்படை அழிப்பான் தாக்கியது.""",1
"ஹார்வி சூறாவளியால் பாதிக்கப்பட்டவர்களுக்கு மன்னி பாக்கியோ, உசைன் போல்ட் மற்றும் இளவரசர்கள் வில்லியம் மற்றும் ஹாரி ஆகியோர் கோடிக்கணக்கான டாலர்களை நன்கொடையாக வழங்கியுள்ளனர்.",1
"மைக் பென்ஸ் பைபிளை மேற்கோள் காட்டி, ""காங்கிரஸ் கத்ரீனா நிவாரணப் பணிகளுக்கு நிதியளிக்கக் கூடாது"" என்று கூறுவதை வீடியோ காட்டுகிறது.",1
"""ஃப்ளாய்ட் மேவெதர் ஜூனியர் சூறாவளிக்குப் பிறகு ஹூஸ்டனுக்கு ஒரு பெரிய தொகையை நன்கொடையாக வழங்கினார்.""",1
ஹூஸ்டன் விமான நிலையத்தில் கடுமையான வெள்ளப்பெருக்கை புகைப்படம் காட்டுகிறது.,1
புகைப்படம் ஹூஸ்டனில் உள்ள ஒரு நெடுஞ்சாலையில் ஒரு சுறா நீந்துவதைக் காட்டுகிறது.,1
"""ஜனாதிபதி (டொனால்ட்) டிரம்ப் கிம் டேவிஸை மன்னித்தார்.""",1
"""ஒபாமா டெக்சாஸில் உணவு பரிமாறுகிறார்!""",1
"""எங்களிடம் அமெரிக்காவைச் சுற்றியுள்ள டஜன் கணக்கான மாவட்டங்கள் உள்ளன, அவை பூஜ்ஜிய காப்பீட்டாளர்களைக் கொண்டுள்ளன.""",1
"""பார்சிலோனா பயங்கரவாதி"" முன்னாள் ஜனாதிபதி பராக் ஒபாமாவின் உறவினர்கள் என்கிறார்.",1
"""ரோசா பார்க்ஸின் மகள் (ஜனாதிபதி டொனால்ட்) சார்லோட்டஸ்வில்லுக்கு டிரம்பின் பதிலைப் பாராட்டுகிறார்.""",1
"சென். ஜான் டெஸ்டர் கூறுகிறார், ""மொன்டானா மக்கள் துப்பாக்கி வாங்குவதற்கு முன் அனுமதி கேட்க வேண்டும், கூட்டாட்சி அரசாங்கத்திடம் அனுமதி கேட்க வேண்டும் என்பதற்காக நாங்கள் ஒரு தேசியப் பதிவை வைத்திருக்க வேண்டும் என்று நம்புகிறார்.""",1
"""எதிர்ப்பாளரைக் கொன்ற வெள்ளை மேலாதிக்கவாதி ஒரு ஜனநாயகவாதி மற்றும் ஓவல் அலுவலகத்தில் (ஜனாதிபதி பராக்) ஒபாமாவைச் சந்தித்தார்.""",1
"Charlottesville இல் வெள்ளை தேசியவாத எதிர்ப்பாளர்கள் ""அனுமதி பெற்றிருந்தனர். மற்ற குழுவிற்கு அனுமதி இல்லை.""",1
"""அமெரிக்கா உலகம் முழுவதும் அடிமைத்தனத்தை முடிவுக்குக் கொண்டுவந்தது, அதற்கும் நாம் சில கடன்களைப் பெற வேண்டும்.""",1
"""அமெரிக்காவின் ஜெனரல் பெர்ஷிங் பயங்கரவாதிகளுக்குப் பிடிபட்டபோது என்ன செய்தார் என்பதைப் படிக்கவும். 35 ஆண்டுகளாக தீவிர இஸ்லாமிய பயங்கரவாதம் இல்லை!""",1
"சென். பில் நெல்சன் ""கம்யூனிஸ்டுகள் மற்றும் சர்வாதிகாரிகளுடன் தன்னை இணைத்துக்கொண்டார்"", ""சாவேஸின் புரட்சியைப் போற்ற வெனிசுலாவுக்குச் சென்றார்"" மற்றும் ""கொலைகாரர்களை ஆதரிக்கிறார்"" என்று கூறுகிறார்.",1
"""இப்போது நம் நாட்டில் ஷரியா சட்டத்தின் கீழ் சமூகங்கள் உள்ளன. இல்லினாய்ஸ் வரை. ... ஷரியா சட்டம் உள்ளது, நான் புரிந்து கொண்டபடி, இல்லினாய்ஸ், இந்தியானா -- அங்கு உள்ளது. எனக்குத் தெரியாது.""",1
"""வூப்பி கோல்ட்பர்க் அவமானப்படுத்தப்பட்டார், கைவிலங்கிடப்பட்டு, டிவி ஸ்டுடியோவிற்கு வெளியே இழுத்துச் செல்லப்பட்டார்.""",1
"""சார்லோட்டஸ்வில்லே கார் அட்டாக் செய்பவர் ட்ரம்ப் எதிர்ப்பு Antifa ஆதரவாளர்.""",1
"""போராட்டக்காரர்கள் மீது ஓடிய Antifa உறுப்பினரை மறைக்க வர்ஜீனியா காவல்துறை தவறான நபரை கைது செய்தது.""",1
"ஜனநாயகக் கட்சியினர், ஹிலாரி கிளிண்டன் மற்றும் ஜார்ஜ் சொரோஸ் ஆகியோர் சார்லோட்டஸ்வில்லில் இனவாதப் போராட்டங்களைத் தூண்டி, ""கட்டுப்படுத்த"" முயற்சித்து மக்களை ""விரக்தியில்"" வைத்திருப்பதை மின்னஞ்சல்கள் காட்டுகின்றன.",1
"""தனி ஓநாய் என்று எதுவும் இல்லை. ... இது அமெரிக்கர்களை முட்டாளாக்க கடந்த நிர்வாகத்தால் கண்டுபிடிக்கப்பட்ட சொற்றொடர்.""",1
"""பரோன் டிரம்ப் மருத்துவமனைக்கு விரைந்தார், மருத்துவமனை அவரது உடல்நிலை குறித்த அறிக்கையை வெளியிட்டது""",1
"டொர்னாடோ மொபைல் வீட்டிற்கு 130 மைல்களை கொண்டு செல்கிறது, குடும்பம் பாதிப்பில்லாமல் உள்ளே.",1
"ஜனாதிபதி டொனால்ட் கூறுகிறார், ""13 ஒபாமாவின் ஆழமான அரச செயற்பாட்டாளர்களை தேசத்துரோக குற்றத்திற்காக கைது செய்ய டிரம்ப் உத்தரவிட்டார்.""",1
"ரஷ்ய ஜனாதிபதி விளாடிமிர் புடின், போப் பிரான்சிஸ் ""கடவுளின் மனிதர் அல்ல"" என்று கூறினார்.",1
"யு.எஸ்.சென். ஜான் மெக்கெய்ன் ""யுஎஸ்எஸ் ஃபாரெஸ்டல் விமானம் தாங்கி கப்பலில் தீயை ஏற்படுத்தியதற்கு தனியே பொறுப்பாளியாக இருந்தார்.""",1
"""(ஜனாதிபதி டொனால்ட்) ட்ரம்பின் ஒரே இரவில் வட கொரியா மீதான கறுப்புத் தாக்குதல்களில் கிம் ஜாங் உன் கொல்லப்பட்டார்.""",1
"""ஹிலாரி கிளிண்டனுக்கு மூன்றாவது மாரடைப்பு உள்ளது - அவர் 'உயிர் பிழைக்க மாட்டார்' என்று டாக்டர்கள் கூறுகிறார்கள்.""",1
"Debbie Wasserman Schultz கூறுகிறார், ""ஒரே இரவில் அவள் செய்ததைக் கண்டு மனநல மருத்துவமனைக்குச் சென்று கைது செய்வதில் இருந்து தப்பிக்க ஆசைப்பட்டார்.""",1
"டொனால்ட் ட்ரம்ப் ""ஒரு ஊனமுற்ற குழந்தையின் தலையை வேண்டுமென்றே பார்த்து, நீட்டிய கையைப் புறக்கணிப்பது"" காணப்பட்டதாகக் கூறுகிறார்.",1
"""பராக் ஒபாமா ஜான் மெக்கெய்ன் மீது நோய்வாய்ப்பட்ட தாக்குதலை ட்வீட் செய்தார், அவர் இறந்திருக்க வேண்டும் என்று கூறுகிறார்.""",1
"அமேசான் ""வரி இல்லாத ஏகபோகத்தை"" கொண்டுள்ளது.",1
"""ஒபாமா கைப்பற்றிய ரஷ்ய மாளிகைகள் சாஷா மற்றும் மாலியாவுக்கு சட்டவிரோதமான பரிசுகளாகும்""",1
"""துப்பாக்கிகள் கண்டுபிடிக்கப்படுவதற்கு முன்பே 2வது திருத்தம் எழுதப்பட்டது"" என்று க்ரெட்சன் கார்ல்சன் கூறினார்.",1
"ஆஸ்கார் பிஸ்டோரியஸ் ""சிறையில் தற்கொலை செய்து கொண்டார்"" என்று கூறவும்.",1
"""கிம் ஜாங் உன் இறந்துவிட்டார்: டிரம்பை கொலையாளி என்று வட கொரியர்கள்""",1
ஃபாக்ஸ் நியூஸில் இருந்து ஷெப்பர்ட் ஸ்மித் நீக்கப்பட்டார்.,1
"""ரகசியமான பில் கிளிண்டன்/லோரெட்டா லிஞ்ச் சந்திப்புக்காக அந்த விமானத்தில் வேறு ஒருவர் இருந்தார்.""",1
"""ஸ்பானிய தூதரகத்தில் குஷி இன்டர்ன்ஷிப்பில் இருந்து மாலியா ஒபாமா நீக்கம்""",1
"""டிரம்ப் 6 மாதங்களுக்கு துரித உணவை மட்டுமே சாப்பிட்டதால் வெள்ளை மாளிகையின் சமையல்காரர் ராஜினாமா செய்தார்.""",1
"முன்னாள் பிரதிநிதி மைக்கேல் பச்மேன் கூறுகிறார், ""கடந்த 8 ஆண்டுகளில் கறுப்பர்கள் அடிமைத்தனத்தில் இருந்ததை விட வெள்ளையர்கள் அதிகம் பாதிக்கப்பட்டுள்ளனர்.""",1
அமெரிக்கப் பிரதிநிதி நான்சி பெலோசியின் இரண்டு மகள்கள் போதைப்பொருள் கடத்தியதற்காக கைது செய்யப்பட்டதாகக் கூறுகிறார்.,1
"""சிஎன்என் தொகுப்பாளர் ஃபரீத் ஜகாரியா வெள்ளைப் பெண்களை ஜிஹாத் கற்பழிப்புக்கு அழைப்பு விடுக்கிறார்"" என்று கூறுகிறார்.",1
"""3,000-பவுண்டு பெரிய வெள்ளை சுறா பெரிய ஏரிகளில் கைப்பற்றப்பட்டது.""",1
"""ஜி20 உச்சிமாநாட்டிற்கு ஒபாமா செல்கிறார்...  அதிபர் டொனால்ட் டிரம்ப் செல்லும் இடமெல்லாம் ஒபாமாவும் தோன்றுவார்.""",1
"22 மில்லியன் அமெரிக்கர்கள் ""ஏழைகளாக இருக்கத் தேர்வு செய்கிறார்கள், அதனால் அவர்கள் ஆரோக்கியமாக இருக்க முடியாது என்றால் அது அவர்களின் சொந்தப் பிரச்சனை"" என்று பால் ரியான் கூறுகிறார்.",1
"""ஜேம்ஸ் கோமியுடன் ஒரு விவகாரம் உள்ளது"" என்று டெபி வாஸ்ஸர்மேன் ஷூல்ட்ஸ் கூறுகிறார்.",1
"ஸ்பைசர்: ""ஸ்கோடஸை ரத்து செய்ய டிரம்பிற்கு சட்டப்பூர்வ உரிமை உண்டு, ஏனெனில் அவர்கள் அவரது விருப்பப்படி சேவை செய்கிறார்கள்""",1
"ஃப்ளா., மியாமி கார்டன்ஸில் உள்ள செக்கர்ஸ் நிறுவனத்தின் மேலாளர் 10 ஊழியர்களைக் கொன்றார்.",1
ஆஸ்திரேலியா அதன் பொதுமக்களை மைக்ரோசிப் செய்கிறது.,1
"பில் கிளிண்டன் ""அடிப்படையில்"" அப்போதைய அட்டர்னி ஜெனரல் லோரெட்டா லிஞ்சிடம் 2016 இல் ""நாங்கள் வின்ஸ் ஃபாஸ்டரைக் கொன்றோம்"" என்று கூறினார்.",1
அடுத்த 30 நாட்களுக்குள் அமெரிக்க அதிபர் பதவியில் இருந்து விலக டொனால்ட் டிரம்ப் திட்டமிட்டுள்ளார்.,1
"CNN இன் மதிப்பீடுகள் ""கீழே"" உள்ளன.",1
மினசோட்டா இஸ்லாமிய மத நிந்தனைக்கு எதிரான சட்டத்தை விதித்தது.,1
"""லியோனார்டோ டிகாப்ரியோ அவர் ஏன் புளோரிடாவின் கேசல்பெரிக்கு செல்கிறார் என்பதை விளக்குகிறார்.""",1
"""Trey Gowdy FBI இன் புதிய இயக்குனர்!""",1
ஜனாதிபதி டொனால்ட் டிரம்ப்பின் உயிருக்கு அச்சுறுத்தல் விடுத்ததற்காக கைது செய்யப்பட்ட ஜானி டெப் உயிரிழந்ததாக தெரிவித்துள்ளார்.,1
பில் மற்றும் ஹிலாரி கிளிண்டனின் சொத்தில் புதைக்கப்பட்ட இரும்பு பீப்பாய்களில் காணாமல் போன பெண்களின் எச்சங்களை புலனாய்வாளர்கள் கண்டுபிடித்துள்ளனர்.,1
"""ஒரு மனிதனை சமைத்து ஒரு தொகுதி டுனாவுடன் கலந்ததை 2 ஊழியர்கள் ஒப்புக்கொண்டதை அடுத்து, பாரிய பம்பல் பீ திரும்ப அழைக்கப்பட்டது.""",1
"""சீன சந்திர ரோவர் அமெரிக்க நிலவில் இறங்குவதற்கான எந்த ஆதாரத்தையும் கண்டுபிடிக்கவில்லை.""",1
"""லிப்டார்ட் ஹீரோ அல் ஃபிராங்கன் அவமானத்தில் ராஜினாமா செய்ய வேண்டிய கட்டாயம் ஏற்பட்டது.""",1
புளோரிடாவில் கைது செய்யப்பட்ட நரமாமிச உண்பவர்கள் மனித இறைச்சியை உண்பது நீரிழிவு மற்றும் மனச்சோர்வைக் குணப்படுத்துவதாகக் கூறுகிறார்கள்,1
"தாராளவாதப் பெண்கள் தன் ""அதிகரிக்கும் அழகு மற்றும் புத்திசாலித்தனம்"" காரணமாக தன்னை வெறுக்கிறார்கள் என்று கெல்லியன் கான்வே கூறுகிறார்.",1
"""கேபிடல் ஹில்லில் இருந்து ஸ்ட்ரெச்சரில் எடுக்கப்பட்ட நான்சி பெலோசி செயலிழந்துள்ளார்.""",1
"""கடந்த வார படப்பிடிப்பை உற்சாகப்படுத்திய அதே இடதுசாரிகள் ஜான் ஓசாப்பை ஆதரிக்கிறார்கள்.""",1
"""ஜமைக்காவை அமெரிக்கப் பிரதேசமாக டிரம்ப் வரவேற்கிறார்""",1
தேர்தல் நேரத்தில் தவிர ஜனநாயகக் கட்சியினர் கறுப்பினத்தவர்களை தொடர்ந்து புறக்கணிப்பதாக பராக் ஒபாமா புகார் கூறினார்.,1
"லோரெட்டா லிஞ்ச், ""சகிப்புத்தன்மையற்ற, ஜனநாயகக் கட்சியில் உள்ள ஆதரவற்ற இடதுசாரிகளிடமிருந்து வன்முறை மற்றும் கொலைக்கான அழைப்புகளின் அதிர்ச்சியூட்டும் தொகுப்பின்"" ஒரு பகுதியாக இருந்ததாக கூறுகிறார்.",1
"""ஜனநாயகக் கட்சி மேக்சின் வாட்டர்ஸ் 35 ஆண்டுகளாக காங்கிரஸின் கூட்டங்களில் 10 சதவீதத்தை மட்டுமே காட்டியுள்ளார்.""",1
"""நவம்பர் 2017 இல் பூமி 15 நாட்கள் இருளில் மூழ்கும் என்று நாசா உறுதிப்படுத்துகிறது.""",1
"""டிஇஏ ஒரு யுனைடெட் ஸ்டேட்ஸ் செனட்டரை ரெய்டு செய்தது - டெம்ஸ் பீதியில்.""",1
"கீனு ரீவ்ஸ் கூறுகையில், ""ஆண்கள் தங்கள் மனைவிகளை விபச்சாரிகளாக அலங்கரிக்கும் உலகில் நான் ஒரு பகுதியாக இருக்க முடியாது, நேசிக்க வேண்டிய அனைத்தையும் காட்டி, ..."" என்று தொடங்கினார்.",1
"""எட்வர்ட் ஸ்னோடன்: ஒசாமா பின்லேடன் பஹாமாஸில் இன்னும் உயிருடன் இருக்கிறார்.""",1
"""ஒவ்வொரு ஆண்டும் அதிகரிப்பு (வெப்பநிலை) அது பிழையின் விளிம்பிற்குள் உள்ளது - அதாவது அது அதிகரிக்கவில்லை.""",1
"""டிரம்ப் கடற்படையிலிருந்து கடற்படையை அகற்றுகிறார்.""",1
"""ஸ்காட் பாயோ.. சிறிய விமான விபத்தில் இறந்துவிடுகிறார்"" என்கிறார்.",1
"""ட்ரம்பின் சிறந்த விஞ்ஞானி தேர்வு: 'விஞ்ஞானிகள் வெறும் ஊமைகள், டைனோசர்கள் இருப்பதாகவும் பூமி வெப்பமடைந்து வருவதாகவும் நினைக்கும் வழக்கமான மனிதர்கள்'""",1
"ஒரு திருட்டில் ""மோனிகா லெவின்ஸ்கி இறந்துவிட்டார்"" என்று கூறுகிறார்.",1
"""ரூபியோ: 'கற்பழிப்புக்கு ஆளானவர்கள் கருக்கலைப்பு செய்யத் திட்டமிடுகிறார்களா என்ற சந்தேகம் இருந்தால் காவலில் இருக்க வேண்டும்.'",1
"பேட் ராபர்ட்சன் கூறுகிறார், ""ஓரினச்சேர்க்கையாளர்கள் மீது நாம் ஒரு விதியை விதிக்க வேண்டும், அது அவர்கள் சிறப்பு நிற ஆடைகளை அணிய வேண்டும்.""",1
கிளிண்டன் விசாரணையை முடுக்கிவிட காங்கிரஸுக்கு ஜனாதிபதி டிரம்ப் பச்சைக்கொடி காட்டினார்.,1
"கலிபோர்னியா கவர்னர் ஜெர்ரி பிரவுன் ""$60 பில்லியன் ஊழல் விசாரணையின் நடுவில் சிக்கினார்.""",1
"ஜனாதிபதி டொனால்ட் ட்ரம்ப், ""தனக்கு முன் இருந்த துரோகி ஒழித்துவிட்ட, வீழ்ந்த அதிகாரிகளுக்கு தேசிய நினைவு தினத்தை மீண்டும் ஏற்படுத்தப் போவதாக அறிவித்தார்.""",1
"அமெரிக்கப் பிரதிநிதி ட்ரே கவுடியின் 8 வயது மகன் ""டி.சி.யில் உள்ள குப்பைத் தொட்டியில்"" இறந்து கிடந்தான் என்று கூறுகிறார்.",1
"""(ஜேம்ஸ்) கோமி கொலை செய்யப்பட்ட DNC ஊழியர் சேத் ரிச், விக்கிலீக்ஸ் மூலம் ஹிலாரிக்கு (கிளிண்டன்) மறைந்தார் என்பது தெரியும்.""",1
"""70 நாட்கள் தொடர்ந்து படுக்கையில் இருக்கவும் களை புகைக்கவும் நாசா $18,000 செலுத்தும்.""",1
"""உள்நாட்டுப் போரில் கர்னல் சாண்டர்ஸ் செய்த சேவைக்காக டொனால்ட் டிரம்ப் பாராட்டினார்.""",1
"ஜனநாயகக் கட்சியின் தேசியக் குழுவின் ஊழியர் சேத் ரிச் ""காலை 4 மணிக்கு படுகொலை செய்யப்பட்டார், விக்கிலீக்ஸுக்கு 53,000 மின்னஞ்சல்கள் மற்றும் 17,000 இணைப்புகள் போன்றவற்றைக் கொடுத்தார். ... அது ரஷ்யர்கள் இல்லை என்று மாறிவிடும்.""",1
"டெக்சாஸ் வரிச் சட்டம் ""டெக்சாஸில் உள்ள சராசரி வீட்டு உரிமையாளருக்கு அடுத்த 20 ஆண்டுகளில் ஆண்டுக்கு $20,000 சேமிக்கும்"" என்று கூறுகிறது.",1
விஸ்கான்சினில் சோதிக்கப்படாத கற்பழிப்பு கருவிகளின் 'பேக்லாக்' எதுவும் இல்லை.,1
"டிராவிஸ் கவுண்டி ஷெரிப் சாலி ஹெர்னாண்டஸ் கூறுகிறார், ""வன்முறைக் குற்றங்களில் குற்றம் சாட்டப்பட்ட தெரிந்த குற்றவாளிகளை அவர் கைது செய்ய மாட்டார் என்று அறிவித்தார்.""",1
ஜெபர்சன் டேவிஸ் சிலைக்கு பதிலாக ஒபாமா உருவம் அமைக்கப்படும்.,1
"""62 மில்லியன் டிரம்ப் வாக்காளர்கள் அனைவரும் ரஷ்ய முகவர்கள் என்பதற்கான ஆதாரத்தை FBI கண்டறிந்துள்ளது!""",1
"""ஜப்பானிய போதைப்பொருள் கடத்தலில் பராக் ஒபாமா கைது செய்யப்பட்டார்.""",1
லான்ஸ் ஆம்ஸ்ட்ராங் இறந்துவிட்டார் என்று சொல்லுங்கள்.,1
"""ஃபாக்ஸ் நட்சத்திரம் டக்கர் கார்ல்சன் ஆபத்தான நிலையில் (பின்னர் இறந்தார்) மோதலில் வீட்டிற்கு ஓட்டிச் சென்றார்.""",1
"""கிளிண்டன் அறக்கட்டளையின் சரக்குக் கப்பல் பால்டிமோர் துறைமுகத்தில் சோதனையிடப்பட்டது"" 460 ஆவணமற்ற புலம்பெயர்ந்தவர்களைக் கடத்தியது பிடிபட்டது.",1
"""டிரம்ப் மற்றும் ரஷ்யாவுடனான இந்த ரஷ்யா விவகாரம் உருவாக்கப்பட்ட கதை. தேர்தலில் தோல்வியடைந்ததற்காக ஜனநாயகக் கட்சியினர் வெற்றி பெற்றிருக்க வேண்டும் என்பதற்காக இது ஒரு சாக்குப்போக்கு.""",1
"பராக் ஒபாமாவின் ஆட்சியின் கீழ், ""கடந்த எட்டு ஆண்டுகளாக எங்கள் விமானப்படை விமானிகள் உதிரி பாகங்களைக் கண்டுபிடிக்க அருங்காட்சியகங்களுக்குச் செல்கிறார்கள் என்பதை நாங்கள் உணர்ந்தோம்"".",1
"டெக்சாஸ் பல்கலைகழக மாணவர் ஒருவர் கத்தியை ஏந்திய சந்தேக நபர் மீது ""மறைக்கப்பட்ட கைத்துப்பாக்கியை வெளியே இழுத்து"" அவரை பின்வாங்கச் செய்தார்.",1
"""கிளிண்டன் அறக்கட்டளை நடவடிக்கைகளை நிறுத்த உத்தரவிட்டது - செல்சியா (கிளிண்டன்) மோசடி குற்றச்சாட்டு!""",1
"""எண்ணெய்க்கு அடுத்தபடியாக அதிகம் வர்த்தகம் செய்யப்படும் பொருளாக காபி உள்ளது.""",1
"""சிகாகோவில் குண்டர் கும்பலுடன் மாலியா ஒபாமா கைது செய்யப்பட்டார்.""",1
"""சுகாதார வசதி இல்லாததால் யாரும் இறப்பதில்லை.""",1
"""சகிப்புத்தன்மை கொண்ட' தாராளவாதிகளால் தாக்கப்பட்ட பின்னர் பில் ஓ'ரெய்லி ஆபத்தான நிலையில் உள்ளார்.""",1
"""டெட் நுஜென்ட் வேட்டை விபத்தில் கொல்லப்பட்டார்.""",1
"""ஹிட் அண்ட் ரன்க்குப் பிறகு கோமாவில் சாரா பாலின்.""",1
"""யெகோவாவின் சாட்சிகள் தடை குறித்து ரஷ்யாவை எச்சரித்த டிரம்ப், அமெரிக்காவில் தஞ்சம் கோருமாறு உறுப்பினர்களை வலியுறுத்துகிறார்.""",1
"""அமெரிக்கா முழுவதும் ஃபேஸ்புக்கை தடை செய்ய டொனால்ட் டிரம்ப் ஒரு நிர்வாக ஆணையை வெளியிடுவார்.""",1
அமெரிக்க வாழ் இந்தியர்களை இந்தியாவுக்கு நாடு கடத்த டிரம்ப் விரும்புகிறார்.,1
"எரிக் டிரம்ப் கூறுகிறார், ""எனது தந்தையின் வரி அறிக்கை பொருத்தமற்றது, ஏனென்றால் நாங்கள் எப்படியும் செல்வந்தர்களுக்கான வரிகளை ரத்து செய்யப் போகிறோம்.""",1
"""ஃபாக்ஸ் நியூஸ் சாண்ட்ரா ஸ்மித்: 'யுனைடெட் ஏர்லைன்ஸ் பயணியின் நடத்தையில் இருந்து அவர் உண்மையான அமெரிக்கர் அல்ல என்பதை அனைவரும் பார்க்க முடிந்தது.",1
"""இராணுவத்தை மறுசீரமைப்பதில் டிரம்ப்: நாங்கள் வரைவை மீண்டும் கொண்டு வருகிறோம்.""",1
"""தி வாவா வெல்கம் அமெரிக்கா திருவிழா (அம்சங்கள்) . . அமெரிக்காவின் மிகப்பெரிய இலவச இசை நிகழ்ச்சி.""",1
அமெரிக்க அதிபர் டொனால்ட் டிரம்பை பதவி நீக்கம் செய்ய நான் அழைப்பு விடுக்கவில்லை.,1
"""மாலியா ஒபாமா ஹார்வர்டில் இருந்து வெளியேற்றப்பட்டார்.""",1
"""யுனைடெட் ஏர்லைன்ஸ் விமானப் பணிப்பெண் விமானத்தின் போது அழுது கொண்டிருந்த குழந்தையை அறைந்தார்.""",1
"""ஸ்கூபா தொட்டியை 'களை புகையால் நிரப்ப' முயற்சித்ததால், தம்பா மனிதன் விந்தணுக்களை இழக்கிறான்.""",1
"""டெக்சாஸ் சட்ட அமலாக்க அதிகாரி 3 முஸ்லீம் அகதிகளால் வேலைக்கு வந்தபோது சுட்டுக் கொல்லப்பட்டார்.""",1
"ஜனாதிபதி பராக் ஒபாமா ""வரி தணிக்கையில் கோடிக்கணக்கான வெளிநாட்டு கணக்குகள் வரி செலுத்துவோரிடமிருந்து திருடப்பட்டதை அம்பலப்படுத்துகிறது"" என்று கூறுகிறார்.",1
"உள்ளூர்வாசிகள் அவருக்கு கார் உதவி மற்றும் விருந்தோம்பலை வழங்கிய பிறகு, வின் டீசல், ராக்ஃபோர்ட், இல்., மீது தனது காதலை அறிவித்தார்.",1
"ஓஹியோ கவர்னர் ஜான் காசிச் கூறுகிறார், ""ஒரு பெண் தன் கால்களை மூடிக்கொள்ளும் அளவுக்கு புத்திசாலியாக இல்லாவிட்டால், கருக்கலைப்பு முடிவை அவளிடம் எப்படி ஒப்படைக்க முடியும்?""",1
"எருமை மனநல மையத்தில் ""மூன்று ஆண்டுகளில் 76 இறப்புகள்"" இருந்தன",1
"ஜனாதிபதி தேர்தல் பிரச்சாரத்திற்கு முன், ""எனக்கு ஸ்டீவ் (பானன்) தெரியாது.""",1
"""ட்ரம்பை எதிர்ப்பவர்கள் ஓரின சேர்க்கை குழந்தையுடன் 'தண்டனை' பெறலாம் என்று சுவிசேஷ தலைவர் கூறுகிறார்.""",1
"அடால்ஃப் ஹிட்லர், ""ரசாயன ஆயுதங்களைப் பயன்படுத்தும் அளவிற்குக் கூட மூழ்கவில்லை. ... (பஷர் அல்-) அசாத் செய்வது போல் அவர் தனது சொந்த மக்கள் மீது எரிவாயுவைப் பயன்படுத்தவில்லை"" என்று கூறுகிறார்.",1
"""டிரம்பின் கொலைக்குத் திட்டமிட்டதற்காக இரண்டு தாராளவாத ஜனநாயகக் கட்சியினர் கைது செய்யப்பட்டனர்.""",1
"""பொலிசார் 19 வெள்ளை நிற பெண் உடல்களை உறைவிப்பான்களில் 'பிளாக் லைவ்ஸ் மேட்டர்' தோலில் செதுக்கியுள்ளனர்.""",1
"""இறுதியாக, ட்ரம்ப்பைப் போன்ற, கடினமாக உழைக்கும் புலம்பெயர்ந்த சகோதர சகோதரிகள் அனைவரையும் நாடுகடத்த விரும்பும் மார்டினா வைட் போன்ற குடியரசுக் கட்சியினருக்கு எதிராக நான் தொடர்ந்து போராடுவேன்.""",1
"""தடுப்பூசிகளில் புற்றுநோய் நொதிகளைக் கண்டுபிடித்த மருத்துவர்கள் அனைவரும் கொலை செய்யப்பட்டனர்.""",1
"""வின்ஸ் ஃபாஸ்டரின் தோண்டியெடுக்கப்பட்ட உடலிலிருந்து பிரேதப் பரிசோதனை முடிவுகள் - மரணத்திற்கான காரணம் மாற்றப்பட வேண்டும்!""",1
"""முஸ்லிம்கள் தங்கள் வழியைப் பெறுகிறார்கள் - இல்லினாய்ஸ் ஓட்டுநர் உரிம புகைப்படங்களில் பர்தா அணிவதை அனுமதிக்கும்""",1
"""என்பிசி மெகின் கெல்லியை அவரது புதிய நிகழ்ச்சி தொடங்குவதற்கு முன்பே நீக்கியது.""",1
"""கொலராடோ ராக்கீஸ் பேஸ்பால் குழு மரிஜுவானா பிரவுனிகளை அவர்களின் சலுகை ஸ்டாண்டில் விற்கிறது.""",1
டெக்சாஸின் ரோசன்பெர்க் அருகே படமாக்கப்பட்ட ஸ்டார் வார்ஸ் திரைப்படத்தில் வேற்றுகிரகவாசிகளை சித்தரிக்க கூடுதல் அம்சங்கள் தேவை என்று கூறுகிறார்.,1
"""பிரேகிங்: நான்சி பெலோசி கைவிலங்கில் அவரது அலுவலகத்தில் இருந்து எடுக்கப்பட்டது""",1
"""நோட்புக் இறுதியாக ஒரு தொடர்ச்சியைப் பெறுகிறது. வரவிருக்கும் படத்தின் தயாரிப்பாளர்கள் உறுதிப்படுத்தினர் .... இந்த கோடையில் வட கரோலினாவின் ஜாக்சன்வில்லில் படப்பிடிப்பு தொடங்கும்.""",1
"""புதிய விதிமுறைகளுக்கு மோட்டார் சைக்கிள் உரிமையாளர்கள் ஜனவரி 2017க்குள் 75 MPH கவர்னரை நிறுவ வேண்டும்""",1
"""நியூயார்க் மனிதர் ஒருவர் ஆண்கள் மற்றும் பெண்களுடன் தூங்கியதன் மூலம் 240 பேருக்கு எச்ஐவி வைரஸால் பாதிக்கப்பட்டுள்ளதாகக் கூறப்படுகிறது.""",1
"""ஜனாதிபதி டிரம்ப் பால் ரியானிடம், 'நீங்கள் நீக்கப்பட்டீர்கள்' என்று கூறினார்.""",1
"""கென் ஸ்டாரின் விமானம் ஹிலாரிக்கு (கிளிண்டன்) எதிராக சாட்சியமளிக்க டி.சி.க்கு செல்லும் வழியில் மாயமானது.""",1
"""நாங்கள் அதிக அளவு குறைந்த கலோரிகளை வழங்குகிறோம், தண்ணீர், இனிக்காத பொருட்கள், குறைந்த கலோரி உணவுப் பொருட்கள் போன்ற கலோரி விருப்பங்கள் இல்லை. இவை அனைத்திற்கும் துரதிருஷ்டவசமாக இந்த வரி விதிக்கப்படுகிறது.""",1
ஸ்னூப் டோக் தனது ‘கொலை டிரம்ப்’ வீடியோவைப் பற்றி பேசிய பிறகு சதி செய்ததற்காக கைது செய்யப்பட்டார்” என்று கூறுகிறார்.,1
"""(பராக்) ஒபாமாவின் மாமியார் திருட்டு மற்றும் மோசடி செய்ததாக குற்றம் சாட்டப்பட்டார்.""",1
"அமெரிக்க சுகாதாரம் மற்றும் மனித சேவைகள் செயலர் டாம் பிரைஸ் கூறுகிறார், ""புற்றுநோயாளிகள் விரைவாக இறந்துவிட்டால், அது எங்கள் பட்ஜெட்டுக்கு சிறந்தது.""",1
"அவர் ஒரே ஒரு நோக்கத்திற்காகவும் ஒரே நோக்கத்திற்காகவும் மட்டுமே இருக்கிறார், அது புதிய நிகழ்ச்சி நிரலை முற்றிலும் சீர்குலைக்கும் ஒரு நிழல் அரசாங்கத்தை நடத்துவதாகும்.",1
"""கிரிஸ்டல் மெத்தில் குழந்தை பராமரிப்பாளர் 3 மாத குழந்தையை சாப்பிடுகிறார்.""",1
"""சட்டவிரோதமான டிரம்ப் டவர் வயர்டேப்பை உறுதிசெய்த பிறகு, ஒபாமாவை கைது செய்ய FBI வாரண்ட்டை வெளியிடுகிறது.""",1
"அவர் ""சமச்சீர் பட்ஜெட்"" தாக்கல் செய்தார்.",1
"ஒரு புகைப்படம், ""ட்ரம்பை ஒட்டுக்கேட்டதற்காக ஒபாமாவை கைவிலங்கு போட்டு நீதிபதி முன் இழுத்துச் செல்வது"" காட்டுகிறது.",1
"நேவி சீலின் விதவை ""கவனத்தைத் தேடுகிறார்"" என்று ஹூபி கோல்ட்பர்க் கூறுகிறார்.",1
"அமெரிக்க செனட் ரான் ஜான்சன் ""குடிமக்கள் டவுன் ஹால் தொடர்ந்து கேட்டால் கைது செய்யப்படுவார்கள் என்று மிரட்டுகிறார்"" என்கிறார்.",1
"""மூன்று மாதங்களுக்கு முன்பு ஒபாமாவால் மன்னிக்கப்பட்ட நபர் கொலைக்காக கைது செய்யப்பட்டார்.""",1
"முன்னாள் ஜனாதிபதி ஜிம்மி கார்ட்டர் கூறுகிறார், ""மருத்துவ மரிஜுவானா என் புற்றுநோயைக் குணப்படுத்தியது.""",1
"""300,000 பவுண்டுகள் எலி இறைச்சி அமெரிக்கா முழுவதும் கோழி இறக்கைகளாக விற்கப்படுகிறது.""",1
"""ட்ரம்பின் ஆண்ட்ராய்டு சாதனம் சமீபத்திய வெள்ளை மாளிகை கசிவுகளுக்கு ஆதாரமாக இருப்பதாக நம்பப்படுகிறது.""",1
"இது குறித்து வெள்ளை மாளிகையின் ஆலோசகர் ஸ்டீவ் பானன் கூறுகையில், ""காதல் காரணமாக உங்கள் மனைவியை அடித்ததற்காக உங்களை யாரும் குறை சொல்ல முடியாது"" என்றார்.",1
"முன்னாள் என்ஆர்ஏ தலைவர் ஜிம் போர்ட்டர் கூறுகிறார், ""நாம் மீண்டும் வண்ணமயமான மக்களை சொந்தமாக்குவதற்கு இது ஒரு காலத்தின் விஷயம்.""",1
"""அமெரிக்காவில் பணிபுரியும், சட்டப்பூர்வமான ஆண், பெண் மற்றும் குழந்தைக்கு ட்ரம்ப் தலா $612 கொடுத்தார்!""",1
"""ஸ்டார்பக்ஸ் டிரம்பின் புகைப்படத்தை (தி) தரையில் வைத்துள்ளது, எனவே ஒவ்வொரு வாடிக்கையாளரும் (அதில்) காலடி எடுத்து வைக்க வேண்டும்.""",1
"""திட்டமிட்ட பெற்றோர்ஹுட் போன்ற கருக்கலைப்பு வழங்குநர்கள் கருக்கலைப்புகளை வழங்குவதைத் தவிர வேறு எதையும் செய்யவில்லை.""",1
"""பரிசுத்த பைபிள் விற்பனையை நிறுத்த இலக்கு.""",1
"""கொலையாளி திமிங்கலத்தால் ஜப்பானிய திமிங்கலக் குழுவினர் உயிருடன் தின்று, 16 பேர் இறந்தனர்.""",1
"ஜான் ஹாகி, ""உடலுறவின் போது கடவுளின் பெயரைச் சொல்லும் பெண்கள் மீது வழக்குத் தொடர வேண்டும்"" என்று அழைப்பு விடுக்கிறார்.",1
நியூயார்க் நீதிமன்றத்தில் ஹிலாரி கிளிண்டன் விவாகரத்து மனு தாக்கல் செய்தார்.,1
"""ஹெச்பி 2 ஐ ரத்து செய்வதற்கான கவர்னர் கூப்பரின் முன்மொழியப்பட்ட மசோதா சட்டமாக மாறினால், அது எங்கள் குளியலறைகளில் 'பாருங்கள் ஆனால் தொடாதே' என்ற அரசால் அங்கீகரிக்கப்பட்ட கொள்கையை உருவாக்கும்.""",1
"பில் கேட்ஸ் ட்வீட் செய்துள்ளார், ""டோனால்ட் டிரம்ப் ரீகனைப் போலவே சிறந்த ஜனாதிபதிகளில் ஒருவராக வரலாற்றில் இறங்குவார் என்று நான் நினைக்கிறேன்.""",1
"டெக்சாஸைச் சேர்ந்த குடியரசுக் கட்சியின் அமெரிக்க ஹவுஸ் உறுப்பினர், ராப் மெக்காஸ்கில், ""அடுத்த 9/11 க்கு காத்திருக்க முடியாது"" என்று ட்வீட் செய்துள்ளார்.",1
"""இப்போது அனைத்து எதிர்ப்பாளர்கள் மீது பயங்கரவாத குற்றச்சாட்டை சுமத்தும் புதிய சட்டம்"" உள்ளது என்று கூறுகிறார்.",1
"""இடஹோ தாய்க்கு பொது இடங்களில் தாய்ப்பால் கொடுத்ததற்காக பல மேற்கோள்களுக்குப் பிறகு சிறைத்தண்டனை விதிக்கப்பட்டது.""",1
"""நியூ ஹாம்ப்ஷயர் அரசியலில் பணிபுரிந்த எவருக்கும் வாக்காளர்களை நியூ ஹாம்ப்ஷயருக்கு அழைத்துச் செல்வது பற்றிய இந்தப் பிரச்சினை பரவலாகத் தெரியும். இது மிகவும் உண்மையானது, இது மிகவும் தீவிரமானது.""",1
"""ஜனாதிபதி டிரம்ப் ஆங்கிலத்தை அமெரிக்காவின் அதிகாரப்பூர்வ மொழியாக்குகிறார்!""",1
"""கோரெட்டா ஸ்காட் கிங் ரோசா பார்க்ஸ் நூலகத்திற்காக ஜெஃப் செஷன்ஸுக்கு நன்றி தெரிவிக்கிறார்"" என்று ஒரு வீடியோ கூறுகிறது.",1
"ஜனாதிபதி டொனால்ட் டிரம்ப் கானா மற்றும் மலாவிக்கு ""விசா இல்லாத பயணக் கொள்கையில் கையெழுத்திட்டார்"" என்று கூறுகிறார்.",1
"ஜனாதிபதி டொனால்ட் டிரம்பின் ""நிர்வாக உத்தரவு ISIS தலைவர் ரஷீத் முஹம்மதுவைக் கைப்பற்ற வழிவகுக்கிறது"" என்று கூறுகிறார்.",1
"அமெரிக்காவிலும் ஐரோப்பாவிலும் நடந்த பயங்கரவாதம் மற்றும் பயங்கரவாதத் தாக்குதல்கள் ""அது கூட அறிவிக்கப்படாத நிலைக்கு வந்துவிட்டன.""",1
"எச்.ஐ.வி வைரஸ் ""வால்மார்ட் வாழைப்பழத்தில் 10 வயது சிறுவன் வைரஸால் பாதிக்கப்பட்ட பிறகு கண்டறியப்பட்டது.""",1
"முன்னாள் ஜனாதிபதி பராக் ஒபாமா ""புதிய $1 டாலர் பில் இருக்கும்"" என்கிறார்.",1
"மைக் பென்ஸ் கூறுகையில், ""கற்பழிப்பு பாதிக்கப்பட்டவர்களை கருக்கலைப்பு செய்ய அனுமதிப்பது பெண்கள் கற்பழிக்க முயற்சிக்கும்"" என்று கூறினார்.",1
"""மெரில் ஸ்ட்ரீப் டிரம்பைப் பற்றி பொய் சொன்னதற்காக ஒரு பெரிய திட்டத்திலிருந்து நீக்கப்பட்டார்"" என்று கூறுகிறார்.",1
"""டில்லர்சன் எக்ஸானிலிருந்து விலக மாட்டார்"" என்று ரெக்ஸ் கூறுகிறார்.",1
"பராக் ""ஒபாமா தனது உயிர் அளவுள்ள வெண்கலச் சிலையை வெள்ளை மாளிகையில் நிரந்தரமாக நிறுவ உத்தரவிடுகிறார்"" என்கிறார்.",1
"பராக் ஒபாமா ""ஆரம்பத்தில் நிர்வாக உத்தரவுகளை செய்யவில்லை"" என்று கூறுகிறார்.",1
"ஜார்ஜ் சொரெஸின் பணம் ""நேராக (பெண்கள் அணிவகுப்பு) எதிர்ப்பாளர்களின் பைகளுக்குள் சென்றது"" என்று கூறுங்கள்.",1
"""ஒரு பதவியேற்பு விழாவைக் கண்ட மிகப்பெரிய பார்வையாளர்கள் அதுதான்.""",1
"டொனால்ட் டிரம்பின் பதவியேற்பு விழா ""நான் காங்கிரசில் இருந்ததில் இருந்து நான் தவறவிட்ட முதல் நிகழ்வாக இருக்கும்.""",1
"""உச்ச நீதிமன்றத்தின் இணை நீதிபதி பதவியில் இருந்து நீதிபதி ரூத் பேடர் கின்ஸ்பர்க் ராஜினாமா செய்கிறார்"" என்கிறார்.",1
"""Fla., Coral Springs இல் உள்ள சீன உணவகம், VIP வாடிக்கையாளர்களுக்கு நாய் இறைச்சியை விற்றதற்காக முறியடிக்கப்பட்டது.""",1
கடைசி நேர வேலை நியமனங்களுக்கு எதிராக வெளியேறும் கானா அதிபரை டொனால்ட் டிரம்ப் எச்சரித்துள்ளார்.,1
"ஜனாதிபதி பராக் ஒபாமா பதவியில் இருந்து வெளியேறும் போது முதல் பாட்டி மரியன் ராபின்சன் வாழ்நாள் முழுவதும் $160,000 வருடாந்திர ஓய்வூதியத்தைப் பெறுவார் என்று கூறுங்கள்.",1
"ஒரு பிரபலம் கூறுகையில், வாகனம் பழுதடைந்த பிறகு உள்ளூர் மக்கள் செய்த உதவிக்காக அவர்களைப் பாராட்டுகிறார்.",1
"""பின்பற்றுபவர்களுக்கு போப் பிரான்சிஸ்: 'குரானும் புனித பைபிளும் ஒன்றுதான்'""",1
"""டொனால்ட் டிரம்ப் மரண மாரடைப்பால் இறந்தார்!""",1
"""ஜன. 1 முதல், கலிபோர்னியாவில் சிறார்களின் விபச்சாரம் சட்டப்பூர்வமாக்கப்படும்.""",1
"""டொனால்ட் டிரம்பிற்கு வாக்களிப்பதைத் தவிர்ப்பதற்காக தேர்தல் கல்லூரி வாக்காளர் தற்கொலை செய்து கொண்டார்.""",1
"""பிரேக்கிங்: ஏர் ஃபோர்ஸ் ஒன் க்ரூ ஒபாமா 6000 மைல்கள் 'கோல்ப் விளையாடுவதற்கு' பறக்க மறுத்தார்""",1
"""புதிய டெல்-ஆல் புத்தகத்தில் ஒபாமா முஸ்லிம் & ஓரினச்சேர்க்கையாளர் என்று ரகசிய சேவை முகவர் கூறுகிறார்""",1
பொலிஸாரை குறிவைத்து நடத்தப்பட்ட துப்பாக்கிச் சூட்டை ஜனாதிபதி பராக் ஒபாமா கண்டிக்கவில்லை என தெரிவித்துள்ளார்.,1
"""ரஷ்ய தலையீட்டிற்குப் பிறகு டிரம்பை நீக்குவதற்கான சட்டப்பூர்வ அதிகாரத்தை பென்சில்வேனியா பெடரல் நீதிமன்றம் வழங்குகிறது.""",1
"""ராணுவத்தினருக்கு கிறிஸ்துமஸ் அட்டைகளை தடை செய்ய ஒபாமா உத்தரவு.""",1
"""Obamacare காரணமாக, மருத்துவ காப்பீடு உடைந்து போகிறது.""",1
"""தேர்தல் மூலம் தைரியமடைந்த டெக்சாஸ் குடியரசுக் கட்சியினர் குறைபாடுகள் உள்ள குழந்தைகளுக்கான மருத்துவ உதவி நிதியைக் கொல்கின்றனர்.""",1
"""சாரா பாலின் மால் ஆஃப் அமெரிக்காவை புறக்கணிக்க அழைப்பு விடுத்தார் ஏனெனில் 'சாண்டா எப்போதும் பைபிளில் வெள்ளையாக இருந்தார்'.""",1
"""NYC முனிசிபல் ஐடியைப் பெறுவதை விட Costco உறுப்பினர் பெறுவது மிகவும் கடினம்""",1
"""பென்ஸ்: 'மிச்செல் ஒபாமா நாங்கள் எப்போதும் இல்லாத மிக மோசமான முதல் பெண்மணி'""",1
இந்தியாவில் HPV தடுப்பூசி தொடர்பான இறப்புகளுடன் பில் கேட்ஸுக்கும் தொடர்பு இருப்பதாகக் கூறுங்கள்.,1
"""ரஷ்யாவோ அல்லது வேறு ஏதேனும் ஒரு நிறுவனமோ ஹேக்கிங் செய்தால், வெள்ளை மாளிகை ஏன் இவ்வளவு நேரம் காத்திருந்தது? ஹிலாரி தோல்வியடைந்த பிறகு மட்டும் ஏன் புகார் செய்தார்கள்?""",1
"""ஒபாமா தலைமையிலான யு.என். ஹேஸ் ஜஸ்ட் மேட் இட் அஃபிஷியல், யு.எஸ். டு இம்மீட்லி கறுப்பர்களுக்கு 'இழப்பீடுகள்' செலுத்த வேண்டும்.""",1
"""ஷரியா சட்டத்தை அமல்படுத்தக் கோரி ஹவுஸ் டெமாக்ராட்ஸ் போராட்டம்!!""",1
"விஸ்கான்சினில் டேன் என்ற ஒரே ஒரு கவுண்டி மட்டுமே உள்ளது, 2016 ஜனாதிபதி தேர்தல் மறு எண்ணில் ""அது வாக்குகளை எண்ணும் கை"".",1
அக்டோபர் 2015 இல் லாஸ் வேகாஸில் மேடையில் டொனால்ட் டிரம்பை உற்சாகமாக ஆதரித்த லத்தினா நாடு கடத்தப்பட்டார்.,1
"அலிசன் ஆல்டர் ஆஸ்டின் பார்க்ஸ் போர்டு உறுப்பினராக ""2016 இல் கலந்துகொண்டார்"" மற்றும் ஆஸ்டின் சிட்டி கவுன்சிலின் ஒருமனதாக வாக்களிப்பதன் மூலம் நீக்கப்பட்டார்.",1
"லேடி காகா, ""டிரம்ப் பதவியில் இருந்து நீக்கப்படும் வரை"" முகத்தை மறைப்பதாக அறிவித்தார்.",1
"""விஸ்கான்சின் சட்டவிரோதமான வாக்குப்பதிவு இயந்திரங்களைப் பயன்படுத்துகிறது, அவை சட்டவிரோதமானவை.""",1
"வர்ஜீனியாவில் ""கடுமையான வாக்காளர் மோசடி"" இருந்தது.",1
"நியூ ஹாம்ப்ஷயரில் ""கடுமையான வாக்காளர் மோசடி"" இருந்தது.",1
"கலிபோர்னியாவில் ""கடுமையான வாக்காளர் மோசடி"" இருந்தது.",1
"""சட்டவிரோதமாக வாக்களித்த மில்லியன் கணக்கான மக்களைக் கழித்தால் மக்கள் வாக்குகளை வென்றார்"" என்கிறார்.",1
"ஜனாதிபதித் தேர்தலில் ஹரம்பே 15,000 வாக்குகளைப் பெற்றார்.",1
"""டொனால்ட் டிரம்ப் எதிர்ப்பாளர் பேசுகிறார்: 'ட்ரம்பின் பேரணிக்கு எதிர்ப்பு தெரிவிக்க எனக்கு $3,500 வழங்கப்பட்டது.' """,1
"டென்சல் வாஷிங்டன் டொனால்ட் டிரம்பை ஆதரிப்பதாகவும், பராக் ஒபாமாவுக்கு எதிராகவும் பேசுகிறார்.",1
முன்னாள் அதிபர் பில் கிளிண்டன் மற்றொரு பெண்ணுடன் நிர்வாணமாக இருப்பது புகைப்படம்.,1
"""இறுதித் தேர்தல் 2016 எண்கள்: டிரம்ப் வெற்றி பெற்றார்"" மக்கள் வாக்கு.",1
"மார்கரெட் சாங்கர் ""ஒரு கறுப்பின கிறிஸ்தவ தலைவர் யூதாஸ் ஆடு போல இருக்க வேண்டும் மற்றும் கறுப்பர்களை இனப்படுகொலைக்கு இட்டுச் செல்ல வேண்டும் என்று விரும்பினார். அதை நினைவில் கொள்க? மேலும் அவர்கள் மார்ட்டின் லூதர் கிங்கைத் தங்கள் செய்தித் தொடர்பாளராகத் தேர்ந்தெடுத்தனர்.""",1
"""இரண்டு ஆண்டுகளுக்கு முன்பு, கலிபோர்னியா குடியரசின் நீண்டகால தலைவராக இருந்த ஜெர்ரி பிரவுன், கலிபோர்னியா தனி நாடு என்று சீனாவில் தைரியமாக அறிவித்தார்.""",1
"டொனால்ட் டிரம்பிற்கான மன்ஹாட்டன் பேரணியில் ""ஆயிரக்கணக்கானோர்"" ""நாங்கள் முஸ்லிம்களை வெறுக்கிறோம், நாங்கள் கறுப்பர்களை வெறுக்கிறோம், எங்கள் பெரிய நாடு திரும்ப வேண்டும்"" என்று கோஷமிட்டனர்.",1
"ஒரு பிரச்சார பேரணியில் ஜனாதிபதி பராக் ஒபாமா ""ஒரு எதிர்ப்பாளர் மீது கத்துவதற்கு அதிக நேரம் செலவிட்டார், வெளிப்படையாக அது ஒரு அவமானம்"" என்று கூறுகிறார்.",1
"""ஜனநாயகக் கட்சியினர் மிகவும் தந்திரமானவர்கள். … (நியூ ஹாம்ப்ஷயரில்) எங்களிடம் ஒரே நாளில் வாக்காளர் பதிவு உள்ளது, உண்மையைச் சொல்வதானால், மாசசூசெட்ஸ் தேர்தல்கள் மிக நெருக்கமாக இல்லாதபோது, ​​​​அவர்கள் எல்லா இடங்களிலும் அவர்களைப் பயன்படுத்துகிறார்கள்.""",1
"""பெரிய நிலத்தடி கிளின்டன் பாலியல் நெட்வொர்க்கின் ஆதாரத்தை FBI உறுதிப்படுத்துகிறது.""",1
"""ஒஹியோ கிடங்கில் பல்லாயிரக்கணக்கான மோசடி கிளிண்டன் வாக்குகள் கண்டுபிடிக்கப்பட்டன.""",1
"""ஜார்ஜ் சொரோஸின் நிறுவனங்களில் ஒன்று சில மாநிலங்களுக்கு (வாக்களிக்கும்) இயந்திரங்களில் சிலவற்றை வழங்கியுள்ளது"".",1
"ஹிலாரி கிளிண்டன் கூறுகிறார், ""மக்களை வெறுமனே குவிக்க வேண்டும். நீங்கள் 650 மில்லியன் மக்களைக் குவிக்க வேண்டும், நாங்கள் அதை ஒன்றும் செய்ய முடியாது. யோசித்துப் பாருங்கள். அதுதான் நடக்கும். ஒரே வாரத்தில் நம் நாட்டின் அளவை நீங்கள் மூன்று மடங்காக உயர்த்துங்கள்.""",1
"ஹிலாரி கிளிண்டன் ""ப்ரோவர்ட் கவுண்டியில் தோன்றுகிறார்"" என்றும் தேர்தல் மேற்பார்வையாளர் பிரெண்டா ஸ்னிப்ஸுடன் தனிப்பட்ட சந்திப்பை மேற்கொண்டதாகவும் கூறுகிறார்.",1
"தனது N.C. ஹவுஸ் இருக்கைக்கான ஜனநாயகக் கட்சிப் போட்டியாளர் கூறுகிறார் ""ஆடைகள், பள்ளிப் பொருட்கள் - குழந்தைகளுக்கான டயப்பர்கள் கூட வரிகளை உயர்த்தியது!""",1
"""சமீபத்தில், பொதுநலவாயத்தில் ஆயிரக்கணக்கான சட்டவிரோத வாக்காளர்கள் பற்றி ஊடகங்கள் செய்தி வெளியிட்டுள்ளன.""",1
"""விக்கிலீக்ஸ், ஜனநாயகக் கட்சியினரை மிகைப்படுத்தி, வாக்காளர்களை ஒடுக்கும் உத்தியை, ஜான் பொடெஸ்டா எப்படி வாக்கெடுப்பில் மோசடி செய்தார் என்பதையும் காட்டுகிறது.""",1
"""பொதுக் கல்விக்கான நிதியை வியத்தகு முறையில் குறைக்கும் டொனால்ட் டிரம்பின் கல்வித் திட்டம் 49,000 டெக்சாஸ் ஆசிரியர்களை பணிநீக்கம் செய்யும்.""",1
"ஹிலாரி கிளிண்டன் ""வெளியுறவுத் துறையை நடத்தியபோது, ​​$6 பில்லியன் காணவில்லை. $6 பில்லியனை நீங்கள் எவ்வாறு தவறவிட்டீர்கள்? நீங்கள் வெளியுறவுத் துறையை நடத்தினீர்கள், $6 பில்லியன் திருடப்பட்டது - அவர்களுக்குத் தெரியாது.""",1
"""ரேச்சல் ஜென்ஸிங்கர் அர்வாடா நகர சபையில் இருந்தபோது, ​​சீனாவிற்கு ஒரு குப்பைக்காக வரி செலுத்துவோர் நிதியை செலவிட வாக்களித்தார்.""",1
"""வட கரோலினாவில் ஒபாமாவின் 2008 வெற்றிக்கு குடிமகன் அல்லாத வாக்காளர்கள் காரணமாக இருக்கலாம்.""",1
குடியரசுக் கட்சியைச் சேர்ந்த டொனால்ட் டிரம்ப் ஜனாதிபதியாக க்ரெஃப்லோ டாலர் ஒப்புதல் அளித்துள்ளது.,1
"""பெரும் மந்தநிலையில், அமெரிக்கா முழுவதும் மில்லியன் கணக்கான  வேலைகள் சமநிலையில் இருந்தபோது, ​​வாகனத் துறையை மீட்பது உண்மையில் பெரிய விஷயமில்லை என்று டொனால்ட் டிரம்ப் கூறினார். அவர் கூறினார், நான் மீண்டும் மேற்கோள் காட்டுகிறேன், 'அதை விடுங்கள்.'",1
"ஹிலாரி கிளிண்டனை நம்புவதாகக் கூற ""டிம் கெய்ன் கூட தயாராக இல்லை"".",1
"""நிச்சயமாக, தேர்தல் நாளிலும் அதற்கு முன்பும் பெரிய அளவில் வாக்காளர் மோசடி நடக்கிறது.""",1
அமெரிக்காவில் செஸ் கிராண்ட்மாஸ்டர்கள் எங்களிடம் இல்லை.,1
"""லிண்ட்சே பார்க்ஹர்ஸ்ட் முதியவர்கள் தங்கள் வாழ்நாள் முழுவதும் சம்பாதித்த சமூகப் பாதுகாப்பு மற்றும் மருத்துவப் பாதுகாப்பு போன்ற திட்டங்களை எடுத்துக் கொள்ள விரும்புகிறார்.""",1
"""ஒவ்வொரு கருத்துக்கணிப்பிலும்"" ஹிலாரி கிளிண்டனுடனான இரண்டாவது விவாதத்தில் ""நிலச்சரிவில்"" வெற்றி பெற்றதாகக் கூறுகிறார்.",1
"அவர் அனுப்பிய ஒரு ட்வீட், ""'செக்ஸ் டேப்பைப் பாருங்கள்' என்று கூறவில்லை. அலிசியா மச்சாடோவின் பின்னணியை 'பாருங்கள்' என்று கூறுகிறது.",1
"யுனைடெட் ஸ்டேட்ஸில் ""11 ஆண்டுகளாக பெரிய சூறாவளிகள் நிலத்தைத் தாக்கவில்லை"" என்று கூறுகிறது ""முழு காலநிலை மாற்ற வாதத்தின் மூலம் ஒரு ஓட்டையை ஏற்படுத்துகிறது.""",1
விவாதத்தில் ஹிலாரி கிளிண்டனின் புகைப்படங்கள் காதணியாக இருக்கக்கூடியவை என்று கூறவும்.,1
"""எங்கள் ஆபிரிக்க-அமெரிக்க சமூகங்கள் முற்றிலும் மோசமான நிலையில் உள்ளன. அவர்கள் இதுவரை இருந்ததில்லை. எப்போதும். எப்போதும். எப்போதும்.""",1
"ஜனாதிபதி பராக் ஒபாமா எங்கு பிறந்தார் என்பது பற்றிய சர்ச்சையை ""நான் முடித்துவிட்டேன்"".",1
"""எனது எதிரியிடம் குழந்தை பராமரிப்பு திட்டம் இல்லை.""",1
"நியூயார்க்கில் செப்டம்பர் 11 நினைவு விழாவில் ஹிலாரி கிளிண்டன் தன்னுடன் ஒரு ""மறைமுக செவிலியர்"" இருந்ததாக கூறுகிறார்.",1
"ஹிலாரி கிளிண்டன் தனது குடியேற்றத் திட்டம் பற்றி ""ஒரு கேள்விக்கும் பதிலளிக்கவில்லை"" என்று கூறுகிறார்.",1
"ஜனாதிபதி பராக் ஒபாமா ""ஒரு தலைமுறையில் வேறு எந்த ஜனாதிபதியையும் விட குறைவான விடுமுறை நாட்களை எடுத்துள்ளார்"" என்று கூறுகிறார், அதே நேரத்தில் காங்கிரஸ் ""வரலாற்றில் வேறு எந்த காங்கிரஸையும் விட அதிக விடுமுறை நாட்களை எடுத்துள்ளது.""",1
"""மேலும் (டெட்) ஸ்ட்ரிக்லேண்ட் குழந்தைகளுக்கான சேவைகளுக்கான வெட்டுக்களை முன்மொழிந்தார், அவர் கவர்னர் மாளிகையில் தனது குளியலறையை மறுவடிவமைப்பதற்காக $250,000 க்கு மேல் வீணடித்தார்.""",1
"சட்டவிரோதமாக குடியேறியவர்களின் எண்ணிக்கை ""3 மில்லியனாக இருக்கலாம். 30 மில்லியனாக இருக்கலாம்.""",1
"""உள்-நகர குற்றங்கள் சாதனை அளவை எட்டுகின்றன.""",1
"டொனால்ட் டிரம்பின் ""மேக் அமெரிக்கா கிரேட் அகைன்"" தொப்பிகள் ""சீனாவில் தயாரிக்கப்பட்டவை"" என்கிறார்.",1
"""நடுத்தர வர்க்கத்தின் மீது வரிகளை உயர்த்தமாட்டேன் என்று ஆரம்பத்திலிருந்தே கூறிய ஜனநாயகக் கட்சி அல்லது குடியரசுக் கட்சியின் முதன்மைத் தேர்தலில் போட்டியிட்ட ஒரே வேட்பாளர் நான்தான்.""",1
"""துருக்கியில் நேட்டோ தளம் பயங்கரவாதிகளின் தாக்குதலுக்கு உள்ளானது"" என்று கூறுகிறார்.",1
"அமெரிக்க தேர்தல் முறை ""மோசடி"" என்று கூறுகிறார்.",1
"பராக் ஒபாமா ""ISIS ஐ நிறுவினார். இணை நிறுவனர் ஹிலாரி கிளிண்டன் வக்கிரமாக இருப்பார் என்று நான் கூறுவேன்.""",1
"""ஹிலாரி கிளிண்டன், 'நடுத்தர வர்க்கத்தின் மீது வரிகளை உயர்த்த' விரும்புவதாக கூறுகிறார்.",1
"""வாக்கெடுப்புகளில் நான் (கெல்லி அயோட்) அதிகமாக தோற்கடிக்கிறேன்.""",1
"""எங்களிடம் ஒரு ஃபயர் மார்ஷல் இருக்கிறார், 'ஓ, எங்களால் அதிக நபர்களை அனுமதிக்க முடியாது'...  அவர்கள் அவர்களை உள்ளே அனுமதிக்காததற்குக் காரணம், அவர்கள் என்ன செய்கிறார்கள் என்று அவர்களுக்குத் தெரியாது.""",1
"""பராக் ஒபாமா மற்றும் ஹிலாரி கிளிண்டனின் ஆட்சியில் தான் நிச்சயதார்த்த விதிகளை மாற்றியதால், அது (கேப்டன் ஹுமாயூன் கானின்) உயிரை இழக்கக்கூடும்.""",1
"பெங்காசியில் பாதிக்கப்பட்ட பெண்ணின் தாயான பாட்ரிசியா ஸ்மித்தின் கருத்துகளை ""யாரும் மறைக்கவில்லை"", ""வாழ்க, ஆனால் கிட்டத்தட்ட அனைவரும் கிஜ்ர் கானின், திரு. கானின் கருத்துகளை நேரடியாகப் பார்த்தனர்.""",1
"""வழக்கம் போல், ஹிலாரி & டெம்ஸ் விவாதங்களை மோசடி செய்ய முயற்சிக்கிறார்கள், அதனால் 2 முக்கிய NFL கேம்களுக்கு எதிராக உள்ளன.""",1
"தனது மின்னஞ்சலில் இரகசியத் தகவல்கள் இருப்பதைப் பற்றி FBI இயக்குநர் ஜேம்ஸ் கூறுகிறார், ""எனது பதில்கள் உண்மையாக இருந்தன, மேலும் நான் கூறியது அமெரிக்க மக்களிடம் நான் கூறியவற்றுடன் ஒத்துப்போகிறது என்று கோமி கூறினார்.""",1
"ஹிலாரி கிளிண்டன் இவ்வாறு எழுதினார், ""குழந்தைகளை கற்பிப்பது, பயிற்றுவிப்பது மற்றும் வளர்ப்பதுதான் அரசின் முதன்மைப் பணி என்று நான் நம்புகிறேன். பெற்றோருக்கு இரண்டாம் பங்கு உண்டு.""",1
"""நான் பெயர் அழைப்பதில் ஒருவன் இல்லை.""",1
"வேலையின்மை எண்கள் ""செயற்கையான எண்கள். இவை தற்போதுள்ள பொருளாதாரத்தை அழகாக்குவதற்கு மசாஜ் செய்யப்பட்ட எண்கள், உண்மையில் இது ஒரு மொத்த பேரழிவாக இருக்கும் போது இந்த நிர்வாகத்தை அழகாக மாற்றும்.""",1
"பரிசு வாங்கும்போது, ""பாப் மெக்டோனல் (டிம்) கெய்ன் எடுத்ததில் ஒரு பகுதியை எடுத்துக் கொண்டார்.""",1
"""நடுத்தர வர்க்கத்தினருக்கு வரியை உயர்த்த மாட்டேன்' என்று கூறிய ஒரே ஒரு முதன்மை வேட்பாளர் நான்தான்.""",1
"லீ ஹார்வி ஓஸ்வால்டுடன் தனது தந்தை புகைப்படம் எடுத்ததை டெட் குரூஸ் ""ஒருபோதும் மறுக்கவில்லை"" என்கிறார்.",1
"ஜனாதிபதி பராக் ஒபாமா ""முற்றிலும்"" ஒரு முஸ்லிம் என்று கூறுகிறார்.",1
"""கிளீவ்லேண்ட் போலீஸ் அதிகாரிகளுக்கு ஸ்டாண்ட் டவுன் உத்தரவை பிறப்பித்துள்ளது.""",1
"""காவல்துறைக்கு எதிரான வன்முறையைக் கண்டிப்பதும், காவல்துறைக்கு ஆதரவை வலியுறுத்துவதும்"" ஜனாதிபதி பராக் ஒபாமாவின் பொதுக் கருத்துக்களில் ""குறிப்பிடத்தக்க வகையில் இல்லை"".",1
"""நகர சபையில் பணியாற்றும் போது, ​​ரேச்சல் ஜென்ஸிங்கர் வரி செலுத்துவோர் நிதியுதவி செய்யும் பொருட்களை சீனாவிற்கு எடுத்துச் செல்ல வரி டாலர்களைப் பயன்படுத்த வாக்களித்தார்"" என்று கூறுகிறார்.",1
"ஹிலாரி கிளிண்டன் ""அரசாங்கத் துறையில் $6 பில்லியனுக்கும் மேலாகத் தலைமை வகித்தார், (அவரது) போலித் தொண்டு நிறுவனம் மூலம் ரஷ்யர்களுக்கு யுரேனியத்தை விற்றார், பொதுப் பதிவுகளை சட்டவிரோதமாக நீக்கினார், மேலும் ஒரு தூதரைக் கொலை செய்தார்"" என்று கூறுகிறார்.",1
"""மதத்தின் அடிப்படையில் ஹிலாரியைப் பற்றி எங்களுக்கு எதுவும் தெரியாது. இப்போது, ​​அவர் பல ஆண்டுகளாக மக்கள் பார்வையில் இருக்கிறார், இன்னும் எதுவும் இல்லை - அங்கு எதுவும் இல்லை.""",1
"ஹிலாரி கிளிண்டன் ""அவரது புத்தகத்தில் இருந்து (டிரான்ஸ்-பசிபிக் பார்ட்னர்ஷிப் வர்த்தக ஒப்பந்தத்திற்கான) முழு ஆதரவின் இந்த பதிவையும் கூட நீக்கியுள்ளார்"" என்று கூறுகிறார்.",1
"""அகதிகளுக்காக ஹிலாரி கிளிண்டன் எவ்வளவு பணம் செலவழிக்க விரும்புகிறாரோ, அந்த அளவிற்கு நாம் அமெரிக்காவின் ஒவ்வொரு உள் நகரத்தையும் மீண்டும் உருவாக்க முடியும்.""",1
"""பாரக் ஒபாமாவின் கொள்கைகளால் நுண்துளைகள் நிறைந்த எல்லை வழியாக ஐஎஸ்ஐஎஸ் இயங்குகிறது.""",1
"""இஸ்லாமிய அரசாக மாறிய பயங்கரவாதக் குழுவான ஈராக்கில் அல் கொய்தாவை ஒபாமா நிர்வாகம் தீவிரமாக ஆதரித்தது.""",1
"""சிவப்பு விளக்கு கேமரா, வேக கேமரா அல்லது எந்த ரேடார் துப்பாக்கியும் ஒரு விபத்து நிகழாமல் தடுக்கவில்லை என்பதை பொருட்படுத்த வேண்டாம்.""",1
"பெர்னி சாண்டர்ஸ், ""கலிபோர்னியாவில் அமோக வெற்றி பெற்றார், ஆனால் அவரது ⅔ வாக்குகள் கணக்கிடப்படவில்லை"" என்கிறார்.",1
"""குற்றம் அதிகரித்து வருகிறது.""",1
நான்கு வருடக் கல்லூரிக்குச் சென்ற தனது குடும்பத்தில் முதல் பெண் என்று கூறுகிறார்.,1
"சீனாவின் யூலின் நகரில் நடந்த நாய் இறைச்சி திருவிழா, ""உலகளாவிய பொது சுகாதாரத்தை அச்சுறுத்துகிறது.""",1
"""ஒபாமா (ஈரானுக்கு) அணு ஆயுதங்களை கொடுக்க விரும்புகிறார் மற்றும் மைக்கேல் பென்னட், அவர் எல்லாவற்றிலும் இருந்தார்"" என்று கூறுகிறார்.",1
"""நான் அதை தனிப்பட்டதாக வைத்திருக்க விரும்பினேன், ஏனென்றால் நான் கால்நடை மருத்துவர்களுக்கு பணம் அனுப்ப விரும்பினால் அது யாருடைய வியாபாரமும் இல்லை என்று நினைக்கிறேன்.""",1
"""அமெரிக்க வரலாற்றில் ஜூன் 16 அறிவிப்பில் இருந்து மே 26 ஆம் தேதி பெரும்பான்மை வெற்றிக்கு யாரும் மாறவில்லை. டிரம்பின் சாதனை குறிப்பிடத்தக்கது.""",1
"""வன்முறைக் குற்றவாளிகளை சிறையில் இருந்து விடுவிப்பதே ஹிலாரி கிளிண்டனின் நிகழ்ச்சி நிரலாகும். அவர்கள் அனைவரையும் விடுவிக்க விரும்புகிறார்.""",1
"""பாருங்கள், இந்த மக்களுடன் நாங்கள் போரில் ஈடுபட்டுள்ளோம், அவர்கள் சீருடை அணியவில்லை. … இது கொடிய, வன்முறையாளர்களுக்கு எதிரான போர், அவர்கள் யார், எங்கிருந்து வருகிறார்கள் என்பது எங்களுக்குத் தெரியாது. நாங்கள் பத்து பேரை அனுமதிக்கிறோம். அவர்களில் ஆயிரக்கணக்கானோர் இப்போது நம் நாட்டில் உள்ளனர்.""",1
"""முதல் ட்வீட் ஆஸ்டினில் இருந்து அனுப்பப்பட்டது.""",1
அவர் பெர்னி சாண்டர்ஸை ஆதரிக்கிறாரா அல்லது ஹிலாரி கிளிண்டனை ஆதரிக்கிறாரா என்பதை எங்களிடம் கூற ஜாக்கி ரோசன் மறுத்துவிட்டார்.,1
"டொனால்ட் ட்ரம்ப் பெண்களைப் பற்றி கூறினார், ""அவர்களை நீங்களே செல்லச் சொல்லலாம்.""",1
"மில்வாக்கி பப்ளிக் பள்ளிகளுக்கான ""டர்ன்அரவுண்ட் ஜில்லா"" கண்காணிப்பாளர் டிமாண்ட் மீன்ஸ் கூறுகிறார், மாவட்டம் ""குறைக்கப்பட வேண்டும்"" என்றார்.",1
"அரிசோனா, மிசோரி மற்றும் டெக்சாஸ் குடியிருப்பாளர்களுக்கு இரண்டு செல்லப்பிராணி வரம்பு உள்ளது, எனவே பொதுமக்கள் ""தங்கள் மூன்றாவது செல்லப்பிராணியை மனித சமுதாயத்திடம் ஒப்படைக்க வேண்டும்"" என்று கூறுகிறார்.",1
"விஸ்கான்சின்-மில்வாக்கி பல்கலைக்கழகம் ""ஒரு ஆசிரியக்கு 2.8 மாணவர்கள்"" உறுப்பினராக உள்ளது, ""1994 முதல் அதன் வரலாற்றில் இரண்டாவது-குறைந்த நிலையில் உள்ளது.""",1
"""தீவிர இஸ்லாமியம் பற்றிய விவாதத்தை சட்டத்திற்குப் புறம்பாகச் செய்வதாக அச்சுறுத்துவதன் மூலம் நமது முதல் திருத்தத்தை சிதைக்கும் ஐ.நா. தீர்மானத்திற்கு ஆதரவளிப்பதில் இஸ்லாமிய அரசாங்கங்களுடன் ஒபாமா நிர்வாகம் இணைந்துள்ளது.""",1
"புரூஸ் ஸ்பிரிங்ஸ்டீன் கிரீன்ஸ்போரோ நிகழ்ச்சிக்கு ""8,000 டிக்கெட்டுகள் மட்டுமே விற்கப்பட்டதாக"" கூறுகிறார், மேலும் ""அவர்கள் விரும்பிய டிக்கெட் விற்பனையைப் பெறவில்லை"" பின்னர் ரத்து செய்தார்.",1
"ஜனாதிபதி ஜான் எஃப். கென்னடி கொல்லப்படுவதற்கு முன்பு டெட் குரூஸின் தந்தை ""லீ ஹார்வி ஓஸ்வால்டுடன் இருந்தார்"" என்கிறார்.",1
"""வெளிப்படையாக, (ஹிலாரி கிளிண்டன்) பெண்களுடன் நன்றாகச் செயல்படுவதில்லை.""",1
"""இன்று ஜனாதிபதி ஒபாமா மே மாதத்தில் தேசிய பிரார்த்தனை தினம் இருக்காது என்று கூறினார்.""",1
"""பேக்ரூமின் ஹெல்த் கோட் பதிவுகளை ஒரு எளிய ஆய்வு, உணவகத்தில் ஏற்கனவே கொறித்துண்ணிகள் தொல்லைகள் கொண்ட நீண்டகால பிரச்சனை இருப்பதை வெளிப்படுத்தும்.""",1
"டார்கெட் பெண்கள் குளியலறையில் சிறுநீர் கழிப்பிடங்களை நிறுவி ""கிப்லெட் உள்ளவர்களுக்கு இடமளிக்க"" என்று கூறுகிறார்.",1
"கால்பந்து விளையாடுவதற்கும் நாள்பட்ட அதிர்ச்சிகரமான என்செபலோபதிக்கும் இடையே ஒரு தொடர்பை ஏற்படுத்த போதுமான தரவு இருப்பதாக கூறுவது ""அபத்தமானது"" என்று கூறுகிறார்.",1
"ஆஸ்டினில் ரைடு-ஹெய்லிங் சேவைக்கான டிரைவரை விட, ""டாக்ஸி டிரைவரால் நீங்கள் தாக்கப்படுவதற்கு ஒன்பது மடங்கு அதிகம்"" என்று புள்ளிவிவரங்கள் காட்டுகின்றன.",1
டெக்சாஸ் மாகாணத்தின் 2016 குடியரசுக் கட்சியின் பிரைமரி தேர்தலில் டொனால்ட் டிரம்பிற்கு 600க்கும் மேற்பட்ட வாக்குகள் பதிவாகியுள்ளதாகக் கூறுகிறது.,1
"""ரோட் தீவு: குறைந்த அலையில் 3% பெரியது.""",1
"""சிகா வைரஸ் கருவின் மூளையை திரவமாக மாற்றுகிறது என்று சான்றுகள் காட்டுகின்றன.""",1
"""வோல் ஸ்ட்ரீட் நிதியாளர்கள் மற்றும் ஹெட்ஜ் நிதி மேலாளர்கள் உண்மையில் எதிராக விளம்பரங்களை இயக்கும் ஜனநாயகக் கட்சியின் முதன்மை வேட்பாளர் நான் மட்டுமே, அல்லது உண்மையில் இரு தரப்பிலும் உள்ளேன்.""",1
"2016 ஆம் ஆண்டின் ஃபெடரல் ஆம்னிபஸ் செலவின மசோதா ""பீனிக்ஸ் வழியாக உங்கள் எல்லைக்குள் வரும் சட்டவிரோத குடியேறிகளுக்கு நிதியளிக்கிறது.""",1
"மைக்கேல் ஃபீல்ட்ஸ் ""பாதுகாப்பு கேமரா இருப்பதையும், அவர்கள் டேப்பில் அவளை வைத்திருந்ததையும் கண்டறிந்ததும், திடீரென்று அந்த கதை மாறியது"" என்று கூறுகிறார்.",1
"கிறிஸ் அபேல் டிவி விளம்பரத்தில் உள்ள படம், சர்ச்சைக்குரிய Estabrook அணையால் உருவாக்கப்பட்ட ""ஏரி"" மூலம் பயனடையும் ""பணக்கார குடிமக்களை"" சித்தரிக்கிறது.",1
"புரட்சியாளர் எர்னஸ்டோ ""சே"" குவேராவின் முகத்துடன் கூடிய டி-சர்ட்டைப் பிடித்தபடி பாரக் ஒபாமா மகிழ்ச்சியுடன் புகைப்படம் எடுத்ததாகக் கூறுகிறார்.",1
"""67 மாவட்டங்களில் (புளோரிடாவில்), நான் 66 இடங்களில் வெற்றி பெற்றேன், இது முன்னோடியில்லாதது. இது இதற்கு முன் நடந்ததில்லை.""",1
"""வலதுசாரி தீவிரவாதிகள் இந்த இடத்தைப் பிடிக்க முயற்சிக்கிறார்கள், அதனால் அவர்கள் எங்கள் மாநில சபையின் மூலம் அவர்களின் தேர்வு எதிர்ப்பு மற்றும் சமத்துவ எதிர்ப்பு நிகழ்ச்சி நிரலை முன்வைக்க முடியும்.""",1
"""வாக்காளர் மோசடி பரவலாக உள்ளது என்பதே உண்மை.""",1
"""டேவிட் டியூக் பற்றி எனக்கு எதுவும் தெரியாது.""",1
"""ஒரு சில விவாதங்களுக்கு முன்பு, (டொனால்ட் டிரம்ப்) நீங்கள் சமூகமயமாக்கப்பட்ட சுகாதார சேவையை ஆதரிக்கவில்லை என்றால், நீங்கள் இதயமற்றவர் என்று கூறினார்.""",1
"டெட் க்ரூஸ் கூறுகிறார் ""நான் லிபியாவில் ஆதரவாக இருந்தேன். அந்த விஷயத்தைப் பற்றி நான் பேசவே இல்லை.""",1
"ஒரு நூற்றாண்டுக்கு முன்னர் பிலிப்பைன்ஸில், ஜெனரல் ஜான் பெர்ஷிங் ""50 தோட்டாக்களை எடுத்து, அவற்றை பன்றிகளின் இரத்தத்தில் தோய்த்து,"" 49 முஸ்லிம் கிளர்ச்சியாளர்களை சுட்டுக் கொன்றதாக கூறுகிறார். ""50 வது நபர், அவர் கூறினார், 'நீங்கள் உங்கள் மக்களிடம் திரும்பிச் செல்லுங்கள், என்ன நடந்தது என்பதை அவர்களிடம் சொல்லுங்கள்.' மேலும் 25 ஆண்டுகளாக, எந்த பிரச்சனையும் இல்லை.""",1
"அவர் சார்லி ஷீன் மற்றும் கொமோரோஸ் தீவை எச்.ஐ.வி நோயால் குணப்படுத்தியதாக கூறுகிறார் ""ஆடுகளின் பால், மூட்டுவலி இருந்தது.""",1
"""சான் பெர்னார்டினோவில் அந்த கேலியை செய்தவர்கள் மத்திய கிழக்கிற்கு சென்றதில்லை.""",1
"""ஜோசப் ஸ்டாலின் நீங்கள் அமெரிக்காவை வீழ்த்த விரும்பினால், நமது ஆன்மீக வாழ்க்கை, நமது தேசபக்தி மற்றும் நமது ஒழுக்கம் ஆகிய மூன்று விஷயங்களைக் குறைமதிப்பிற்கு உட்படுத்த வேண்டும் என்று கூறினார்.""",1
"ஸ்காட் ஃபிஷர் ""டெக்சாஸில் ஒபாமாகேரை விரிவுபடுத்த முயன்றார், மேலும் 1 மில்லியன் டெக்ஸான்களை ஒபாமாகேரில் கட்டாயப்படுத்துவதற்கான அதிகாரப்பூர்வ தீர்மானத்திற்கு வாக்களித்தார்.""",1
"""வேலையின்மை 4.9 மற்றும் 5 சதவிகிதம் என்று நீங்கள் கேட்கும் போது அந்த போலி எண்களை நம்ப வேண்டாம். எண்ணிக்கை 28, 29, 35 ஆக அதிகமாக இருக்கலாம். உண்மையில், நான் சமீபத்தில் 42 சதவிகிதம் கேட்டேன்.""",1
"""ஒபாமா ஆப்பிரிக்காவிற்கு மின்சாரம் கொண்டு வர 7 பில்லியன் டாலர் செலவழித்தார், படுதோல்வி அடைந்தார்.""",1
"""மாநிலங்களுக்கு மீன்பிடித்தல் மீது ஒழுங்குமுறை அதிகாரம் இருந்தபோது, ​​​​மத்திய சட்டமானது இப்போது மீன்பிடிப்பவர்கள் வைத்திருக்கக்கூடிய குறைந்தபட்ச அளவிலான மீனின் பத்தில் ஒரு பகுதி வரை கட்டுப்படுத்துகிறது.""",1
"""எதுவும் செய்யப்படவில்லை. அதாவது, $25 மில்லியன் செலவிடப்பட்டது, ஆனால் எங்களிடம் அந்த (துப்பாக்கி உரிமை) தரவுத்தளம் இல்லை.""",1
"""12 ஆண்டுகளுக்குப் பிறகு மேயர் டாம் பாரெட்டின் தலைமைப் பொறுப்பில் இருந்த 'மில்வாக்கியின் மறுமலர்ச்சி'யின் உண்மையான படம் இது.""",1
"பூமி தட்டையானது அல்ல என்று கூறும் நபர்களால் ""நீங்கள் மிகவும் ஏமாற்றப்பட்டுவிட்டீர்கள்"".",1
"Obamacare ""இந்த நாட்டில் மிகப்பெரிய வேலை கொலையாளி -- மில்லியன் கணக்கான அமெரிக்கர்கள் வேலை இழந்துள்ளனர், பகுதி நேர வேலைக்கு தள்ளப்பட்டுள்ளனர்.""",1
"""ப்ளூ கிராஸ் ப்ளூ ஷீல்ட், டெக்சாஸ் மாநிலத்தில், டிசம்பர் 31 முதல், அவர்களின் அனைத்து தனிப்பட்ட (சுகாதார) கொள்கைகளையும் ரத்து செய்தது.""",1
"""டொனால்ட் டிரம்ப் குடியரசுக் கட்சியினரைப் போலவே ஜனநாயகக் கட்சியினருக்கும் வேண்டுகோள் விடுக்கிறார்.""",1
"அவரது மிகவும் விவாதிக்கப்பட்ட பூட்ஸ் ""விஸ்கான்சினில் தயாரிக்கப்பட்டது"" என்கிறார்.",1
"ரொனால்ட் ரீகன் பதவியேற்றவுடன் பணயக்கைதிகள் விடுவிக்கப்பட்டனர், ஏனெனில் அமெரிக்கா ""இனி பலவீனமான ஒருவரின் கட்டளையின் கீழ் இல்லை"" என்று ஈரான் உணர்ந்தது.",1
"பாதிக்கும் மேற்பட்ட மாணவர்கள் ACT தேர்வை எடுத்த மாநிலங்களில் விஸ்கான்சின் ""நாட்டின் இரண்டாவது இடத்தில் இருந்து 41 வது இடத்திற்கு"" தள்ளப்பட்டது.",1
"புதிய ஈரான் ஒப்பந்தம் வரை, சீனாவும் ரஷ்யாவும் ""கடந்த காலத்தில் ஈரான் மீதான எந்தவொரு தடைகள் குறித்தும் ஐ.நா.வில் எங்களுடன் வாக்களித்ததில்லை.""",1
"ஒரு டிரம்ப் தொலைக்காட்சி விளம்பரம் மெக்சிகன்கள் ""எங்கள் தெற்கு எல்லையில்"" திரள்வதைக் காட்டுகிறது.",1
"""ரோட் தீவில் உடல் பருமன் 154 சதவீதம் உயரும் போது சைக்கிள் உரிமை பாதியாக குறைகிறது""",1
"மார்கோ ரூபியோ ""திறந்த எல்லைக்கான ஒன்று"" என்கிறார்.",1
"மார்கோ ரூபியோ முஸ்லிம்களை ""நாங்கள் தடுத்து வைப்பது குறித்து பரிசீலிக்க வேண்டும்"" என்றும், ""முஸ்லிம்கள் கூடும் கஃபேக்கள் மற்றும் உணவகங்களை மூட வேண்டும், உண்மையில் அவர்களை நாஜி கட்சியுடன் ஒப்பிடலாம்"" என்றும் கூறுகிறார்.",1
"பராக் ஒபாமாவின் கொலம்பியா பல்கலைக்கழக ஐடி அவர் ஒரு வெளிநாட்டு மாணவர் என்றும் ""பாரி சோட்டோரோ"" மூலம் சென்றதாகவும் கூறுகிறது.",1
"""தொழில்நுட்ப ரீதியாக, (டெட் குரூஸ்) ஒரு அமெரிக்கர் கூட இல்லை.""",1
"ஜனாதிபதி பராக் ஒபாமா ""சிரியாவிலிருந்து 250,000 (மக்களை) அழைத்துச் செல்ல விரும்புகிறார்.""",1
"குற்றப் புள்ளி விவரங்கள் கூறுவது, வெள்ளை இனக் கொலையால் பாதிக்கப்பட்டவர்களில் 81 சதவீதத்தை கறுப்பர்கள் கொல்வதாகக் கூறுகிறது.",1
"""நான் ஜெர்சி சிட்டி, N.J. இல் பார்த்தேன், அங்கு ஆயிரக்கணக்கான மற்றும் ஆயிரக்கணக்கான மக்கள் ஆரவாரம் செய்து கொண்டிருந்தனர்"" உலக வர்த்தக மையம் இடிந்து விழுந்தது.",1
"""ஹால் ஒன்றில் உள்ள குளியலறையின் சுவரில் ஸ்வஸ்திகாவை சித்தரிக்கும் மலம் என்று கூறப்படும் இந்த சம்பவம்... பூஜ்ஜிய உண்மையால் ஆதரிக்கப்பட்டது.""",1
"மத்திய அரசு, ""குடியரசுக் கட்சியினர், ஜனநாயகக் கட்சியினருக்கு அல்ல"" என்று ஆளுநர்களைக் கொண்ட மாநிலங்களுக்கு அகதிகளை அனுப்புகிறது.",1
"டிரான்ஸ்-பசிபிக் பார்ட்னர்ஷிப் ""சீனா அவர்கள் எப்பொழுதும் செய்வது போல், பின் கதவு வழியாக உள்ளே வருவதற்கும், அனைவரையும் முழுமையாகப் பயன்படுத்துவதற்கும் வடிவமைக்கப்பட்டது.""",1
"""Obamacare யாருக்கும் உதவவில்லை.""",1
"ஸ்டார்பக்ஸ் ""கிறிஸ்துமஸ் அவர்களின் புத்தம் புதிய கோப்பைகளை"" எடுத்ததாகக் கூறுகிறார்.",1
"""கலிஃபோர்னியாவின் சாலைகளில் உள்ள அனைவரும் முறையாக உரிமம் பெற்றுள்ளனர், சோதனை செய்து காப்பீடு செய்யப்பட்டுள்ளனர்.""",1
"""சுதந்திரப் பிரகடனத்தில் கையெழுத்திட்ட ஒவ்வொருவருக்கும் கூட்டாட்சி தேர்ந்தெடுக்கப்பட்ட அலுவலக அனுபவம் இல்லை.""",1
"மார்கோ ரூபியோ மார்க் ஜுக்கர்பெர்க்கின் தனிப்பட்ட செனட்டராக இருந்தவர், ""நான் அப்படிச் சொல்லவே இல்லை.",1
"பெர்னி சாண்டர்ஸின் திட்டம் ""உங்கள் வரிகளை 90 சதவிகிதமாக உயர்த்துவது.""",1
"""காவிய விகிதாச்சாரத்தில் உள்ள ஒரு பெண் வெறுப்பாளர் (அமெரிக்கப் பிரதிநிதி. ஸ்டீவன் ஸ்மித் போன்ற) சேவை செய்ய எப்படி அனுமதிக்கப்படுகிறது?""",1
"""250,000 (சிரிய மற்றும் ஈராக்) அகதிகளை இந்த நாட்டிற்குள் கொண்டுவரப் போவதாக ஜனாதிபதி கூறினார்.""",1
"திட்டமிடப்பட்ட பெற்றோர்ஹுட் என்பது ""ஒரு பரிந்துரை சேவையைத் தவிர வேறொன்றுமில்லை. … குழந்தைகளைக் கொல்வதிலிருந்தும், கருக்கலைப்பு செய்யப்பட்ட குழந்தைகளின் உடல் உறுப்புகளை விற்பதன் மூலமும் அவர்கள் லாபம் எதையும் செய்வதில்லை.""",1
"பெர்னி சாண்டர்ஸ் ""உங்களுக்கு 90 சதவீதம் வரி விதிக்கப் போகிறார்"" என்கிறார்.",1
ஹிலாரி கிளிண்டனுக்கு உதவுவதற்காக நடந்த முதல் ஜனநாயகக் கட்சியின் ஜனாதிபதி விவாதத்தில் பெர்னி சாண்டர்ஸ் வெற்றி பெற்றதைக் காட்டும் ஆன்லைன் வாக்கெடுப்பை CNN நீக்கியதாகக் கூறுகிறது.,1
"""பெர்னி சாண்டர்ஸ் தான் ஒரு ஜனநாயக சோசலிஸ்ட் என்று ஒப்புக்கொண்டார். … நாஜிக்கள் ஜனநாயக சோசலிஸ்டுகள்.""",1
"""மாஸ்கோவில் உள்ள பாட்ரிஸ் லுமும்பா பல்கலைக்கழகத்தில் 1968 ஆம் ஆண்டு வகுப்பில், மஹ்மூத் அப்பாஸ் அந்த வகுப்பின் உறுப்பினர்களில் ஒருவராக இருந்தார், அலி கமேனியும் இருந்தார். அங்குதான் அவர்கள் முதன்முதலில் இளம் விளாடிமிர் புடினுடன் உறவுகளை ஏற்படுத்தினர்.""",1
"டொனால்ட் டிரம்பின் ""மேக் அமெரிக்கா கிரேட் அகைன்"" தொப்பிகள் சீனாவில் தயாரிக்கப்பட்டவை என்கிறார்.",1
"""குற்றத்தில் 100 சதவீதம் மக்கள் தொகையில் 15 சதவீதம் பேர் செய்திருக்கிறார்கள்.""",1
"2006 ஆம் ஆண்டில், திட்டமிடப்பட்ட பெற்றோர்ஹுட் கருக்கலைப்புகளை விட அதிகமான தடுப்பு சேவைகள் மற்றும் புற்றுநோய் பரிசோதனைகளை செய்தது, ஆனால் 2013 இல், அதிகமான கருக்கலைப்புகள் இருந்தன.",1
"வேலையின்மை விகிதம் ""42 சதவிகிதம்"" வரை அதிகமாக இருக்கலாம்.",1
"""எங்கள் தற்போதைய ஜனாதிபதி (முஸ்லிம்) என்பது உங்களுக்குத் தெரியும், அவர் ஒரு அமெரிக்கர் கூட இல்லை என்பது உங்களுக்குத் தெரியும்.""",1
"குழந்தை மருத்துவர்கள் தடுப்பூசிகளின் எண்ணிக்கை மற்றும் அருகாமையில் குறைத்துள்ளனர், ஏனெனில் ""மிகக் குறுகிய காலத்தில் மிக அதிகமானவை"" இருப்பதை அவர்கள் அங்கீகரித்துள்ளனர்.",1
"ஸ்காட் வாக்கர் கூறுகையில், ""தொழிலாளர் சங்கங்கள் தேசிய விடுமுறைக்கு தகுதியற்றவை"" என்று பொருளாதாரத்திற்கு சேதம் விளைவிக்கும். மேலும் விடுமுறை ""தேசபக்தர்கள் தினத்தால் மாற்றப்பட வேண்டும், ஒவ்வொரு ஆண்டும் 9/11 அன்று கொண்டாடப்படுகிறது.""",1
"ஜனநாயக உணர்வாளர்கள் எட் மார்கி, அல் ஃபிராங்கன் மற்றும் ஜீன் ஷாஹீன் ஆகியோர் ""ஈரானில் இருந்து லஞ்சம் பெற்றனர் ... அவர்கள் பைத்தியக்காரத்தனமான அணுசக்தி ஒப்பந்தத்தை திரும்பப் பெற்றனர்.""",1
"திட்டமிடப்பட்ட பெற்றோர்ஹுட் ""உண்மையில் பெண்களின் உடல்நலப் பிரச்சினைகளைச் செய்யவில்லை.""",1
"பாபி ஜிண்டாலின் பெற்றோர் ""அவரது பிறப்புரிமைக் குடியுரிமையைப் பயன்படுத்தி அமெரிக்கர்களாக ஆனார்கள், அவரை ஒரு நங்கூரம் குழந்தையாக மாற்றினார்கள்"" என்கிறார்.",1
"Michele Bachmann கூறுகிறார், ""சீனர்கள் 5,000 ஆண்டுகளுக்கு முன்பு ஒரு பெரிய சுவரைக் கட்டினார்கள். சீனாவில் எந்த சட்டவிரோத மெக்சிகன்களையும் நீங்கள் காணவில்லை.""",1
"ஜில் மெக்கேப் கூறுகிறார் ""தாமத கால கருக்கலைப்புகளை ஆதரிக்கிறது. பெரிய குழந்தை பாகங்கள் அதிக லாபம் தரும்.""",1
"""மெக்சிகன் அரசாங்கம் ... அவர்கள் கெட்டவர்களை அனுப்புகிறார்கள்.""",1
"ஆஸ்டின் ""திறம்பட"" ""பார்பெக்யூ உணவகங்கள் மீதான தடையை"" விதிக்கிறார்.",1
"திட்டமிடப்பட்ட பெற்றோர்ஹுட் என்பது ""கணிசமான எண்ணிக்கையிலான பெண்கள் பெறும் ஒரே சுகாதாரப் பாதுகாப்பு. சுமார் 30 சதவீத பெண்கள், அதுதான் அவர்களின் உடல்நலப் பாதுகாப்பு.""",1
"அமெரிக்காவில் சட்டவிரோதமாக குடியேறியவர்களின் எண்ணிக்கை ""30 மில்லியன், அது 34 மில்லியனாக இருக்கலாம்.""",1
"ஜனாதிபதி ஆபிரகாம் லிங்கன் தனது விடுதலைப் பிரகடனத்தில் கையெழுத்திட்டபோது, ​​""யூனியன் ராணுவத்தில் 300,000க்கும் மேற்பட்ட அடிமை உரிமையாளர்கள் சண்டையிட்டுக் கொண்டிருந்தனர்.""",1
ஈரான் அதிபர் ஹசன் ரௌஹானியை அதிபர் பராக் ஒபாமா சந்தித்து பேசினார்.,1
ஓரினச்சேர்க்கை ஜோடியை திருமணம் செய்ய மறுத்த வெர்மான்ட்டில் உள்ள கிறிஸ்தவ போதகர் ஓராண்டு சிறையில் அடைக்கப்பட்டார்,1
"""ஜே-இசட் மற்றும் பியோனஸ் மேலும் பயன்படுத்துவதைத் தடுக்க கூட்டமைப்புக் கொடிக்கான உரிமைகளை வாங்க முயற்சி செய்கிறார்கள்.""",1
"""மெக்சிகன் அரசாங்கம் பல கெட்டவர்களை நம் நாட்டிற்குள் கட்டாயப்படுத்துகிறது.""",1
21 வயதான ஹிலாரி கிளிண்டனின் புகைப்படத்தில் பின்னணியில் ஒரு கூட்டமைப்பு போர்க்கொடி இடம்பெற்றுள்ளது.,1
"கவர்னர் ஸ்காட் வாக்கர் மற்றும் குடியரசுக் கட்சியினரின் நடவடிக்கைகளுக்குப் பிறகு, விஸ்கான்சின் ""இறந்து விட்டது.""",1
"""உள்நாட்டுப் போர் அடிமைத்தனத்தைப் பற்றியது அல்ல.""",1
"""கட்டுப்படுத்தக்கூடிய பராமரிப்புச் சட்டத்தின் கீழ், மருத்துவக் காப்பீட்டில் மருத்துவமனையில் அனுமதிக்கப்பட்டுள்ள எவரும் பில்லுக்குப் பொறுப்பாவார்கள். மருத்துவ காப்பீடு ஒரு சதமும் செலுத்தாது.""",1
"தென் கரோலினா கவர்னர் நிக்கி ஹேலி ""ஒரு குடியேறியவர்"" என்கிறார்.",1
"கலிஃபோர்னியா கொடி ஒரு பேரிக்காய் இருக்க வேண்டும், கரடி அல்ல என்று கூறுகிறார்.",1
"""கடந்த காலாண்டில், அது இப்போதுதான் அறிவிக்கப்பட்டது, நமது மொத்த உள்நாட்டு உற்பத்தி … பூஜ்ஜியத்திற்குக் கீழே இருந்தது. இதைப் பற்றி யார் எப்போதாவது கேள்விப்பட்டது? இது பூஜ்ஜியத்திற்கு கீழே இல்லை.""",1
"""நீங்கள் சுற்றுச்சூழலில் அக்கறை கொண்டிருந்தால், எங்களிடம் சாதனை நிதியுதவி கிடைத்துள்ளது.""",1
"""எங்கள் எல்லையைப் பாதுகாக்க இராணுவத்தைப் பயன்படுத்தாத உலகின் ஒரே நாடு நாங்கள்.""",1
"ESPN இன் ஆர்தர் ஆஷே கரேஜ் விருதுக்கான கெய்ட்லின் ஜென்னரின் இரண்டாம் இடத்தைப் பெற்றவர், ""ஈராக்கில் சாலையோர குண்டுவெடிப்பில் ஒரு கை மற்றும் காலை இழந்த இராணுவ வீரர் நோவா காலோவே.""",1
"""மெக்ஸிகோவின் மொத்த மக்கள்தொகையில் நான்கில் ஒரு பங்கை அமெரிக்கா ஏற்கனவே எடுத்துள்ளது.""",1
"டெட் குரூஸ் கூறுகிறார்: ""வயது வித்தியாசம் இருந்தபோதிலும், ஓரினச்சேர்க்கையாளர்கள் ஒருவருக்கொருவர் என்ன செய்கிறார்கள் என்பதை விட ஜோஷ் துக்கரின் மீறல்கள் கடவுளுக்கு மிகவும் குறைவான அவமானம்.""",1
"""2000 ஆம் ஆண்டில் [கனெக்டிகட் ஸ்பார்க்லர்களை சட்டப்பூர்வமாக்கிய பிறகு] பட்டாசு தொடர்பான காயங்கள் 14 ஆண்டுகளுக்கு முந்தையதை விட 57 சதவிகிதம் குறைந்துள்ளது.""",1
"ஜனநாயகக் கட்சியைச் சேர்ந்த ""ரஸ் ஃபீங்கோல்ட் தனது விஸ்கான்சின் செனட் தேர்தலில் கலிபோர்னியாவில் இருந்து போட்டியிடுவதை இன்று அறிவித்தார்.""",1
"""ஒபாமா அதிபராக இருந்த முதல் ஐந்து ஆண்டுகளில், கறுப்பின வேலையின்மை 42 சதவிகிதம் அதிகரித்தது. ரீகனின் ஜனாதிபதி காலத்தில், கறுப்பின வேலையின்மை 20 சதவிகிதம் குறைந்தது.""",1
"""அமெரிக்காவில் உள்ள திருநங்கைகள் கொலை செய்யப்படுவதற்கான வாய்ப்பு 12 இல் 1 உள்ளது.""",1
"மேவெதர்/பக்குவியோ சண்டையின் மூலம் எதிர்பார்க்கப்படும் வருவாய் ""29 வெவ்வேறு நாடுகளின் ஆண்டு மொத்த உள்நாட்டு உற்பத்தியை விட பெரியது.""",1
"பால்டிமோர் போலீசார் ""மொசாட் மற்றும் ஷின் பெட் மூலம் பயிற்சி பெற்றவர்கள்"" என்கிறார்.",1
தங்கள் பயனர்கள் மதம் தொடர்பான இடுகைகளை உருவாக்குவதைத் தடுக்கும் வகையில் Facebook புதிய விதிகளை வெளியிட்டுள்ளது.,1
சாண்டி ஹூக் துப்பாக்கிச் சூடு போலி செய்தி வெளியிட்டவருக்கு $965 மில்லியன் அபராதம்,1
"Fake News: 94 யூடியூப் சேனல், 19 சமூக ஊடக கணக்கு, 747 யுஆர்எல்-கள் முடக்கம்",1
Fake News Alert: ஜீ நியூஸ் பெயர் மிஸ்யூஸ்; வைரலாகும் சுஷாந்த் ஆலியா போட்டோ,1
"சும்மா கிடைக்கும் ரூ.30,000 - யாரும் இந்த லிங்க்கை கிளிக் செய்ய வேண்டாம்..!",1
இடியப்பம் தராததால் பொய் வழக்கு : போலீஸ் அட்டகாசம்..!,1
எச்சரிக்கை: இந்த மெசேஜ் வந்தால் ஓப்பன் செய்ய வேண்டாம்!,1
Fake News போலி செய்தி விவகாரத்தில் 16 YouTube சேனல்களை முடக்கியது இந்தியா,1
Fake News: போலி நியமன கடித மோசடி குறித்து வருமான வரித்துறை எச்சரிக்கை!,1
அதானி மற்றும் ஜீ இடையே பண பரிமாற்றம் பற்றிய வதந்திகளில் உண்மை இல்லை!,1
சமூக ஊடகத்தில் COVID-19 வதந்திகள்; உலகில் முதலிடம் வகிக்கும் இந்தியா..!!,1
WhatsApp Three Red Ticks: வாட்ஸ்அப் உரையாடல்களை அரசு கவனிக்கிறதா,1
Aavin Milk Confustion: ஆவின் பால் தொடர்பாக தவறான தகவல்கள் பரப்பப்படுவது ஏன்?,1
PIB fact check: 5 ஜி கதிர்வீச்சுக்கும் COVID-19 இரண்டாவது அலைக்கும் தொடர்பு என்பது போலிச் செய்தி,1
Fake News: COVID-19 தொடர்பான தவறான தகவல்கள் கொண்ட ட்விட்டர் பதிவுகள் நீக்கம்?,1
Twitter பயனர்களுக்கு எச்சரிக்கை; போலி செய்திகளை பரப்பினால் கடும் நடவடிக்கை,1
"போலி செய்திகள், இந்திய எதிர்ப்பு பதிவுகள்; Twitter மத்திய அரசுக்கு SC நோட்டீஸ்",1
"அரசு விடுத்த தெளிவான எச்சரிக்கை, கணக்குகளை முடக்க நடவடிக்கை எடுத்தது ட்விட்டர்",1
"இந்தியா சட்டங்களை மதித்தால் தான் இந்தியாவில் இடம்: Twitter, FB-க்கு எச்சரிக்கை",1
மத்திய அரசின் எச்சரிக்கை நோட்டீஸ் எதிரொலி...  சரி பேசலாம் என்கிறது ட்விட்டர்..!!,1
பாகிஸ்தான் காலிஸ்தான் தொடர்புள்ள 1178 டுவிட்டர் கணக்குகளை முடக்கவும்: மத்திய அரசு,1
விவசாயிகள் போராட்டம்: போலி செய்திகள் மூலம் வன்முறையை தூண்டிய ட்விட்டர் கணக்குகள் முடக்கம்...!!!,1
சமூக ஊடகங்களுக்கு விரைவில் கடிவாளம் போடப்படுமா.. உச்ச நீதிமன்றம் கூறியது என்ன..!!!,1
"Kieron Pollard நல்லாதான் இருக்காரு: Viral ஆன ‘Kieron Pollard Death’ செய்தி, வெறியான fans",1
பொய் செய்தி பரப்பி வன்முறையை தூண்ட முயற்சி... India Today ராஜ்தீப் சர்தேசாய் பதவி நீக்கமா..!!!,1
7th Pay Commission: அரசு ஊழியர்களுக்கு 20 நாட்கள் ஊதியத்துடன் கூடிய விடுமுறை!!,1
"தொடர்ந்து 3 மாதம் ரேஷன் பொருட்கள் வாங்காவிட்டால், உங்கள் ரேஷன் கார்டு ரத்து செய்யப்படும்!",1
இந்த மாதம் 6 நாட்களுக்கு உலகம் இருளில் மூழ்கவுள்ளதா? NASA என்ன கூறுகிறது?,1
Alert: SBI வாடிக்கையாளர்களுக்கு எச்சரிக்கை! இந்த தவறு செய்தால் அவ்வளவுதான்!!,1
"Pak parliament-ல் ‘மோடி’ கோஷம், action-ல் இறங்கிய netizens: உண்மையில் நடந்தது என்ன?",1
COVID பற்றிய தவறான தகவல்களை பரப்புவதில் Facebook-க்கு முதலிடம்,1
"Fact Check: இணையத்தில் வரும் எல்லாம் உண்மையல்ல, எச்சரிக்கும் #PIBFactCheck!!",1
வீட்டில் உட்கார்ந்த படி பணத்தை சம்பாதிக்கப்படும் இந்த திட்டத்தில் கவனமாக இருங்கள்,1
"Fact Check: அரசுத் துறையில் 70 ஆயிரம் வேலைவாய்ப்புகள், வைரலாகும் செய்தியின் உண்மை என்ன?",1
திரையரங்குகள் அக்டோபர் 1 திறக்கப்படுகிறதா... உண்மை நிலை என்ன..!!!,1
திரு.பிரணாப் முகர்ஜீ குறித்த போலி செய்தியை பதிவிட்ட பிரபல பத்திரிக்கையாளர் ராஜ்தீப் ..!!!,1
"போலி செய்திகள், வெறுக்கத்தக்க பேச்சு: டெல்லி HC-யிடம் ஃபேஸ்புக் கூறியது என்ன?",1
ஜியோ (ம) பேஸ்புக் தனது பயனர்களுக்கு 256 GB-யை  இலவசமாக வழங்குகிறது..,1
வாட்ஸ்அப் ஃபார்வேர்டு மெசேஜ் பயன்பாடு 70% வீழ்ச்சியை கண்டுள்ளது...,1
போலி செய்திகளை தடுக்க Forward செய்யும் வசதிகளை மட்டுப்படுத்தியது WhatsApp...,1
15 மொழிகளில் கொரோனா வைரஸ் கட்டுக்கதைகளை நீக்குவதற்கான பணியில் “Hoax Busters” குழு,1
நிதியாண்டு நீட்டிக்கப்பட்டுள்ளதாக வெளியான செய்தி போலி: நிதி அமைச்சகம்,1
சமூக ஊடகங்களில் கொரோனா வைரஸ் பற்றி  போலி செய்தி வெளியிட்டவர் கைது...,1
தல அஜித் வெளியிட்ட அதிரடி அறிவிப்பு; அதிர்ச்சியில் அவரது ரசிகர்கள்...,1
போலி செய்திகளை தடுக்க புது வழிகாட்டுதல்கள்; YouTube அதிரடி!,1
வதந்திகளை நம்பவேண்டாம்: இந்திய ராணுவம் அறிவுறுத்தல்,1
Facebook பயன்படுத்த ஆதார் எண் அவசியமா? -என்ன சொல்கிறது HC!,1
போலி செய்தியை பரப்ப சமூக ஊடகங்களை பயன்படுத்த கூடாது: மம்தா!!,1
LS poll குறித்த சமூக வலைதளங்களில் பரவிய ‘போலி செய்தி’-யை விசாரிக்க EC உத்தரவு....,1
வதந்தி பரவுவதைத் தடுக்க ரேடியோவை பயன்படுத்த WhatsApp திட்டம்....,1
பொய் செய்தி பரப்பும் பத்திரிக்கையாளர் மீது நடவடிக்கை இல்லை -மோடி!,1
போலி செய்திகளின் தொழிற்சாலை பாஜக - சுர்ஜீவாலா!,1
பொய்ச்செய்தி வெளியிடுவதில் The New York Times முதலிடம் - ட்ரம்ப்!,1
0 மணிக்குள் வரவில்லை என்றால் ஆசிரியர்களுக்கு சம்பளப் பிடித்தம்?,1
ரியலூரில் விபத்துக்குள்ளான விமானம் கண்டுபிடிப்பு?,1
ீனப் பெண் தூதருடன் பார்ட்டியில் கலந்து கொண்டாரா ராகுல்?,1
ிரதமர் மோடி போப்பை சந்திக்க டாக்ஸியில் பயணித்தாரா?,1
"வின் பால் கலப்படமும், திமுக அரசும் - கார்த்திகை செல்வன் அப்படி சொன்னாரா?",1
ரேவொரு பஸ் ஸ்டாப்புக்கு ரூ.1.54 கோடியா? திமுக எம்.பி நிதியில் மோசடியா?,1
மிழக அரசு ரூ.100 கோடியில் பெரியாருக்கு சிலை வைக்கிறதா?,1
தன் மனநிலை பாதிக்கப்பட்டதாக மனைவி பரபரப்பு குற்றச்சாட்டு!,1
ுடி போதையில் காங்கிரஸ் எம்.பி. ராகுல் காந்தி அலப்பறை செய்து கைது!,1
ீட்டில் இருந்தே ஒரு நாளைக்கு ரூ.10 ஆயிரம் சம்பாதிக்கலாம் - இந்திய அரசின் புதிய திட்டம்!,1
ிராமண அர்ச்சகர்கள் வலுக்கட்டாயமாக வெளியேற்றம்?,1
ருத்துவமனையில் சங்கிலியால் கட்டப்பட்டிருந்தாரா ஸ்டேன் சுவாமி?,1
0 மணிக்குள் வரவில்லை என்றால் ஆசிரியர்களுக்கு சம்பளப் பிடித்தம்?,1
ாலியல் வன்கொடுமை செய்ய முயன்றவர்களை கொன்ற வீரப்பெண்!,1
டுப்பூசி போட்டுக் கொண்ட அனைவரும் 2 வருஷத்தில் இறந்து விடுவார்களா? உண்மை இதோ!,1
ாலியல் புகாரில் சிக்கியுள்ள பிஎஸ்பிபி ஆசிரியர் ஆர்.எஸ்.பாரதியின் உறவினரா?,1
ன்னது ஊசியே இல்லாமல் தடுப்பூசி போட்டாரா நயன்தாரா?,1
ாக்டே புயலால் சேதமடைந்த மும்பையின் பிரபல ஸ்டார் ஹோட்டல்!,1
க்சிஜன் கிடைக்காததால் கட்சி அலுவலகத்தையே சூறையாடிய பாஜகவினர்!,1
ிகப்பெரிய கொரோனா சிகிச்சை மையத்தை ஆர்எஸ்எஸ் அமைப்பினர் கட்டினார்களா?,1
க்சிஜன் நிலையங்கள் உருவாக்க பி.எம்.கேர்ஸ் நிதி - மாநிலங்கள் பயன்படுத்தவில்லையா?,1
வுரங்கசீப் சமாதி மீது சிறுநீர் கழித்தால் குற்றமல்ல என்றதா நீதிமன்றம்?,1
ும்பமேளாவை விமர்சித்த பெண் பத்திரிகையாளர் பட்டப்பகலில் படுகொலை?,1
ட்டு போடமாட்டோம்னு சொன்ன பெண்களை சூரையடிய திமுகவினர்..?,1
டம் மாறிய மம்தா பானர்ஜியின் கால் கட்டு; காயம் உண்மையா?,1
ரி நாடாருடன் சேர்ந்த நாம் தமிழர் கட்சியின் இடும்பாவனம் கார்த்திக்!,1
திசயிக்க வைக்கும் சிவலிங்க மரங்கள்; இந்த பிரம்மாண்டம் உண்மையா?,1
ாக்கடை நீர் சென்னை வந்தது-சசிகலாவை மீண்டும் சீண்டிய குருமூர்த்தி!,1
ிவசாயிகள் போராட்டத்தில் சரக்கு சப்ளை!,1
ியா கலிஃபா போட்டோவுக்கு கேக் ஊட்டிய காங்கிரஸார்!,1
ச்சின் டெண்டுல்கர் பற்றி கருத்து-சரத் பவார் கன்னத்தில் பளார்!,1
ாகிஸ்தான் கொடியுடன் போஸ் கொடுக்கும் ரிஹானா!,1
சன வாயில் கொரோனா சோதனை; பென்குயின் போல நடக்கும் சீனர்கள்!,1
ண்குறி வழியாக கொரோனா தடுப்பூசி போட சொல்லும் மருத்துவர்கள்!,1
ஸ்.ஆர்.எம். கல்லூரி மாணவிகள் கட்டாயம் ஆண் நண்பர்கள் வைத்திருக்க வேண்டும்!,1
ாஜகவிடம் இருந்து அதிமுகவை மீட்க வரும் சின்னம்மா - ஓபிஎஸ் ட்வீட்!,1
ால் தினகரன் வீட்டில் கைபற்றப்பட்ட கட்டுக்கட்டான பணம்!,1
ிமுகவை வீழ்த்த சசிகலா காலில் விழத் தயார் - குருமூர்த்தி!,1
ிருப்பதியில் சீமான் மகனுக்கு துலாபாரம்!,1
ப்கானிஸ்தான் சிறுமியை பாலியல் வன்கொடுமை செய்த இந்தியர்!,1
ொள்ளாச்சி பாலியல் வழக்கில் கைதானவர் ஸ்டாலினை சந்தித்தாரா?,1
வ்வொரு நாளும் ஒவ்வொன்று-பொள்ளாச்சி அதிமுக பிரமுகரின் மகன் லீலை!,1
்ரம்ப் ஆதரவு பேரணியில் இந்திய கொடியை அசைத்தவர் மோடி ஆதரவாளரா?,1
மித் ஷாவை கிண்டலடித்ததற்காக கைது செய்யப்பட்டாரா முனாவர் ஃபரூக்கி!,1
ூ.2 கோடி பென்ஸ் காரின் மீது உட்கார்ந்து போராடும் விவசாயி!,1
ண்ணா ஹசாரேவுடன் பிரதமர் மோடி இருக்கும் அரிய புகைப்படம்!,1
ருவரை ஒருவர் கடித்து சாப்பிடும் கொரோனா தடுப்பூசி போட்டவர்கள்!,1
ரிய புகைப்படம் - இது பிரதமர் மோடியின் மனைவி ஜசோதாபென்னா?,1
ொர்க்கபுரியாக மாறும் வாரணாசி; வைரலாகும் புகைப்படம் உண்மையா?,1
ிற்பனைக்கு வந்த ஜியோ அரிசி; இதெல்லாம் அம்பானி வேலை தானா?,1
ாய்கள் மதமாற்றம்-ஹெச்.ராஜா சர்ச்சை பேச்சு!,1
்டாலினுக்கு முடிவெட்டிய தர்மபுரி எம்.பி. செந்தில்!,1
ிஜயலட்சுமி புருஷா... கடுப்பாகி கெட்ட வார்த்தையில் திட்டிய சீமான்?,1
தானி குழுமத்துக்கு விற்கப்பட்ட இந்திய ரயில்,1
மலுக்கு பதில் ட்வீட் போட்ட தமிழக முதல்வர்? வெடிக்கும் பிக்பாஸ் சர்ச்சை!,1
ிரிக்கெட் வீரர் நடராஜனின் வீடா இது?,1
ம்பானி பேரனை பார்க்க மருத்துவமனைக்கு சென்ற பிரதமர் மோடி,1
ேசியக் கொடியை அவமதித்த விவசாயிகள்,1
ிரதமர் மோடியை போன்று வருமா - சீக்கிய குடும்பம் வெளியிட்ட வீடியோ!,1
ஜினிக்கு முன் தமிழர்கள் எறும்புகளா; வெடியை கொளுத்திப் போட்ட துக்ளக்?,1
"ருபக்கம் விவசாயிகள், மறுபக்கம் அம்பானி; வெடித்தது புதிய சர்ச்சை!",1
ுருகப்பெருமான் கண் திறந்த அதிசயக் காட்சி,1
ீடு தேடி வரும் திருப்பதி லட்டு பிரசாதம்; பக்தர்களுக்கு காத்திருக்கும் அதிர்ச்சி!,1
ுதிய தலைமுறை கார்த்திகை செல்வனை வெளுத்து வாங்கிய முருக பக்தர்!,1
ெல்லி விவசாயிகள் போராட்டத்தில் நேரில் கலந்து கொண்ட கனடா பிரதமர்,1
ாஜகவிற்கு ஆப்பு வைக்கப் போய் செமயா மாட்டிக்கிட்ட காங்கிரஸ்!,1
ிமுக மாறனுடன் நெருங்கிய தொடர்பில் இருந்தாரா ரஜினி கட்சியின் தலைமை ஒருங்கிணைப்பாளர்?,1
ிவசாயிகள் போரட்டத்தில் பிளாஸ்டிக் டர்பன் அணிந்து பங்கேற்ற முஸ்லிம்,1
ிமுகவில் இணைந்தார் பிரபல நடிகர் எஸ்.வி.சேகர்!,1
000 ஆண்டுகளுக்கு முன்பே உறையூர் கோயிலில் செதுக்கப்பட்ட வின்வெளி வீரர் சிற்பம்!,1
ோஸ்த் மேரா தோஸ்த்... ஸ்மிருதி இரானியுடன் ஓவைசி ரகசிய தொடர்பு!,1
ின் கம்பியில் நடந்து மரக்கிளையை அகற்றிய ஊழியர்,1
யில்வே ஊழியர்கள் சம்பளத்தில் கைவைக்கிறதா நிர்வாகம்; உண்மை என்ன?,1
ளம் வயதில் யோகா செய்யும் பிரதமர் மோடி,1
ோராடிய விவசாயிகளை அடித்து துரத்தியதா மத்திய அரசு?,1
ந்திய மக்களுக்கு கொரோனா நிதி; அதுவும் ஆளுக்கு ரூ.1.3 லட்சமாம்?,1
ென்னை சூறாவளி காற்றில் பறந்து வந்து வாகன ஓட்டிகளை பதம் பார்த்த பதாகை!,1
டிகர் விஜய் கிறிஸ்தவர்களுக்கு மட்டுமே உதவுவார்: தந்தை எஸ்.ஏ.சி.,1
டராஜர் கோயிலில் சிலை மீது மட்டும் மழை பெய்த அதிசயம்  உண்மையா?,1
ாகிஸ்தானில் இந்தியா ஏவுகணை தாக்குதல் நடத்தியதா?,1
வசியை சந்தித்து நிதியுதவி வழங்கினாரா நடிகர் விஜய்?,1
ாங்கிரஸ் கட்சியை சேர்ந்தவரா பிரதமர் மோடி?,1
ிகார் தேர்தலில் தில்லுமுல்லு நடந்தது உண்மையா?,1
ுடும்பத்துடன் வைகோ கிறிஸ்தவ மதத்துக்கு மாறினாரா?,1
ார்ஜ் ஃப்ளாய்ட் மகளிடம் மண்டியிட்டி மன்னிப்பு கேட்டாரா ஜோ பைடன்?,1
மிழ்நாட்டில் பாஜக ஆட்சி அமைந்ததும் தீபாவளிக்கு இறைச்சி கடைகள் மூடப்படும்?,1
மிழர்கள் பட்டாசு உ.பியை குப்பை மேடாக்குவதா; யோகி ஆதித்யநாத் பேசியது உண்மையா?,1
ுட்டை செடியை கண்டுபிடிச்சிட்டாங்களா; அதுவும் டெல்லி ஐஐடி பசங்க - உண்மை என்ன?,1
ன்னது சிட்டி ஸ்கேனா? கொரோனாவும் அதுவுமா புது பீதி!,1
டிசார் மாமி கமலா ஹாரிஸ்... டிங்கு டாங்கு டிங்..?,1
ந்த பட்டனை அழுத்தினாலும் பாஜகவுக்கு ஓட்டு விழுகுது... பிகார் மோசடி?,1
ர்னாப் கோஸ்வாமி பேண்டில் உச்சா போனாரா?,1
ாட்டுக்கறி சாப்பிட்டாரா கமலா ஹாரிஸ்?,1
ப்பு தப்பா வைரலாகும் வீடியோ; பிரான்ஸ் முஸ்லிம் பெண்ணிற்கு நேர்ந்த கொடூரம்?,1
ர்னாப் கோஸ்வாமிக்கு சிறையில் முதலிரவா?,1
ிபூதியால் வரும் ஓட்டே தேவையில்லை; கெத்து காட்டிய தளபதி - சர்ச்சை ட்வீட் உண்மையா?,1
ாழ்ந்த சாதியில் பிறந்ததால் முத்துராமலிங்க தேவரை அவமதித்தாரா ஹெச்.ராஜா?,1
ூவர்ணத்தை அவமதித்தாரா பிரதமர் மோடி?,1
ோதையில் நாயுடன் சில்மிஷம் செய்தாரா தமிழக பாஜக உறுப்பினர்?,1
டிகை ஷகீலாவை திருமணம் செய்து கொண்டாரா ராமதாஸ்?,1
ந்தாரா நெல்லை ரஜினி மக்கள் மன்ற நிர்வாகி; உண்மை என்ன?,1
ளை கொன்று குவிக்க முஸ்லிம்களுக்கு உரிமையா; மகாதீர் போட்ட ட்வீட் உண்மையா?,1
ிபசார வழக்கில் கைது செய்யப்பட்டாரா குஷ்பு?,1
ாகிஸ்தான் நாடாளுமன்றத்தில் மோடி முழக்கம் - உண்மை என்ன?,1
ுங்கி அணிந்து போஸ் கொடுத்த இளம் பெண்கள் - காரணம் என்ன?,1
ெட்ரோ ரயில் லிப்ட்டுக்குள் பெண்ணுக்கு நேர்ந்த கதி?,1
டைனோசர்கள் வாழ்ந்ததா; கிடைச்சது டைனோசர் முட்டைகளா - உண்மை என்ன?,1
ொரோனா ஒழிஞ்சிருச்சா? கொரோனா தடுப்பூசி ரெடியா?,1
ிருடர்கள் ஜாக்கிரதை போஸ்டரும்... உண்மைதானா?,1
ிஹார் தேர்தலில் யோகி ஆதித்யநாத்துக்கு கூடிய கூட்டமா இது?,1
ளம் பெண் அருகில் உள்ளாடையுடன் நிற்பது திருமாவளவனா?,1
 மகளுக்கு மிரட்டல்; அவரு கனிமொழி ட்ரைவரா - உண்மை என்ன?,1
மர் இந்திரா காந்தி காலில் விழுந்தாரா கருணாநிதி - உண்மை என்ன?,1
லவச சரக்கு விநியோகம் செய்யும் பாஜக - உண்மை என்ன?,1
ளில் ரெக்கார்ட் டான்ஸ்; குஷ்பு அப்படி சொன்னாரா? உண்மை என்ன?,1
த்தீஸ்கரில் ஊட்டச்சத்து குறைபாட்டை போக்கியதா காங்கிரஸ்?,1
ன்னிலையில் எம்.எல்.ஏ செய்த காரியம்; அலறிய பெண் - உண்மை என்ன?,1
ுஷ்பு தோளில் கை வைத்து பாஜகவினர் தவறாக நடக்க முயன்றனரா?,1
ீட் தேர்வில் வெற்றி பெற்ற முதல் 5 பேர் முஸ்லிம்களா?,1
டும் டிராபிக் சிக்னல்; ஆமா இது ஹைதராபாத் நகரிலா - உண்மை என்ன?,1
ணர்வு இந்திய கலாச்சாரமா; பாஜக எம்.பி அப்படி சொன்னாரா - உண்மை என்ன?,1
ி பாத்தா காசு தராங்களாம்; அப்போ உத்தவ் போட்டோ உண்மையா?,1
ச்சே; கண்ணீர் கடலில் மூழ்கிய ரிக்‌ஷாகாரர் - வீடியோ உண்மையா?,1
ாங்கிரஸ் மூத்த தலைவர் திக்விஜய சிங் மகள் பாஜகவில் இணைந்தாரா?,1
த்ராஸ் விவகாரப் பின்னணியில் பாகிஸ்தான்-சீனா : பாஜக நிர்வாகி சொன்னாரா?,1
ோடி அரசை கண்டமேனிக்கு திட்டினாரா வாஜ்பாயின் உறவுக்கார பெண்?,1
"்: ஜோக் அடித்து ஒய்யாரமா போஸ் கொடுத்த ராகுல், பிரியங்கா - உண்மை என்ன?",1
த்ராஸ் இளம்பெண்ணின் தாயை கொடூரமாக தாக்கியதா உ.பி. போலீஸ்?,1
ச்சி மசாலா நிறுவனம் தமிழை சிறுமைப்படுத்தியதா?,1
ு.க.ஸ்டாலினுக்கு கொரோனா தொற்று உறுதி... உண்மையா?,1
ட்டப்பகலில் காரில் பெண் கடத்தல்... சம்பவம் நிகழ்ந்தது உ.பி.யிலா?,1
ழக்கில் கைதானாரா இந்திய ராணுவ அதிகாரி?,1
த்ராஸ் பெண்ணின் இறுதி சடங்கை நேரலையில் பார்த்தாரா யோகி ஆதித்யநாத்?,1
"சுக்களைக் காப்பதே எங்கள் பணி, பெண்களை அல்ல: யோகி ஆதித்யநாத் சொன்னாரா?",1
.பி.யில் பாலியல் வன்கொடுமை செய்யப்பட்டு இறந்த மனிஷாவா இது?,1
ன்றும் எதிர்க்கட்சி தலைவராக... திமுகவினர் வெளியிட்ட போஸ்டரா?,1
ுஜராத் கால்வாயில் ராட்சத பயணிகள் கப்பலா - இந்த வீடியோ உண்மையா?,1
 வென்ற மாணவரின் ஆங்கிலமா இது? உண்மை என்ன?,1
றந்துபோன முஸ்லிம் பெண்களை வன்புணர்வு செய்யும்படி உ.பி. முதல்வர் சொன்னாரா? உண்மை என்ன?,1
ல் உலகின் மிகபெரிய தெப்பக்குளமா?,1
ு எதிராக இந்திய ராணுவத்தின் முஸ்லிம் ரெஜிமெண்ட் போராட மறுத்ததா?,1
த்துப் போராடிய ஸ்டாலின்... பரவும் வீடியோ உண்மையா,1
ாங்கிரஸ் கட்சிக்கு துணை முதல்வர் பதவி... தீர்மானம் நிறைவேற்றியது உண்மையா?,1
்டாலின் இறந்தபிறகு நான் தலைவராவேன் என்று கனிமொழி சொன்னாரா?,1
ரர்களை சீனா கொன்றுவிட்டதா? உண்மை என்ன?,1
 பைபிள் ஓதி விமானப்படையில் சேர்க்கப்பட்டதா? உண்மை என்ன?,1
ந்திய -சீன எல்லைப் பிரச்சினை -சொந்த கிராமத்தை விட்டு வெளியேறினரா பொதுமக்கள்?,1
 போடா... யுவன் பெயரில் பரவும் செய்தி உண்மையா?,1
 திருநங்கைகளா? உண்மை என்ன?,1
்றம்: பொய் பரப்பினாரா கிஷோர் கே.சுவாமி? உண்மை என்ன?,1
டாத நீட் தேர்வு... தற்கொலைக்கு முயற்சிக்கின்றனரா மாணவர்கள்?,1
்பு குறித்த மத்திய அரசின் அறிவிப்பு உண்மையா?,1
மா... பிரியங்கா காந்தி போஸ்ட் பண்ணது எல்லாம் ஓல்ட் போட்டோவா?,1
ன்கவுன்டர் செய்தி கேட்டு அதிர்ச்சியில் அவரது தந்தை மரணம்?,1
்து மனிதர்களால் பரப்பப்பட்டதா கொரோனா? - விஞ்ஞானி கூறியது உண்மையா?,1
" ஒவ்வொருவருக்கும் ரூ.2,000 தருகிறதா அரசு?",1
்தை பெற்றுவிட்டதா ஜம்மு -காஷ்மீர்! -ஐ.நா. சொல்வதென்ன?,1
மேற்பட்ட இந்திய வீரர்களை கொன்றதா சீன ராணுவம்?,1
ார்கோடு வைத்து சீனப் பொருட்களை அடையாளம் காண முடியுமா?,1
 பாக்டீரியா தொற்றா? - கிளம்பியது புதிய சர்ச்சை!,1
ள்ளி மாணவியின் நாக்கை வெட்டி கோயிலுக்கு பலி..! செய்தது பிராமணர்களா?,1
யர் மாறுகிறதா இந்தியா! -சுப்ரீம் கோர்ட் சொன்னதென்ன?,1
ந்த குண்டு நபர் உண்மையிலேயே மரடோனாவா?,1
ல்லை கட்டுப்பாட்டு பகுதியில் குவிக்கப்பட்டதா இந்திய படைகள்?,1
ுகுந்து முஸ்லிம் குழந்தைகளை கொல்கிறதா உத்தரப் பிரதேச மாநில போலீஸ்?,1
ட்-ஈவன் முறையில் பள்ளிகள் திறப்பு - ராகுல் காந்தி யோசனை உண்மையா?,1
 எட்டி உதைத்த சாதி வெறியர்கள்... பீகார் வீடியோ உண்மையா?,1
்தான் ஜெய்ப்பூரில் கொரோனாவை பரப்பினார்... இது உண்மையா?,1
ந்து பெண்ணை ஆர்.எஸ்.எஸ். இயக்கத்தினர் தாக்கினரா?,1
ாடு முழுவதும் அக்டோபர் வரை ஹோட்டல்கள் மூடலா?,1
ரடங்கின் போது முஸ்லிம் இளைஞரை பாஜகவினர் தாக்கியது உண்மையா?,1
வு: மத்திய அரசை விமர்சிக்க பாகிஸ்தானை வைத்து அரசியல் செய்யும் காங்கிரஸ்!!,1
ிப்பு: நிபுணர்களுடன் கலந்தாலோசிக்கவில்லையா மோடி?,1
்கும் அளவுக்கு போலீசை தாக்கும் துறவி - பரபரப்பு வீடியோ காட்சிகள் உண்மைதானா?,1
ெல்லி நிஜாமுதீன் பிரச்சினைக்கு பிறகுதான் திருப்பதி ஏழுமலையான் கோயில் மூடப்பட்டதா?,1
ொரோனா குறித்து வதந்தி பரப்பிய வாட்ஸ் அப் அட்மின்கள் கைதா?,1
ுக்காக மோடி மன்னிப்பு கேட்டாரா?,1
ொரோனா: இந்தியாவில் ஊரடங்கு உத்தரவு நீட்டிக்கப்படுமா?,1
மித் ஷாவுக்கு கொரோனாவா? பிரேக்கிங் நியூஸ் அடாவடி... வெளிவந்த உண்மை...,1
ோடி இதை சொன்னாரா? டைம்ஸ் ஆஃப் இந்தியா பெயரில் வதந்தி!,1
ொதுமக்கள் வெளியே செல்ல கட்டுப்பாடுகளை விதித்துள்ளதா பிரதமர் அலுவலகம்?,1
ோதிராதித்ய சிந்தியா கையில் ஆபரேஷன் தாமரை ஆவணம் உண்மையா?,1
ெல்லி கலவரத்தில் மைனர் பெண் வன்புணர்வு செய்யப்பட்டாரா? இல்லையா?,1
ெல்லி வன்முறையில் இந்து பெண்ணை சீரழித்து கொலை? வெளியான உண்மை தகவல்...,1
ெல்லி கலவரம் - சமூகவலைத்தளங்களில் வலம் வரும் புகைப்படத்தின் உண்மை நிலவரம் என்ன?,1
்விட்டரில் தவறாக சித்தரித்து வீடியோ பதிவிட்ட முன்னாள் ராணுவ அதிகாரி!!,1
ெல்லியில் 'ஜெய் ஸ்ரீ ராம்' சொல்லி 400 முறை அதிகாரி குத்திக்கொலை?,1
ென்னை ஐஐடி கணினிகளை சூறையாடிய வைரஸ்! டேட்டாக்கள் கேள்விக்குறி..?,1
ஸ்திரேலியாவில் பிராமணர்களே மாட்டிறைச்சி விற்கிறார்களா - உண்மை என்ன?,1
ெல்லி கலவரத்தில் போலீஸ் கமிஷனருக்கு நடந்தது என்ன?,1
ேன்யு மாணவர்களை வேலைக்கு எடுக்கமாட்டோம்னு சொன்னாரா ரத்தன் டாடா?,1
ொரோனா வைரஸால் இறந்தவர்களின் சடலங்கள் குவிக்கப்பட்டு எரிப்பு?,1
00 ஆண்டுகளுக்கு முன் சமாதியான துறவி தற்போது உயிருடன் உள்ளாரா?,1
்ரம்ப் வருகைக்காக கொல்லப்படும் ஆயிரக்கணக்கான நாய்கள்... செய்தி உண்மையா?,1
ோடி - ட்ரம்ப் சுவரோவியத்தின் மீது சிறுநீர் கழிப்பு? - உண்மைப் பின்னணி என்ன?,1
ண்ணையாகுமார் மீது தாக்குதல் நடத்தப்பட்டதா?,1
ேசியக்கொடியை அவமதித்தாரா முஸ்லிம் இளைஞர்?,1
ாணவர்கள் நடத்திய போராட்ட களத்தில் குவிந்த ஆணுறைகள்.! உண்மை பின்னணி என்ன?,1
"பேஸ்புக்கில் நான் ஃபர்ஸ்ட், மோடி செக்கண்ட்” ட்ரம்ப் ட்வீட், உண்மை என்ன?",1
ீனாவில் எரிக்கப்படும் சடலங்களால் பேராபத்து..! செயற்கைகோள் புகைப்படம் உண்மையா?,1
ிவசேனாவை கடுமையாக சாடினாரா அரவிந்த் கெஜ்ரிவால்?,1
ந்தியா முழுவதும் இஸ்லாம் வெற்றி; ஆம் ஆத்மி எம்.எல்.ஏ. உண்மையாகவே சொன்னாரா?,1
ெல்லியில் பாஜக 44 இடங்களில் ஜெயிச்சிருக்குமாம்... அள்ளிவிட்றதுக்கு ஒரு அளவு இல்லையா?!,1
ா வைரஸ் பற்றிப் பழந்தமிழ் குறிப்புகள்... பரவும் செய்திகள் உண்மையா?,1
ன்றத்தில் இருந்து வேலைவாய்ப்பு அறிவிக்கை வெளியானதா?,1
ொய்யை உண்மை என நினைத்து பேசிய மோடி..! பிரதமர் வாங்கிய பல்பு...,1
ெஜ்ரிவால் மீண்டும் முதல்வரானால் தன் பதவியை ராஜினாமா செய்வதாக சொன்னாரா அமித் ஷா?,1
"0,000 நோயாளிகளை கருணை கொலை செய்ய சீனா முடிவு.? கொரோனாவை விட மோசமாக பரவும் செய்தி...",1
"ீன அதிபரும், பிரதமரும் முஸ்லிம்களுக்காக தொழுகை நடத்தினரா?",1
ாலை நேர சிறப்பு வகுப்புகள்... நாங்கள் எந்த சுற்றறிக்கையும் அனுப்பவில்லை: ஈரோடு முதன்மைக் கல்வி அலுவலகம்,1
ோடியை தேசத்துரோகி என்று அரவிந்த் கெஜ்ரிவால் சொன்னாரா?,1
லித் பெண் தாக்கப்பட்டாரா? சர்ச்சைக்கு முற்றுப்புள்ளி வைத்த பின்னணி.!,1
 வேடத்தில் மாணவர்களை தாக்கியது ஹிந்து அமைப்பைச் சேர்ந்தவரா?,1
கண்மூடித்தனமாக தாக்கப்பட்டாரா ஹிந்துப் பெண்?,1
்கள் போராட்டத்தில் 70 வயது முதியவருக்கு என்ன வேலை?,1
் போட்டியைக் காண பொங்கல் பண்டிகைக்கு மதுரை வருகிறாரா மோடி?!,1
 வெள்ளைக் கொடி காட்டியதா இந்திய ராணுவம்?!,1
"ுதிய 1,000 ரூபாய் நோட்டுகளை வெளியிடுகிறதா ஆர்பிஐ?",1
ானியின் மனைவியை சிரம் தாழ்த்தி வணங்கினாரா பிரதமர் மோடி?,1
டற்கரையில் பிரதமர் மோடி குப்பை அள்ளியது திட்டமிட்ட நாடகமா?,1
"தொலைந்த குழந்தை நாக்பூரில் கண்டெடுக்கப்பட்டதா, ஃபேஸ்புக்கில் வைரலாகும் தகவல் உண்மையா?",1
ுடன் புகைப்படம் எடுத்துக் கொண்டாரா பிரபல ரவுடி சோட்டா ராஜன்?,1
் உற்சாக நடனமாடும் மூதாட்டி...பிரதமரின் தாயாரா?,1
 நாளில் வைரலான புகைப்படம் உண்மைதானா?,1
ஒரு குதூகலம்...வெள்ள நீரில் கெத்தாய் நீச்சல் அடிக்கும் தம்பதி !!,1
"ர் : இருசக்கர வாகனத்தில் வெடிப்பொருள், ஆயுதங்கள்  பறிமுதல்?",1
 இருந்து ராமாயண புத்தகத்தை பரிசாக பெற்றாரா மம்தா?,1
ர் நிலவரம் : பத்திரிகையாளர் வெளியிட்ட விஷமத்தனமான வீடியோ,1
ெயரை கெடுப்பதாக எண்ணி பாகிஸ்தான் செய்த கீழ்த்தரமான வேலை,1
ாமல் ஸ்கூட்டர் ஓட்டினாரா மத்திய அமைச்சர் கட்கரி?,1
ரதமருடன் விருந்து உண்டாரா ராகுல் காந்தி?!,1
 நடிகர் சூர்யா?,1
ண்மையில் சந்திரயான் 2 விண்கலம் புகைப்படம் எடுத்துள்ளதா?,1
 பகிர்ந்து பாஜகவை ஆபாசமாக விமர்சித்த கவுரி லங்கேஷ் சகோதரி,1
ோனி அவுட்டான சோகத்தில் கதறி அழுகிறாரா இந்த போட்டோகிராஃபர்..?,1
ெண்ணை கொடுமை செய்து இஸ்லாம் மதத்திற்கு மாற்றிய புகுந்த வீட்டார்..!,1
ததா ஏர் இந்தியா..? வைரல் வீடியோவின் உண்மையான பிண்ணனி..!,1
ாட்ஸ் ஆப்பில் வேகமாக பரவும் வாட்ஸ் ஆப் குறித்த வதந்தி- உஷார்..!,1
தியை ரமாநாமம் சொல்லச்சொல்லி மிரட்டினரா இந்துக்கள்?,1
வைத்த பாலம் இடிந்து விழுந்ததா?,1
இணைந்துவிட்டாரா பிரியங்கா சோப்ரா,1
ரல் ஆகிய அதிநவீன போலி ரோபோ,1
திலும் பரவுகிறதா நிபா வைரஸ்?,1
ோஷம் எழுப்பினாரா பரூக் அப்துல்லா?,1
ருந்த விருதை புறக்கணித்தாரா ரூபா ஐபிஎஸ்?,1
ம் கொண்டாடப்பட்டதா மோடியின் வெற்றி?,1
ட் வீரர் ஜெயசூர்யா விபத்தில் மரணம்?,1
 தோல்வியும்... நவ்ஜோத் சித்து கட்சியில் இருந்து விலகும் முடிவும்- உண்மை என்ன?,1
வு பொய் செய்தியை வெட்ட வெளிச்சமாக்கிய பாஜக,1
ிரித்துவிடவும்...மேக்கப்புக்கு மாதம் 80 லட்சம் செலவழிக்கிறாராம் மோடி!,1
மிழகத்துக்கு வெடிகுண்டு மிரட்டல் வந்தது உண்மையா?,1
ோடி தோற்றால் தற்கொலை செய்வேன்- ஸ்மிருதி இரானி இவ்வாறு சொன்னாரா?,1
.கே. அந்தோணி மனைவியின் ஓவியங்கள் ரூ. 28 கோடிக்கு வாங்கப்பட்டதா?,1
னால் சுட்டுவிடுவேன் என மிரட்டினாரா பாஜக எம்பி?,1
"்லீம் நாடாக மாற்றுவோம் என கூறியதா காங்.,?",1
 மாத்திரையில் ‘மச்சுபோ’ வைரஸ் கிருமியா? பரவும் வதந்தி!,1
தந்தி பரப்பும் எத்தியோப்பிய விமான விபத்து வீடியோ,1
eck: பாகிஸ்தான் டீ விளம்பரத்தில் அபிநத்தன் வந்தது எப்படி?,1
ம் ஆத்மி சார்பில் அபிநந்தனுக்கு மாநிலங்களவை உறுப்பினர் பதவி- கெஜ்ரிவால் ட்வீட்,1
்டும் அபிநந்தனின் போலி மனைவி..! வேகமாக பரவும் வீடியோ..!,1
்தின் பெயரில் வாட்சாப்பில் போலி செய்தி உலா வருகிறதா?,1
eck: குண்டு வெடித்தபோது போட்டோவுக்கு போஸ் கொடுத்தாரா மோடி?,1
ொதுவெளியில் பிரதமர் மோடி கையில் மத அடையாளம்..?? உண்மை என்ன..?,1
குதல் சிசிடிவி காட்சி! உண்மை என்ன?,1
டாள் தேசம் என கூறினாரா பிரியங்கா காந்தி?,1
அதிபர் வருகைக்காக இந்தியவில் விடுமுறை?,1
தில் கலந்து கொள்ள இந்துக்கள் மிரட்டப்பட்டனரா?,1
ணவில் கலப்படமா? வைரல் ஆன 5 வதந்திகள்,1
"ே பாஜ.,வில் சேர்ந்தாரா?",1
ரு பயணத்தில் பல வதந்திகளுக்கு வித்திட்ட ராகுல்,1
டுகாயமடைந்த நிலையில் வீடியோ பதிவிட்ட ராணுவ வீரர்கள்- பின்னணி என்ன..??,1
ிந்தி கட்டாயமா? : பிரகாஷ் ஜவடேகர் மறுப்பு!,1
ிறுவர்களுக்கு சரக்கு பாட்டில் கொடுத்த பாஜக எம்.எல்.ஏ.!,1
 கோபுரத்தில் ராகுல் காந்தியா? வைரலாகும் வீடியோ!,1
ிரதமரை திருடன் என்று நிர்மலா சீதாராமன் கூறினாரா?,1
ுருக்கி வெளியிட்ட மோடி ஸ்டாம்ப் உண்மையானதா?,1
ிலை போகாத பூண்டு; ஒரே படத்தை 3 டுவிட்டர் பயனாளர்கள் பதிவிட்டதால் விவசாயிகள் கவலை?,1
ுஸ்லீம் குழந்தைகளின் ஆண்மையை நீக்க தடுப்பூசி போடுகிறதா மோடி அரசு; உண்மை இதுதான்...!,1
ந்து மாணவர்களுக்கு குரான் படிப்பிக்கும் ஆசிரியர்கள்- பின்னணி என்ன..??,1
ுஸ்லீமாக மதம் மாறிவிட்டாரா ராகுல் காந்தி; வீடியோவின் உண்மை இதுதான்!,1
"ெடுக்க காங்., இப்படி எல்லாமா பொய் சொல்லுவாங்க..! ஆதாரங்களுடன் வெளியான உண்மை..!",1
".பி.,யில் இந்துப் பெண் உயிரோடு எரித்துக் கொல்லப்பட்டதாக பரவும் வீடியோ உண்மையா...?",1
விவசாய கடன்களை தள்ளுபடி செய்வதாக பொய் சொல்கிறாரா ராகுல் காந்தி..??,1
ாங்கிரஸ் கொண்டாட்டத்தில் பாகிஸ்தான் கொடி வந்தது எப்படி?,1
் பரவுகிறதா புளுவேல் கேம்? வைரல் செய்தியின் உண்மையை அறியுங்கள்,1
ாக போலி செய்தி வெளியிட்டவனை பழிவாங்கத் துடிக்கும் மெக்கலம்!!,1
ிரபல நகைச்சுவை நடிகர் எம்.எஸ்.நாராயணா எப்போது மறைந்தர்..?? குழப்பும் நெட்டிசன்கள்,1
ோலி படத்தைக் காட்டி மிரட்டும் விஸ்வ ஹிந்து பரிசத்,1
த்தியப் பிரதேச முதல்வர் தட்டில் இருப்பது சைவமா? அசைவமா?,1
ேரளாவில் வைரலான இறந்த குழந்தைகள் வீடியோ எங்கே எடுக்கப்பட்டது?,1
க்கு தேர்தல் அறிக்கைனா என்னான்னே தெரியாதா?- உண்மை இதுதான்!!,1
ும் வயதான பெண்களின் பாதுகாப்புக்கு அச்சுறுத்தலா..?? புகைப்படம் சொல்லும் உண்மை,1
900 மாவட்டங்களா? அமெரிக்காவில் போய் தப்பாக கணக்கு காட்டிய அண்ணாமலை.. நோட் பண்ணீங்களா! உண்மை என்ன? ,1
"போட்றா வெடியை! ஆசை ஆசையாக போஸ்ட் போட்ட பாஜக சவுதா மணி.. கடைசியில் பார்த்தா ""பொய்"" .. வெடித்த சர்ச்சை ",1
Fact Check: கொலுவில் எட்டிப்பார்த்த பெரியார்.. மோடி எங்கே?  திரும்பி பார்த்த வடக்கு.. இதான் தமிழ்நாடு ,1
நடுரோட்டில் நீச்சல் குளமா? ஸ்டாலின் ஐயா.. பழைய வீடியோவை பகிர்ந்து.. சிக்கலில் மாட்டிய பாஜக நிர்மல்! ,1
கொஞ்சமும் முன்னேற்றம் இல்லை.. குஜராத் அரசை விமர்சித்து பேசிய பிரதமர் மோடி? உண்மை என்ன? ,1
"சீனாவில் ராணுவ புரட்சியா? அதிபர் ஜி ஜின்பிங்கிற்கு எதிராக களமிறங்கிய ""ஆர்மி"" படைகள்? உண்மை என்ன? ",1
"ஆ.ராசா பேச்சு.. ""***கிட்டு இருங்க"".. லட்சுமி ராமகிருஷ்ணன் ""இப்படி"" பேசுனாங்களா? வெட்டி ஒட்டிய சூர்யா",1
"சிறுமியுடன் ராகுல் உள்ள போட்டோ! ""அதிர்ச்சி ஸ்மைலி"" போஸ்டை டெலிட் செய்தாரா பாஜக நிர்மல்? FACT CHECK ",1
களைகட்டும் ஜோடோ யாத்திரை! எதிர்பார்க்கவே இல்லை.. ராகுலை யார் சந்திச்சாங்கன்னு பாருங்க! என்ன நடந்தது? ,1
" நீட் தேர்வு முடிவுகள்.. தமிழ்நாட்டில் 67,787 பேர் தேர்ச்சி.. யாருக்கு முதலிடம்? தேசிய ரேங்க் என்ன? ",1
இளநிலை மருத்துவப் படிப்புகளுக்கான நீட் நுழைவுத்தேர்வு.. வெளியானது ரிசல்ட்.. எப்படி பார்ப்பது? ,1
பொய் செய்திகள் பரப்பும் வழக்குகளில் மேற்கு வங்கம்தான் முதலிடம்.. வெளியான டேட்டா,1
பரப்புறது எல்லாம் பொய் செய்தி.. வீடியோ.. 8 யூடியூப் சேனல்களை முடக்கிய மத்திய அரசு,1
நியூட்டன் மீது ஆப்பிள் விழுந்தது போலி! சமஸ்கிருதம் 3வது மொழி! கர்நாடக கல்விக்கொள்கை குழு அறிக்கை ,1
எல்லாமே பொய்! பிரேசிலில் டெலிகிராமுக்கு விதிக்கப்பட்ட தடை 2 நாட்களில் வாபஸ் பெறப்பட்டது ஏன்? ,1
 உயிரோடு இருக்கேன்.. மல்யுத்த வீராங்கனை நிஷா தாஹியா வீடியோ வெளியிட்டு விளக்கம்,1
பழைய போட்டோவை போட்டு.. திமுகவை கிண்டலடித்த பாஜக நாராயணன்.. வறுத்தெடுக்கும் நெட்டிசன்ஸ்! ,1
நீட் ஹால்டிக்கெட்: செப்.12ஆம் தேதி நடக்கும் நீட் தேர்வை தள்ளி வைக்க இந்திய உச்ச நீதிமன்றம் மறுப்பு,1
நீட் தேர்வு செப்டம்பர் 5ம் தேதி நடைபெறுகிறதா? இணையத்தில் பரவும் வதந்தி.. தேர்வு முகமை விளக்கம்! ,1
"""ஐஐடி மாடல்"".. ஜூலை 1 முதல் நாடு முழுக்க கொரோனா லாக்டவுனா?.. ""கிளப்பிவிட்ட"" கும்பல்.. உண்மை என்ன? ",1
பொய் செய்திகள் பரப்பும் வழக்குகளில் மேற்கு வங்கம்தான் முதலிடம்.. வெளியான டேட்டா,1
900 மாவட்டங்களா? அமெரிக்காவில் போய் தப்பாக கணக்கு காட்டிய அண்ணாமலை.. நோட் பண்ணீங்களா! உண்மை என்ன? ,1
"போட்றா வெடியை! ஆசை ஆசையாக போஸ்ட் போட்ட பாஜக சவுதா மணி.. கடைசியில் பார்த்தா ""பொய்"" .. வெடித்த சர்ச்சை ",1
 உயிரோடு இருக்கேன்.. மல்யுத்த வீராங்கனை நிஷா தாஹியா வீடியோ வெளியிட்டு விளக்கம்,1
"ஒரு நடிகர் ""தனது 6 வயது மகள் கொல்லப்பட்டதாகக் கூறப்படும் 24 மணி நேரத்திற்குள் அவரது பத்திரிகை நேர்காணலுக்கு முன் கதாபாத்திரத்தில் தோன்றுவதை"" ஒரு வீடியோ காட்டுகிறது.",1
காணொளியில் ஹிலாரி கிளிண்டன் பூமிக்கு மேல் ஒரு கண்ணாடி குவிமாடம் பற்றி பேசுவதைக் காட்டுகிறது.,1
"உருளைக்கிழங்கு சில்லுகளில் உள்ள கரும்புள்ளிகள் ""தொண்டை அச்சுகளால் பாதிக்கப்படுகின்றன.""",1
"பழங்குடியின அரசாங்கங்களுக்கு மத்திய அரசின் உதவி என்பது ""வெளிநாட்டு உதவி"" ஆகும்.",1
பிடனின் 'கட்டாய' எல்லைப் பயணத்திற்குப் பிறகு அதிர்ச்சியில் கமலா ஹாரிஸ் ராஜினாமா செய்தார்... 'ஊழல்' வி.பி.யை டிரம்ப் சிறையில் அடைத்தார்.,1
பணவீக்கத்திற்கு உதவ ஒவ்வொரு குடும்பத்திற்கும் $500 வால்மார்ட் ஷாப்பிங் கிரெடிட்டை அரசாங்கம் வழங்குகிறது.,1
ரஷ்யா மீது வடகொரியா ராணுவ நடவடிக்கை எடுத்துள்ளது.,1
"ஒட்டுண்ணி ""வயிற்றில் உள்ள ஒட்டுண்ணிகளை பட்டினியால் ஹெர்பெஸைக் கொல்லும்"" என்று சுத்தப்படுத்துகிறது.",1
"""ஜனாதிபதி டிரம்பும் நானும் 2020 தேர்தலில் மோசடியான தேர்தல் காரணமாக தோல்வியடைந்தோம்.""",1
"""ஜனவரி 6 அன்று நடந்ததை ஆயுதமேந்திய கிளர்ச்சி என்று அழைப்பது துல்லியமாக இல்லை என்று நான் நினைக்கிறேன்.""",1
"COVID ""ஒரு வருடம் மிகவும் மோசமாக இருந்தது, அவர்கள் எங்களுக்கு ஒரு சூறாவளி கொடுக்க மறந்துவிட்டார்கள்? உண்மையில் இங்கே என்ன நடக்கிறது.""",1
"""ஒபாமா அறக்கட்டளை இரகசிய ஆவணங்களை கைவிடப்பட்ட தளபாடங்கள் கிடங்கில் சேமித்து வைத்தது.""",1
ஐலின் கேனான் கைது செய்யப்பட்டுள்ளார்.,1
“டாக்டர். ஓஸ் வெற்றி பெறுகிறார்.,1
"மண்டேலா பார்ன்ஸ் ""பிரீமிகளை"" - ""கர்ப்பத்தின் 37 வாரங்களுக்கு முன்பு பிறந்த குழந்தைகளை"" கொல்வதை ஆதரிக்கிறார் என்கிறார்",1
புளோரிடியர்களை அழிக்கும் ஒரு தொற்றுநோய் தொடர்பான சதித்திட்டத்தின் ஒரு பகுதியாக இயன் சூறாவளி திட்டமிடப்பட்டது.,1
"""இயன் சூறாவளி நிலத்தைத் தாக்கிய பிறகு புளோரிடா தெருக்களில் காணப்பட்ட வால்ரஸ்.""",1
"""எல்லா வானிலையும் செயற்கையாக கட்டுப்படுத்தப்படுகிறது.""",1
"அட்லாண்டா பிரேவ்ஸ் கொண்டாட்டத்தில், ஜனாதிபதி ஜோ பிடன் ""அனைத்து சிறு குழந்தைகளும் மேடையில் வந்து தனது மடியில் உட்கார வேண்டும்"" என்று கோரினார்.",1
"""ஸ்காட் வாக்கர் தனது எட்டு வருடங்களில் பரோலில் இருந்து எத்தனை குற்றவாளிகளை வெளியேற்றினார் தெரியுமா? பூஜ்யம். டோனி எவர்ஸ் இவற்றில் 1,000 ஐ நெருங்கி வருகிறார், அவர் முன்கூட்டியே வெளியேறினார்.""",1
ஹவுஸ் டெமாக்ராட்ஸ் நான்சி பெலோசியை பதவியில் இருந்து உதைத்தார்.,1
"""எதிர்காலமும் மலியா ஒபாமாவும் முதல் குழந்தையை ஒன்றாக எதிர்பார்க்கிறார்கள்.""",1
"அப்போதைய துணை ஜனாதிபதி மைக் பென்ஸ், ஜனாதிபதி டொனால்ட் டிரம்ப்பிடம் இருந்து ""அதிகாரத்தைக் கைப்பற்றினார்"" மேலும் ஜனவரி 6 கேபிடல் கலவரத்தை நிறுத்துமாறு கூட்டாட்சி அமைப்புகளுக்கு அழைப்பு விடுத்தபோது ""ஒரு சதி"" செய்தார்.",1
"ஜெஃப் பெசோஸின் நிகர மதிப்பு 1 டிரில்லியன் டாலர்களை எட்டினால், ""அவர் உண்மையில் உலக வறுமையை முடிவுக்குக் கொண்டு வந்து அனைவருக்கும் 1 பில்லியன் டாலர்களை வழங்க முடியும், மேலும் அவரிடம் இன்னும் 91.5 பில்லியன் டாலர்கள் மீதம் இருக்கும்.""",1
பராக் மற்றும் மிச்செல் ஒபாமா அவர்களின் குழந்தைகளின் உண்மையான பெற்றோர் அல்ல.,1
"""ஒபாமா & கிளிண்டன் இராணுவத்தால் கைது செய்யப்படுகிறார்கள்.""",1
"""அண்டார்டிக் உடன்படிக்கையுடன் உறவுகளை முறித்துக் கொள்ளும் முதல் நாடு ரஷ்யாவாகும்.""",1
கிளின்டன்கள் கென் ஸ்டாரைக் கொன்றனர்.,1
பென்டகனில் விமானக் குப்பைகள் எதுவும் காணப்படவில்லை.,1
"செப்டம்பர் 8, 2022 அன்று டொனால்ட் டிரம்பின் அறிக்கையை வீடியோ காட்டுகிறது.",1
9/11 அன்று போயிங் 757 பென்டகனுக்குள் பறக்கவில்லை.,1
"2020 ஜனாதிபதித் தேர்தலில் டொனால்ட் ட்ரம்ப் வெற்றி பெற்றதாகவும், சட்டப்படி அவர் தான் சரியான ஜனாதிபதி என்றும் அறிவிக்கும் பிரகடனத்தில் மூன்றாம் சார்லஸ் மன்னர் கையெழுத்திட்டார்.",1
ராணி இரண்டாம் எலிசபெத் ஒரு ஊர்வன.,1
"""இளவரசர் (ராணி எலிசபெத் II) 90 வது பிறந்தநாளுக்காக தியாகம் செய்யப்பட்டார்.""",1
"""ராணி இறந்து கொஞ்ச நாளாகிவிட்டது என்பதை நாம் அனைவரும் அறிவோம்,"" மேலும் அவரது மரணம் பெடோபிலியா அல்லது குழந்தை கடத்தல் சம்பந்தப்பட்ட இருண்ட சதியின் ஒரு பகுதியாகும்.",1
"""ராணி எலிசபெத் டெட்ராய்டில் சுட்டுக் கொல்லப்பட்டார்.""",1
"ஜனாதிபதி ஜோ பிடன் செப்டம்பர் 1 உரையின் போது ""கடல் காவலர்களை சித்தரிக்க நடிகர்களை வேலைக்கு அமர்த்தினார்"".",1
உக்ரைனின் முன்னாள் அதிபரை கொலை செய்யப்போவதாக ஜோ பிடன் மிரட்டல் விடுத்தார்.,1
"அண்டார்டிகாவிற்கு கீழே மற்றொரு கண்டம் இருக்கலாம், இது அறியப்படாத பூர்வீகக் கடல் உயிரினங்களின் தாயகமாகவும் உள்ளது.",1
"FBI ஜனவரி 6 கேபிடல் தாக்குதலை 9/11 ஐ விட ""அதிக நேரம் விசாரணை செய்தது"".",1
"ஜன. 6, 2021 அன்று தேசிய காவல்படை செயல்படுத்தப்பட்டது, மேலும் ""முழு கட்டுப்பாட்டில் உள்ளது.""",1
"""அரிசோனாவில், நாங்கள் போலி வாக்குகளால் மண்டலத்தை வெள்ளத்தில் மூழ்கடித்துள்ளோம்.""",1
சுப்ரீம் கோர்ட் அக்டோபர் மாதம் டொனால்ட் டிரம்பை மீண்டும் பதவிக்கு அமர்த்தும்,1
"""குரங்கு பாக்ஸ் ஒரு முழுமையான, போலியான போலித்தனம்"" இது ""லாக்டவுன்கள், கட்டளைகள் மற்றும் காட்சிகளை கட்டாயப்படுத்த வடிவமைக்கப்பட்டுள்ளது.""",1
"""இயேசு தனது சீடர்களுடன் ஈஸ்டர் கொண்டாடியபோது ஈஸ்டர் முயல்களோ முட்டை வேட்டைகளோ இல்லை"" என்று சாரா பாலின் மேற்கோள் காட்டினார்.",1
"பராக் ஒபாமாவுக்கும் கமலா ஹாரிஸுக்கும் இடையேயான பேச்சு, குழந்தைப் பருவத்தைப் பற்றிய குறிப்புகளை குறியீடாக்கியதை வீடியோ குறிக்கிறது.",1
"பாம் பீச் போஸ்டில் ""அந்த நிருபர்களுக்கு (சியரா கிளப்) பணம் கொடுத்தது எங்களுக்கும் தெரியும்"".",1
"2020 தேர்தலில் ""மோசடியை உறுதிப்படுத்த உங்கள் அஞ்சல் அட்டைகளை 5 முக்கிய மாநிலங்களுக்கு அனுப்பவும்"".",1
"""லிஸ் செனி, டிரம்பின் தேர்வுக்கு எதிராக 'முதன்மை'யில் தோல்வியடைந்த பிறகு குழந்தைகளைப் போல அழுகிறார்,"" முதன்மைத் தேர்தலுக்கு இரண்டு நாட்களுக்கு முன்பு.",1
"""ஜனாதிபதி பராக் ஹுசைன் ஒபாமா 33 மில்லியன் பக்க ஆவணங்களை வைத்திருந்தார், அவற்றில் பெரும்பாலானவை வகைப்படுத்தப்பட்டுள்ளன. அவற்றில் எத்தனை அணுசக்தி தொடர்பானவை? வார்த்தை, நிறைய!""",1
"ஒரு ""டெல்டா படை"" IRS க்கு அனுப்பப்பட்ட ஆயுதங்களைக் கைப்பற்றியது.",1
பிரிட்னி கிரைனர் உண்மையில் ஒரு மனிதர்.,1
"""அரிசி மற்றும் பீன்ஸ், பால், பாலாடைக்கட்டி, வெண்ணெய் மற்றும் முட்டை"" ஆகியவற்றை உட்கொள்வது 30 வயதிற்குள் நோயை ஏற்படுத்துகிறது.",1
"பூமியின் துருவங்களில் ஏற்பட்ட மாற்றத்தால் ""சூரியன் இடம் இல்லை, சந்திரன் இடம் இல்லை மற்றும் நட்சத்திரங்கள் இடம் இல்லை. திசைகாட்டிகள் முடக்கப்பட்டுள்ளன"".",1
"2020 ஆம் ஆண்டில், ஜார்ஜியாவில் “250,000 வாக்குச்சீட்டுகள் தயாரிக்கப்பட்டன” மற்றும் வெளியுறவுச் செயலர் பிராட் ராஃபென்ஸ்பெர்கரால் “பிடனுக்கு வெற்றி வழங்கப்பட்டது”",1
"உலகப் பொருளாதார மன்றத்தில் மக்கள்தொகை வளர்ச்சியைப் பற்றி ஜேன் குடாலின் கருத்துக்கள், கோவிட்-19 தொற்றுநோய் திட்டமிடப்பட்டது என்பதைக் காட்டுகிறது.",1
"""இன்று வரை, சராசரி அமெரிக்கக் குடிமகன் வருமான வரி செலுத்துவதற்கு நாள் தோறும் உழைக்கும் சட்டம் இருப்பதை யாராலும் காட்ட முடியவில்லை.""",1
"""ஹண்டரின் மடிக்கணினி அவரைக் குறிவைத்ததால், சபாநாயகர் பெலோசியை இம்பீச் செய்ய உச்ச நீதிமன்றம் இறுதியாக தீர்ப்பில் கையெழுத்திட்டது.""",1
"அண்டார்டிகாவில் ""வேறு உலகத்திற்கான நுழைவு"" உள்ளது - பசுமையான காடுகள், ராட்சத விலங்குகள் மற்றும் ""வேற்று கிரக தொழில்நுட்பங்கள்"" கொண்ட ""புராண நிலம்"".",1
"ஜிம் ஜோர்டன் கூறினார், ""இது இறுதியாக நடக்கிறது! ஆடம் ஷிஃப் பதவி நீக்கம் செய்யப்படுவார்.",1
"அலாஸ்காவில் தரவரிசைப்படுத்தப்பட்ட தேர்வு வாக்களிப்பு என்பது ""மொத்த மோசடியான ஒப்பந்தம்"" ஆகும்.",1
"""உக்ரைன் அதிபரை படுகொலை செய்வதாக பிடன் மிரட்டுகிறார்.""",1
"""அமெரிக்காவில் மூன்றாம் வகுப்பு படிக்கும் மதிப்பெண்கள், எதிர்காலத்தில் தங்களுக்கு எத்தனை படுக்கைகள் தேவைப்படும் என்பதைக் கணிக்க திருத்த நிறுவனங்கள் உதவுகின்றன.""",1
"""வறட்சி ஒரு பொய்"" விவசாயத்தை கட்டுப்படுத்தவும், உணவு விநியோகத்தை குறைக்கவும் மற்றும் இறுதியில் அமெரிக்கர்களை கட்டுப்படுத்தவும் வடிவமைக்கப்பட்டுள்ளது.",1
"CNN கவரேஜ் ""மின்னணு வாக்கு மோசடியின் ஒற்றை மிக மோசமான, நிகழ்நேர உதாரணம்"" என்பதற்கான சான்றுகளைக் கொண்டுள்ளது.",1
"ஜேம்ஸ் வெப் ஸ்பேஸ் டெலஸ்கோப் என்பது ""மக்களுக்கு கிடைத்த போலியானது"" என்று கூறுகிறார்.",1
"கென்யாவில், ""கர்ப்பிணிப் பெண்கள் வீட்டை விட்டு வெளியேற முடியாது, எனவே அவர்களுக்கு வாக்களிக்கும் உரிமை முற்றிலும் இல்லை.""",1
"விஸ்கான்சின் உச்ச நீதிமன்றத் தீர்ப்பு, வாக்குச் சீட்டு பெட்டிகளை சட்டவிரோதமானது என்று அறிவித்தது ""2020 ஜனாதிபதித் தேர்தலையும் உள்ளடக்கியது.""",1
ஹண்டர் பிடனின் மடிக்கணினியின் படங்கள் ஜோ பிடன் ஒரு இளம் பெண்ணுடன் நிர்வாணமாக இருப்பதைக் காட்டுகிறது.,1
அடிமை கப்பல்கள் இருந்தன என்பதை நிரூபிக்க எந்த கலைப்பொருட்களும் இல்லை.,1
ஹவுஸ் டெமாக்ராட்ஸ் பிரதிநிதி இல்ஹான் ஒமரை காங்கிரஸில் இருந்து வெளியேற்றியுள்ளனர்,1
"துரித உணவு சங்கிலி வெண்டிஸ் ""குதிரை இறைச்சியைப் பயன்படுத்தியதற்காக வெளிப்படுத்தப்பட்டது.""",1
"""பிடென் பதவி நீக்கம் நடந்து கொண்டிருக்கிறது.""",1
"""SCOTUS 2020 தேர்தலை முறியடித்தது.""",1
"இல்லினாய்ஸின் ஹைலேண்ட் பூங்காவில் நடந்த வெகுஜன துப்பாக்கிச் சூடு ஒரு ""பொய்க் கொடி"".",1
"மாஸ்கோ ""இரண்டு மர்மமான ஏவுகணைகளால் தாக்கப்பட்ட பிறகு நெருப்புக் கடலாக"" மாறியது என்று வீடியோ கூறுகிறது.",1
"""ஜோ பிடன் வெள்ளை மாளிகையில் இருந்து ராஜினாமா செய்தார்.""",1
"கிளிண்டன்களும் புஷ்ஸும் ""ஜே.எஃப்.கே ஜூனியரின் படுகொலையைத் திட்டமிடுவதில்"" ஈடுபட்டுள்ளனர்.",1
"சோவியத் மற்றும் சீன கம்யூனிஸ்டுகள் அமெரிக்க பொழுதுபோக்கு, திரைப்படங்கள், தொலைக்காட்சி, இசை, கல்வித்துறை, K-12 கல்வி மற்றும் செய்தி ஊடகங்களின் ""கட்டுப்பாட்டைக் கைப்பற்றியுள்ளனர்"".",1
ஹிலாரி கிளிண்டன் சர்ச்சையில் இருந்து திசைதிருப்புவதற்காக மூன்று வெகுஜன துப்பாக்கிச் சூடு நடத்தப்பட்டது.,1
"மேயோ கிளினிக்கில் உள்ள ஒரு மருத்துவர், டிரம்ப் ஆதரவாளர்களின் கர்ப்பத்தை தவறாகக் கண்டறிந்து அவர்களுக்கு கருக்கலைப்பு செய்கிறார்.",1
"""எங்களுக்கு. காங்கிரஸை கைது செய்யும் வெள்ளை மாளிகையில் இராணுவம்.""",1
“மே 11 அன்று இராணுவம் கைப்பற்றுவது உறுதி!”,1
"""எங்களுக்கு. மைக்கேல் சுஸ்மானை இராணுவம் கைது செய்கிறது.",1
கோவிட்-19 தடுப்பூசியால் ரே லியோட்டா இறந்தார்.,1
ஜோ பிடனின் மரணத்தை பராக் ஒபாமா அறிவித்தார்.,1
"ஜோ பிடன் ராஜினாமா செய்து, ""டிரம்ப் புதிய ஜனாதிபதி""",1
"பிரைஸ் க்ரோம்வெல் என்ற BP எண்ணெய் நிர்வாகி, அதிக எரிவாயு விலைக்கு பிடென் நிர்வாகத்தைக் குற்றம் சாட்டினார்.",1
அதிகரித்து வரும் எரிபொருள் விலையில் வாடிக்கையாளர்களுக்கு உதவ ஸ்பீட்வே $1.95க்கு $500 எரிபொருள் அட்டைகளை வழங்குகிறது.,1
"""புளோரிடாவில் போதைப்பொருள் உட்கொண்ட மனிதன் கற்பனை நண்பனைக் கொன்றுவிட்டு தன்னைத்தானே மாற்றிக் கொள்கிறான்.""",1
"""2023 ஆம் ஆண்டில் மக்கள்தொகையை 50% குறைக்க வேண்டும் என்பது அவர்களின் கனவு என்று ஃபைசர் தலைமை நிர்வாக அதிகாரி கூறுகிறார்.""",1
"“அமெரிக்காவில் எந்த தேர்தலிலும் யாருக்கும் 74% வாக்குகள் கிடைப்பதில்லை. எப்போதும். அது நடக்காது.""",1
"தொடக்கப் பள்ளி துப்பாக்கிச் சூடு சம்பவத்திற்கு இரண்டு மாதங்களுக்கு முன்பு, டெக்சாஸின் உவால்டேயில் உள்ள உயர்நிலைப் பள்ளியில் சுறுசுறுப்பான துப்பாக்கி சுடும் பயிற்சி நிகழ்வு ஒரு தவறான கொடி என்று காட்டுகிறது.",1
"""எங்களுக்கு வலுவான துப்பாக்கிச் சட்டங்கள் தேவையில்லை"" என்று கூறுவதற்காக உவால்டே துப்பாக்கிச் சூட்டில் பலியானவரின் மாமாவிடம் பணம் கொடுத்ததாக ஆளுநர் கிரெக் அபோட் கூறுகிறார்.",1
"2021 இல் ஆப்கானிஸ்தானில் மற்றும் 2022 இல் உவால்டே, டெக்சாஸ் பள்ளி துப்பாக்கிச் சூட்டில் ஒரு மனிதன் இறப்பது பற்றிய அறிக்கைகளில் CNN நெருக்கடி நடிகர்களை மறுசுழற்சி செய்கிறது.",1
ரைஸ் கிறிஸ்பீஸ் ஒரு திருநங்கை சின்னத்தை சேர்த்ததாக ஒரு CNN செய்தி தெரிவிக்கிறது.,1
டெக்சாஸின் உவால்டே கவுண்டியில் உள்ள தொடக்கப் பள்ளியில் துப்பாக்கிச் சூடு நடந்தது ஒரு தவறான கொடி.,1
"""குரங்கு பாக்ஸ் வெடிப்புக்குப் பின்னால் பில் கேட்ஸ் இருக்கிறார்.""",1
"""கடந்த வாரம் வெளியிடப்பட்ட புதிய நன்மை"" மூலம் ""அமெரிக்கர்கள் $50k வரை நிவாரணம் பெறலாம்"".",1
"வட கரோலினாவில் உள்ள வில்க்ஸ் கவுண்டியில் உள்ள மாணவர்கள், ""தங்களை பூனைகள் அல்லது 'உரோமங்கள்' என்று அடையாளப்படுத்திக் கொள்கின்றனர்"" மேலும் ""பள்ளிக் கழிவறைகளில் அவர்கள் பயன்படுத்துவதற்காக குப்பைப் பெட்டிகளை வைக்குமாறு கேட்டுள்ளனர்.""",1
"பஃபலோ, நியூயார்க் பல்பொருள் அங்காடி துப்பாக்கிச் சூடு அரங்கேறியது என்பதை செய்தி நேர்காணல் நிரூபிக்கிறது.",1
"""பிரேக்கிங்: அமெரிக்கர்களை தனிமைப்படுத்தப்பட்ட முகாம்களில் வைக்க ஜனநாயகக் கட்சியினர் மசோதாவை அறிமுகப்படுத்துகின்றனர்.""",1
"நியூயார்க்கின் பஃபேலோவில் நடந்த வெகுஜன துப்பாக்கிச் சூடு ஒரு ""பொய்யான கொடி நிகழ்வு"".",1
"பஃபலோ சூப்பர் மார்க்கெட் ஷூட்டிங்கைப் பற்றிய செய்தியாளர் ஒரு ""நெருக்கடி நடிகர்"".",1
மார்க் ஜுக்கர்பெர்க் கைது செய்யப்பட்டார்.,1
பெடோபிலியாவையும் இஸ்லாத்தையும் இணைக்கும் கருத்துக்களை அவர் ஒருபோதும் ட்வீட் செய்யவில்லை என்று கூறுகிறார்.,1
எருமை சுடும் துப்பாக்கிதாரியின் புகைப்படங்கள் இரண்டு வெவ்வேறு நபர்களைக் காட்டுகின்றன.,1
கோர்ட்டில் ஸ்டாண்டில் இருந்தபோது அம்பர் ஹெர்ட் கோகோயின் குறட்டை விட்டதாக பரிந்துரைக்கிறார்.,1
"""148வது கென்டக்கி டெர்பி வெற்றியாளர் ரிச் ஸ்ட்ரைக் ஜாக்கியான சோனி லியோன், வெள்ளை மாளிகையின் அழைப்பை நிராகரித்து, 'நான் குதிரையின் கழுதையைப் பார்க்க விரும்பினால், நான் இரண்டாவது இடத்தில் வந்திருப்பேன்' என்று கூறினார்.""",1
"“இராணுவம் பிடனை கைது செய்கிறது. விவசாய டாம் வில்சாக்.""",1
JFK கூறுகிறார். ஜூனியர் QAnon விளம்பரதாரர் ஜுவான் ஓ. சவின் வேடத்தில் நடிக்கிறார்.,1
"""குடியரசுக் கட்சியினர் மருத்துவர்களை சிறையில் தள்ள விரும்பவில்லை"".",1
"""வரி செலுத்துவது விருப்பமானது!!""",1
ஜாக்கி சான் இறந்துவிட்டார்.,1
ஹிலாரி கிளிண்டன் தற்போது கிட்மோ சிறையில் இருக்கிறார்.,1
உக்ரைன் அதிபர் வோலோடிமிர் ஜெலென்ஸ்கி கோகோயின் பயன்படுத்துவதை வீடியோக்கள் காட்டுகின்றன.,1
"கவர்னர் பிரையன் கெம்ப் அங்கீகரித்த ஒரு ஒப்புதல் ஆணையானது 2020 பந்தயத்தில் ""அனைத்து வாக்காளர் அடையாளச் சட்டத்தையும் செல்லாததாக்கியது"" மற்றும் ""மோசடி வாக்குச் சீட்டுகளை ஏற்க அனுமதித்தது"".",1
அடோல்ஃப் ஹிட்லரின் பிறந்தநாளை எல்விவ் மாணவர்கள் கொண்டாடுவதை புகைப்படம் காட்டுகிறது.,1
"""ஹண்டர் பிடன் இன்று காலை கைது செய்யப்பட்டார்.""",1
பிடென்ஸ் வெள்ளை மாளிகையில் ஈஸ்டர் கொண்டாடும் காட்சிகள் போலியானவை.,1
"விளாடிமிர் புடின் ""உக்ரைனில் சுரங்கங்கள் மற்றும் சுரங்கப்பாதையில் இருந்து 35,000 குழந்தைகளை விடுவித்தார்.""",1
"கோவிட்-19 என்பது ""பாம்பு விஷத்தின்"" செயற்கைப் பதிப்பாகும், இது தீய சக்திகள் ரெம்டெசிவிர், கோவிட்-19 தடுப்பூசிகள் மற்றும் குடிநீர் மூலம் ""உங்களை சாத்தானின் கலப்பினமாக்குவதற்கு"" பரவுகிறது.",1
"உக்ரைனில் உள்ள ""துணிச்சலான குழந்தைகள்"" ரஷ்யாவை எதிர்த்துப் போராட கையெழுத்திடுவதைப் பற்றி CNN ட்வீட் செய்தது.",1
புரூக்ளின் சுரங்கப்பாதை தாக்குதல் ஒரு தவறான கொடி.,1
கோவிட்-19 தடுப்பூசிகளில் “எச்ஐவி லிப்பிட் ரேப்பர்கள்” உள்ளன.,1
"""சிறப்புப் படைகள் டீப் ஸ்டேட் டாக்டர் அந்தோனி ஃபாசியைக் கைது செய்கின்றன.""",1
டிஸ்னி சிஇஓ பாப் சாபெக் மனித கடத்தல் குற்றத்திற்காக கைது செய்யப்பட்டார்.,1
"""ட்விட்டர் பங்குகளை வாங்க எலோன் மஸ்க் செலவழித்த பணத்தில், அவர் ஒவ்வொரு அமெரிக்க குடும்பத்திற்கும் $100,000 கொடுத்திருக்க முடியும், மேலும் அனைத்து மாணவர் கடனையும் ரத்து செய்ய போதுமான அளவு மீதம் இருந்திருக்கலாம்.""",1
உரோமங்கள் என்று அடையாளம் காணும் குழந்தைகளுக்கு இடமளிக்க பள்ளிகள் கழிவறைகளில் குப்பை பெட்டிகளை வைக்கின்றன.,1
"""Volodymyr Zelenskyy ஜார்ஜ் சோரோஸின் உறவினர் என்று பென்டகன் அதிகாரி கூறுகிறார்.""",1
"சென்ஸ் லிசா முர்கோவ்ஸ்கி, சூசன் காலின்ஸ் மற்றும் மிட் ரோம்னி ஆகியோர் ""குழந்தைகளுக்கு ஆதரவானவர்கள்"" என்கிறார்.",1
"மக்கள்தொகை கணக்கெடுப்பு பணியகத்தின்படி, 2020 தேர்தலில் வாக்களிக்க பதிவு செய்ததை விட 5 மில்லியன் மக்கள் அதிகமாக வாக்களித்துள்ளனர்.",1
"ஏப்ரல் 1 அன்று ""புளோரிடா நீதிமன்றம் நாத்திகர்களின் புனித நாளை அமைக்கிறது"".",1
"2021 ஜார்ஜியா செனட் ரன்ஆஃப் மற்றும் 2020 ஜனாதிபதித் தேர்தல் ""திருடப்பட்டது.""",1
புடின் உக்ரைனில் உயிரி ஆயுத பொறியியலாளர்களை தலை துண்டித்து கொன்றார்.,1
"கேதன்ஜி பிரவுன் ஜாக்சன் ""பிறந்த தருணம் வரை தேவைக்கேற்ப கருக்கலைப்பு செய்வதை நம்புகிறார்.""",1
"கேடான்ஜி பிரவுன் ஜாக்சன் ""பலவீனமான சாதனையைக் கொண்டுள்ளார் - காவல்துறையைத் திரும்பப் பெறுதல், ICE ஐ ஒழித்தல் மற்றும் இப்போது முற்றிலும் திறந்த எல்லைக் கொள்கை"".",1
"""ஹண்டர் பிடன் கைது செய்யப்பட்டார்!""",1
"உக்ரைனில் உள்ள மரியுபோலில் உள்ள ஒரு மகப்பேறு மருத்துவமனையின் மீது ரஷ்ய வான்வழித் தாக்குதல், அமெரிக்கா தலைமையிலான ""மற்றொரு தவறான கொடி நடவடிக்கையின் உருவாக்கத்தை"" கொண்டிருந்தது.",1
"""ஆல்கஹால்"" என்ற வார்த்தை ""உடல் உண்ணும் ஆவி"" என்பதற்கான அரபு வார்த்தையிலிருந்து வந்தது.",1
"""ஏப்ரல் 1997 இல், எரிவாயு விலையை எதிர்த்து நாடு முழுவதும் 'காஸ் அவுட்' நடத்தப்பட்டது. பெட்ரோல் விலை ஒரே இரவில் ஒரு கேலன் 30 காசுகள் குறைந்துள்ளது.",1
"ரஷ்ய ஜனாதிபதி விளாடிமிர் புடின் ""கொலை செய்யப்பட்டார்.""",1
"""இங்கு நடப்பது ரஷ்யாவில் நடப்பதை விட வித்தியாசமாக இல்லை, அங்கு நீங்கள் அரசு தொலைக்காட்சியைப் பெற்றுள்ளீர்கள் மற்றும் போர்டு முழுவதும் செய்தி அனுப்புவதைக் கட்டுப்படுத்துகிறீர்கள்.""",1
"ஐந்து விஸ்கான்சின் நகரங்கள் 2020 தேர்தலுக்கு மார்க் ஜுக்கர்பெர்க்கிடம் இருந்து பணத்தைப் பெற்றன, இது ""பாரிய தேர்தல் லஞ்ச அலை"" ஆகும்.",1
"அமெரிக்க இராணுவம் ஒரு வரைவை மீட்டெடுத்துள்ளது, மேலும் பெண்களும் சேர்க்கப்பட்டுள்ளனர்.",1
"""ஓப்ரா தனது முழு-இயற்கை தீர்வை வெளிப்படுத்துகிறார், அது ஆறு வாரங்களில் 62 (பவுண்டுகள்) குறைக்க அனுமதித்தது.""",1
"""உக்ரைனில் உள்ள பிடனுக்குச் சொந்தமான வில்லாவை புடின் வெடிகுண்டு வீசினார், அதே நேரத்தில் பயோலேப்ஸ் மற்றும் பெடோஃபைல் மோதிரங்களை சுத்தியல்.""",1
"""தடுப்பூசி போடப்பட்டவர்கள் கோவிட் தடுப்பூசியால் தூண்டப்பட்ட பெறப்பட்ட நோயெதிர்ப்பு குறைபாடு நோய்க்குறியை உருவாக்குகிறார்கள் என்பதை உலகளாவிய தரவு உறுதிப்படுத்தியுள்ளது.""",1
"உக்ரைனில் நடக்கும் போர் ""ஸ்கிரிப்ட் செய்யப்பட்டு அரங்கேற்றப்பட்டது.""",1
"""ரஷ்ய இராணுவம் உக்ரேனிய பிரதேசத்தை ஆக்கிரமிக்கவில்லை.""",1
ஜோ பிடன் 2022 குளிர்கால ஒலிம்பிக்கின் போது ட்வீட் செய்த புகைப்படத்தில் மருத்துவ சாதனத்தை வைத்திருந்தார்.,1
"2020 தேர்தல் ""டொனால்ட் ஜே. டிரம்ப்பிடமிருந்து திருடப்பட்டது.""",1
"""உக்ரேனிய போர்-ஏஸ், 'கோஸ்ட் ஆஃப் கிய்வின் உண்மையான பெயர் சாமுயில் ஹைட்.""",1
"கோவிட்-19 தடுப்பூசியில் எச்ஐவி இருப்பதை அவர் ""வெளிப்படுத்தியதில்"" லுக் மாண்டாக்னியர் மரணம் தொடர்புடையது.",1
"""ஹிலாரி கிட்மோவிற்கு அழைத்துச் செல்லப்பட்டார்.""",1
பில்லி எலிஷின் தங்கைக்கு மட்டும் ரசிகர்கள் கணக்கு உள்ளது.,1
ஜஸ்டின் ட்ரூடோவுடன் டொனால்ட் டிரம்ப் கைகுலுக்க மறுப்பதை புகைப்படம் காட்டுகிறது.,1
லாஸ் வேகாஸில் உள்ள டிரம்ப் இன்டர்நேஷனல் ஹோட்டலில் டொனால்ட் டிரம்பின் பிறப்புறுப்பை கேலி செய்யும் வகையில் கிரீன்பீஸ் யுஎஸ்ஏ பேனர் வைத்திருந்தது.,1
"விளாடிமிர் புடின் ""திருநங்கைகளின் உரிமைகளை நம்பாததால்"" ரஷ்யாவுடன் போருக்கு ஆபத்து இருப்பதாக ஜோ பிடன் கூறுகிறார்.",1
"""ரஷ்யா அதன் வரலாறு முழுவதும் யாரையும் தாக்கியதில்லை.""",1
"மளிகைச் சங்கிலி ஆல்டி, Facebook இடுகையைப் பகிர்பவர்களுக்கு $750 மதிப்புள்ள ""குடும்பத் தேவைகள் நிறைந்த பையை"" அனுப்பும், மேலும் 100 சீரற்ற பைகள் $500க்கான வவுச்சரையும் கொண்டிருக்கும்.",1
"கோவிட்-19 தடுப்பூசிகளின் பாதுகாப்பு குறித்து ஃபைசர் ஏஜென்சியை ""தவறாக தவறாக வழிநடத்தியது"" என்றும், அவர்கள் காப்பாற்றுவதை விட அதிகமான மக்களைக் கொல்லும் என்றும் FDA கூறுகிறது.",1
"அமெரிக்கர்கள் ""இந்த வார இறுதியில் தங்கள் வங்கிக் கணக்குகளில் நேரடி வைப்புத்தொகையைப்"" பார்க்கத் தொடங்குவார்கள் என்றும், மருத்துவ காப்பீடு பெற்றவர்கள் $2,880 திரும்பப் பெறுவார்கள் என்றும் ஜனாதிபதி ஜோ பிடன் கூறினார்.",1
"படம் காட்டுகிறது ""இது இப்போது நடக்கிறது... ஆஸ்திரேலியாவில்!! ஒரு சுதந்திர அணிவகுப்பு/பேரணிக்கு 1.5 மில்லியன் பேர் வந்துள்ளனர்.""",1
"""ஜனாதிபதி பிடனின் ஏர் ஃபோர்ஸ் ஒன் பைலட் இந்த செங்குத்து புறப்பட்ட பிறகு பணிநீக்கம் செய்யப்பட்டார்.""",1
"ஃபைசர் ""அரசாங்கத்தின் சக்தியையும் பயத்தின் கலாச்சாரத்தையும் பயன்படுத்தி 5 வயதுக்குட்பட்ட குழந்தைகளை - அறிவியலில் பூஜ்ஜிய அடிப்படையில் - பில்லியன் டாலர்களை சம்பாதிக்கிறது.""",1
"""இரண்டாவது பூஸ்டரில் எச்ஐவியின் எட்டு விகாரங்கள் உள்ளன.""",1
"அரிசோனா ஹவுஸ் பில் 2020 முடிவுகளை ""தேர்வுசெய்ய"" ""பிடென் வாக்காளர்களை திறம்பட நினைவுபடுத்த முடியும்.""",1
"புனையப்பட்ட கொரோனா வைரஸ் தொற்றுநோயை உள்ளடக்கிய ""மனிதகுலத்திற்கு எதிரான குற்றங்களில் ஒரு பெரிய ஜூரி விசாரணை தொடங்குகிறது"".",1
"""ஜோ பிடனின் அமெரிக்காவில், முகமூடி இல்லாத கல்வியை விட, உங்கள் பிள்ளைகளுக்கு கிராக் பைப்பை அணுகுவதற்கான வாய்ப்புகள் அதிகம்.""",1
"""2020 தேர்தலில் டிரம்ப் வெற்றி பெற்றதாக MSNBC அறிவித்தது.""",1
"""முதல் பத்து ஆரோக்கியமற்ற U.S. நகரங்கள்"" சான் பிரான்சிஸ்கோ ஆகும்; சியாட்டில்; போர்ட்லேண்ட், ஓரிகான்; சான் டியாகோ; ஹொனோலுலு; வாஷிங்டன்; ஆஸ்டின், டெக்சாஸ்; இர்விங், டெக்சாஸ்; போர்ட்லேண்ட், மைனே; மற்றும் டென்வர்.",1
"டொனால்ட் டிரம்ப் வெள்ளை மாளிகையை விட்டு ""ஒருபோதும் வெளியேறவில்லை"".",1
"""2000 ஆம் ஆண்டிலிருந்து, பாதுகாப்புத் துறையும் எரிசக்தித் துறையும் அமெரிக்காவின் முழு வானத்தையும் இரசாயனங்கள் மற்றும் பிற உயிரியல் முகவர்களின் நச்சுக் கஷாயத்தைக் கொண்டு தெளித்து வருகின்றன.""",1
700 சிஐஏ ஏஜென்டுகள் கைது செய்யப்பட்டனர்.,1
"""ஹோலோகாஸ்ட் இனம் பற்றியது அல்ல. இல்லை, இது இனம் பற்றியது அல்ல.""",1
"""2022 ஆம் ஆண்டில், பெரும்பாலான அமெரிக்கர்களைக் காட்டிலும் சட்டவிரோதமாக குடியேறியவர்கள் அதிக சுதந்திரம் மற்றும் சுகாதாரம் மற்றும் வாக்குப் பெட்டிகளை எளிதாக அணுகுவார்கள்... அதைப் பற்றி யோசித்துப் பாருங்கள்.""",1
"""நியூயார்க் மாநிலத்தில், நீங்கள் வெள்ளை நிறமாக இருந்தால், மருத்துவ உதவி பெற நீங்கள் கோட்டின் பின்புறம் செல்ல வேண்டும்.""",1
"செய்தி ஒளிபரப்பில் இருந்து படம், பிரான்சில் உள்ள ஒரு மருத்துவமனை, ஒரு கோவிட்-19 நோயாளியாக ஒரு மேனெக்வைனை அனுப்ப முயற்சிப்பதைக் காட்டுகிறது.",1
"""கோவிட் நோயால் ஏற்பட்ட மொத்த இறப்புகள் பதிவாகியதை விட மிகக் குறைவு.""",1
"முதியோர் இல்லங்களில் அல்லாமல், நான்கு அல்லது அதற்கு மேற்பட்ட கொமொர்பிடிட்டிகள் இல்லாத COVID-19 நோயினால் இறந்தவர்களைக் கழித்த பிறகு, யு.எஸ்.ஸில் வருடாந்தர COVID-19 இறப்புகளின் எண்ணிக்கை 27,530 ஆகும்.",1
"""அஷ்லி பாபிட் ஜனவரி 6 ஆம் தேதி ஆன்டிஃபா தவறான கொடியை நிறுத்த முயன்றார்""",1
"""அமெரிக்காவில் 800 க்கும் மேற்பட்ட சிறை முகாம்கள் உள்ளன, அவை அனைத்தும் முழுமையாக செயல்படுகின்றன மற்றும் கைதிகளைப் பெற தயாராக உள்ளன. அவர்கள் அனைவரும் பணியாளர்கள் மற்றும் முழுநேர காவலர்களால் சூழப்பட்டுள்ளனர், ஆனால் அவை அனைத்தும் காலியாக உள்ளன. இந்த முகாம்கள் ஃபெமாவால் நடத்தப்பட உள்ளன.",1
"""அமெரிக்காவில் மில்லியன் பவுண்டுகள் எலி இறைச்சி எலும்பு இல்லாத கோழி இறக்கைகளாக விற்கப்படுகிறது.""",1
"ஜனவரி 6 அன்று அமெரிக்க கேபிட்டல் மீதான தாக்குதலின் போது ""டசின் கணக்கான போலீசார் கொல்லப்பட்டனர்"" என்று ஜோ பிடன் கூறினார், ஆனால் ""சரியாக பூஜ்ஜிய மக்கள்"" அன்று இறந்தனர்.",1
"புகைப்படங்கள் “செம்மறியாடு மலம்” காட்டுகின்றன, அவை “இப்போது சீனாவில் அவற்றின் புரதச் செழுமையின் காரணமாக அதிக தேவை உள்ளது.”",1
"""கவின் நியூசோம் மரண தண்டனையைப் பெறுகிறார்.""",1
"வால்கிரீன்ஸ் குளிர்சாதனப் பெட்டிகள் கடைக்காரர்களின் கைகளையும் நெற்றியையும் ""மிருகத்தின் குறி""க்காகவும், ""பின்னர் உங்களிடம் குறி இல்லை என்றால், உங்களால் வாங்க முடியாது"" என்றும் ஸ்கேன் செய்கின்றன.",1
"ஹோச்சுல் ஒரு ""இடைக்கால கவர்னர்"" ஆவார்.",1
“ஜன. 6 ஒரு கிளர்ச்சி அல்ல… ஆனால் நவம்பர் 4 அதிகாலை 3 மணிக்கு!,1
"பெட்டி ஒயிட் இறப்பதற்கு சில நாட்களுக்கு முன்பு டிசம்பர் 28 ஆம் தேதி கூறினார், “ஆரோக்கியமாக சாப்பிடுங்கள் மற்றும் உங்கள் அனைத்து தடுப்பூசிகளையும் எடுத்துக் கொள்ளுங்கள். இன்றுதான் நான் உற்சாகமடைந்தேன்.",1
தைவான் அருகே வான்வழித் தாக்குதல் நடத்த சீனா மேற்கொண்ட முயற்சி தோல்வியடைந்ததை வீடியோ கிளிப் காட்டுகிறது.,1
"""ஆறு மாத ஃபைசர் தரவு, COVID தடுப்பூசி தடுப்பதை விட அதிக நோய்களை ஏற்படுத்துகிறது என்பதைக் காட்டுகிறது.""",1
"""அவர்கள் இப்போது கோவிட் நோயால் இறந்ததை விட இரண்டு மடங்கு குழந்தைகளை தடுப்பூசியால் கொன்றுள்ளனர்.""",1
"""ஒபாமா சான்றிதழ் போலியானது.""",1
"""சிறுவன் வெள்ளை மாளிகைக்குத் திரும்பும் வழியில் ஜோ பிடனுக்கு புதிய இரத்தத்தைக் குடிப்பதற்காக ஒரு குப்பியை அனுப்புகிறான்""",1
"""அவர்கள் இதை திட்டமிட்டுள்ளனர்"" COVID-19 ""தொற்றுநோய் முழுவதும்!""",1
"ரெப். கேத்தி காஸ்டர், டி-ஃப்ளா., ஒரு கம்யூனிஸ்ட்",1
கோவிட்-19 தடுப்பூசிகள் எய்ட்ஸ் நோயை உண்டாக்குகின்றன.,1
"""நவம்பர் 3 முதல் இராணுவம் உண்மையில் பொறுப்பேற்றுள்ளது.""",1
"""இவான்கா டிரம்ப் தனது அப்பாவுக்கு எதிராக ஜனநாயகக் கட்சியில் இணைகிறார்.""",1
"உலகெங்கிலும், தங்கள் ""சுகாதார சுயாட்சியை"" பயன்படுத்துபவர்கள் மற்றும் தடுப்பூசி போடாதவர்கள் ""அடிப்படையில் தடுப்பு முகாம்களில்"" வைக்கப்படுகிறார்கள்.",1
"COVID-19 தடுப்பூசி ""இதுவரை தயாரிக்கப்பட்ட மிகவும் கொடிய தடுப்பூசி"" ஆகும்.",1
கமலா ஹாரிஸுக்குப் பதிலாக ஹிலாரி நியமிக்கப்பட்டுள்ளார்.,1
"துணை ஜனாதிபதி கமலா ஹாரிஸ் தடுப்பூசி போடாதவர்களை ""அழுக்கு டிரம்ப் மக்கள்"" என்று அழைத்தார்.",1
"""மீண்டும் குடியரசின் அதிபராக டிரம்ப் ரகசியமாக பதவியேற்றார்.""",1
"""அதிர்ச்சி: ஆஸ்திரியா தடுப்பூசி போடப்படாதவர்களை கடுமையாகப் பூட்டுவதை அடுத்து, ஐரோப்பிய ஒன்றியத் தலைவர் நியூரம்பெர்க் குறியீட்டை தூக்கி எறிய வேண்டும்.""",1
"""ஃபெடரல் மாஜிஸ்திரேட் கைல் ரிட்டன்ஹவுஸ் மூலம் லெப்ரான் ஜேம்ஸுக்கு எதிராக $110 மில்லியன் அவதூறு வழக்குக்கு ஒப்புதல் அளித்தார்.""",1
Omicron 'hysteria' ஆனது Ghislaine Maxwell விசாரணையுடன் ஒத்துப்போகும் மற்றும் திசைதிருப்பும் வகையில் நேரம் ஒதுக்கப்பட்டது.,1
"""வெள்ளை மாளிகையில் டிரம்ப்!""",1
பிரதான ஊடகங்களை இராணுவம் கைப்பற்றியது.,1
"ஒரு புதிய Facebook/Meta விதியானது, நபர்களின் புகைப்படங்களை அவர்களின் அனுமதியின்றி பயன்படுத்த நிறுவனத்தை அனுமதிக்கிறது, மேலும் உங்கள் பக்கத்தில் ஒரு அறிவிப்பை வெளியிடுவது அதைச் செய்வதைத் தடுக்கும்.",1
ஹெராயின் அளவுக்கு அதிகமாக உட்கொண்டதால் நடிகர் மெக்காலே கல்கின் மரணமடைந்தார்.,1
"""பைசரின் தலைமை நிர்வாக அதிகாரியின் மனைவி தடுப்பூசியின் சிக்கல்களுக்குப் பிறகு இறந்துவிட்டார்.""",1
"""உள்கட்டமைப்பு மசோதா 10% உண்மையான உள்கட்டமைப்பு மட்டுமே.""",1
"""எய்ட்ஸ் நெருக்கடியின் போது, ​​ஓரினச்சேர்க்கையாளர்கள் மற்றும் நரம்பு வழியாக போதைப்பொருள் பயன்படுத்துபவர்கள்... தடுப்பூசி போடாதவர்கள் எப்படிப் பரியார்களாக இருந்திருப்பார்கள் என்று உங்களால் கற்பனை செய்ய முடியுமா? ஆனால் அது நினைத்துப் பார்க்க முடியாததாக இருந்திருக்கும்.""",1
"""படுக்கையில் கிடந்த கவின் நியூசோமை"" இராணுவம் கைது செய்தது.",1
ஆஸ்ட்ரோவொர்ல்ட் திருவிழாவில் நடந்த மரணங்கள் சாத்தானிய சடங்கின் ஒரு பகுதியாகும்.,1
"சபையில் நிறைவேற்றப்பட்ட உள்கட்டமைப்பு மசோதாவில், ""10% மட்டுமே உண்மையான உள்கட்டமைப்பு ஆகும்.""",1
"""ஃபைசரின் தலைமை நிர்வாக அதிகாரி கைது செய்யப்பட்டார், மோசடி குற்றம் சாட்டப்பட்டார்.""",1
"""அமெரிக்காவில் உள்ள ஆப்பிரிக்க அமெரிக்கர்களுக்கு இழப்பீடு வழங்க எலோன் மஸ்க் $250 பில்லியன் நன்கொடை அளிக்கிறார்.""",1
தயாரிப்பு பற்றாக்குறை உற்பத்தி செய்யப்படுகிறது; கிடங்குகளில் சரக்குகள் தேங்கியுள்ளன.,1
"""புளோரிடா வாக்காளர் பட்டியலில் 1 மில்லியனுக்கும் அதிகமான பாண்டம் வாக்காளர்கள் உள்ளனர்.""",1
"“ஜன. மில்லியன் கணக்கான அமெரிக்கர்கள், ஆதரவற்ற அமெரிக்கர்கள், அவர்களின் அடிப்படை அரசியலமைப்பு உரிமைகளை பறிக்க 6 ஒரு சாக்காக பயன்படுத்தப்படுகிறது.",1
"""அமெரிக்க இராணுவ தளங்களின் துல்லியமான பிரதிகளாக Minecraft உலகங்களை வைத்திருந்ததற்காக வர்ஜீனியா நபர் கைது செய்யப்பட்டார்.""",1
"மெக்சிகோவின் டபச்சுலாவிலிருந்து இடம்பெயர்ந்த கேரவன் ""மினியாபோலிஸின் மக்கள்தொகையாகும்.""",1
"""ஜப்பான் வாக்ஸ் ரோல்அவுட்டை கைவிடுகிறது""",1
"""டிரம்ப் வெள்ளை மாளிகையில் இருக்கிறார்! ஹிலாரியை அடைத்து வைப்பதாக அவர் உறுதியளிக்கிறார்!",1
"""முஸ்லீம் நபர்: எங்களிடம் பன்றி இறைச்சி இல்லாத மெனுக்கள் இருக்க வேண்டும் அல்லது நாங்கள் அமெரிக்காவை விட்டு வெளியேறுவோம்.""",1
கடற்படை சீல் படையினர் ஹிலாரி கிளிண்டனை கைது செய்தனர்.,1
"மார்ஜோரி டெய்லர் கிரீன் ட்வீட் செய்துள்ளார்: ""'ஒரே மாதிரியான நடை' அல்லது 'ஒரே மாதிரியான காலணிகளை வைத்திருப்பது' அல்லது 'டிசியில் இருந்ததால், அந்த நேரத்தில் எந்த அலிபியும் இல்லை' போன்ற மெலிந்த சூழ்நிலை ஆதாரங்களின் அடிப்படையில் மக்களை உண்மையில் தண்டிக்க முடியாது? ! இந்த அமெரிக்காவை நான் அடையாளம் காணவில்லை.",1
"ஒரு செய்தித்தாள் கட்டுரையின் படம், ""உண்மையான பெத்தேல் பாப்டிஸ்ட் சர்ச் NYS இல் மதுபான உரிமத்தைப் பெற்ற முதல் தேவாலயம் ஆகும்"" என்று கூறுகிறது.",1
"""பெசோஸிடம் 200 பில்லியன் டாலர்கள் இருந்தால், பூமியில் 7 பில்லியன் மக்கள் இருந்தால், ஏன் நாம் ஒவ்வொருவருக்கும் ஒரு பில்லியனைப் பெற முடியாது, மேலும் (அவர்) 193 பில்லியன் டாலர்களுடன் இருக்க முடியுமா?""",1
டாக்டர் அந்தோனி ஃபௌசி எய்ட்ஸ் தொற்றுநோயைத் திட்டமிட்டார் என்கிறார்.,1
"""வெள்ளை மாளிகை கிறிஸ்துமஸ் மரங்களை இந்த ஆண்டு முதல் முறையாக விடுமுறை மரங்கள் என்று குறிப்பிட்டது.""",1
"""டிரம்ப் மீண்டும் பதவியில் அமர்த்தப்பட்டுள்ளார்.""",1
ஹண்டர் பிடனின் வீட்டை ராணுவம் சோதனை செய்தது.,1
"""கிளிண்டன்ஸ், பவல் மற்றும் ஹண்டர் பிடன் ஆகியோர் ஏற்கனவே இராணுவ நீதிமன்றங்களுக்கு உட்பட்டுள்ளனர்.""",1
"நோயியல் வல்லுநர்கள் கிராபெனின் சிப்ஸ் மற்றும் நானோசிப்கள் உட்பட, தடுப்பூசி போடப்பட்டவர்களின் இரத்தத்தில் ""உயிரியல் அல்லாத கூறுகளின் தொகுப்பைக் கண்டறிந்தனர்.",1
"""கொரோனா பிசிஆர் 'சோதனை' ஒரு மைக்ரோசிப்பை பொருத்துகிறது.""",1
"""COVID-19 தடுப்பூசி உங்கள் இரத்தத்தில் தாக்கும் போது"" என்று ஒரு வீடியோ காட்டுகிறது.",1
"கோவிட்-19 தடுப்பூசிகளில் ""ஆர்என்ஏ-மாற்றியமைக்கும் மனிதநேய நானோ தொழில்நுட்பம்"" உள்ளது.",1
"""கனேடிய அரசாங்கம் தகவல்தொடர்புகளில் 'லெட்ஸ் கோ பிராண்டன்' பயன்படுத்தும் எந்தவொரு அரசாங்க ஊழியரையும் பணிநீக்கம் செய்வதாக அச்சுறுத்துகிறது.""",1
"கிறிஸ்டோபர் மில்லர் ""இராணுவத்தின் பொறுப்பாளர்"" என்று கூறுகிறார்.",1
"2018 தேதி முத்திரையுடன் கூடிய தடுப்பூசிப் பொதியின் புகைப்படம், கோவிட்-19 பரவத் திட்டமிடப்பட்டதைக் காட்டுகிறது.",1
“வெகுஜன ஊடகங்கள் அழிக்கப்பட்டன! வெகுஜன கைது நிகழ்வுக்கான இருட்டடிப்பு!”,1
COVID-19 தடுப்பூசியைப் பெற்ற பிறகு மயக்கமடைந்த ஒரு செவிலியர் தடுப்பூசியால் இறந்தார்.,1
"டெஸ்மண்ட் டுட்டு அக்டோபர் 20, 2021 அன்று இறந்தார்.",1
"ஒரு புதிய கூட்டாட்சி திட்டம் ""ஒவ்வொரு ஆண்டும் வீட்டு உரிமையாளர்களுக்கு $3,708 வரை வழங்குகிறது.""",1
"""விமானிகளின் தடுப்பூசி தொடர்பான பக்கவாதத்துடன் தொடர்புடைய விமான விபத்துகளின் தொற்றுநோய்"" உள்ளது.",1
"ஜனநாயகக் கட்சியினர் ""போர்க்களமான மாநிலங்களைத் திருட குறைந்த வருமான வாக்காளர்களிடமிருந்து வாக்குகளைத் தயாரித்தனர்.""",1
"ஹண்டர் பிடன் ""கிட்மோவில் தூக்கிலிடப்பட்டார்"" என்று கூறுகிறார்.",1
"ஃபைசர் தடுப்பூசியில் உயிருள்ள துகள்கள் உள்ளன, அவை நோயை ஏற்படுத்தும்.",1
"டாக்டர். அந்தோனி ஃபௌசி மற்றும் அமெரிக்க சுகாதார அதிகாரிகள் ""உலகளாவிய காய்ச்சல் தடுப்பூசியைச் செயல்படுத்த புதிய பறவைக் காய்ச்சல் வைரஸுக்கு"" திட்டமிட்டனர்.",1
ஒரு புகைப்படம் கிரீஸில் உள்ள பழங்கால ஆராய்ச்சியாளர்கள் ஒரு ராட்சத எலும்புக்கூட்டைக் கண்டுபிடிப்பதைக் காட்டுகிறது.,1
"""டெர்ரி (McAuliffe) உண்மையில் வர்ஜீனியா பெற்றோர் மீது DOJ வைக்க அவரது நண்பர் ஜோ பைடனை அழைக்கிறார்.""",1
"குழந்தைகள் மத்தியில், ஃபைசர் மற்றும் மாடர்னா கோவிட்-19 தடுப்பூசிகள் இறப்பு விகிதத்தை COVID-19 இறப்பு விகிதத்தை விட ""174 மடங்கு அதிகம்"" என்று ""CDC எண்கள்"" காட்டுகின்றன.",1
"""அமெரிக்காவில் கோவிட் தடுப்பு முகாம்கள் அறிவிக்கப்பட்டுள்ளன: கோவிட் மருத்துவ கடத்தல்களை மேற்கொள்ள தேசிய காவலர்களை அங்கீகரிக்கும் EO க்கு டென்னசி கவர்னர் கையெழுத்திட்டார்.""",1
"""இந்த 'உள்கட்டமைப்பு மசோதா' பக்கம் 2,385 இல் உள்ள அனைத்து வீடுகள் மற்றும் நிலங்கள் - குடியிருப்பு மற்றும் வணிகம் ஆகிய இரண்டிற்கும் 3 சதவீத கூட்டாட்சி சொத்து வரியை முன்வைக்கிறது.""",1
"""கோவிட் ஊசி மூலம் மில்லியன் கணக்கானவர்கள் இறந்துள்ளனர்.""",1
"அரிசோனா 2020 ஜனாதிபதித் தேர்தலை ""செயல்படுத்தலாம்""",1
பிடன் கூறுகிறார் “அரிசோனாவில் வெற்றி பெறவில்லை. தடயவியல் தணிக்கையின் அடிப்படையில் அவர் அரிசோனாவில் தோற்றார்.,1
"""ஃபைசர் தடுப்பூசி காப்பாற்றுவதை விட அதிகமான மக்களைக் கொல்கிறது.""",1
"""சிடிசி மற்றும் மாவட்ட சுகாதார அதிகாரிகள் தங்கள் தடுப்பூசி அமலாக்க நெறிமுறைகளை மேம்படுத்த 2020 மக்கள் தொகை கணக்கெடுப்பு பதிவுகளை பெற்றுள்ளனர்.""",1
ரிஹானா கர்ப்பமாக இருப்பதை புகைப்படம் காட்டுகிறது,1
"ஒரு துறையில் சவப்பெட்டிகளைக் காட்டும் 2010 வீடியோ கிளிப் ""COVID திட்டமிடப்பட்டது"" என்பதை நிரூபிக்கிறது.",1
"""கலிபோர்னியாவில் இருக்க வேண்டியதை விட 1.8 மில்லியன் அதிகமான பதிவு செய்யப்பட்ட வாக்காளர்கள் உள்ளனர்""",1
"பாதுகாப்புச் செயலர் செயலில் உள்ள அனைத்து ராணுவ வீரர்களுக்கும் மறுநாள் காலையில் தடுப்பூசி போட வேண்டும் அல்லது ""கோர்ட் மார்ஷியல் செய்யப்பட வேண்டும்"" என்று குறுஞ்செய்தி அனுப்பினார்.",1
"""கோவிட்-19 தடுப்பூசி ஆணைக்காக 27 அமெரிக்க விமானப்படை விமானிகள் ராஜினாமா செய்தனர்.""",1
"புகைப்படம் ""F--- DeSantis"" என்று ஒரு சீன உணவக அடையாளத்தைக் காட்டுகிறது.",1
"""ஹண்டர் பிடனை இராணுவம் கைது செய்கிறது!""",1
“அனைத்து கோவிட்-19 தடுப்பூசிகளையும் திரும்பப் பெற பில் கேட்ஸ் அழைப்பு விடுக்கிறார்; ‘தடுப்பூசிகள் யாரும் கற்பனை செய்வதை விட மிகவும் ஆபத்தானவை.,1
"ஐடா சூறாவளியைத் தொடர்ந்து, நியூ ஜெர்சியில் உள்ள டர்டில் பேக் உயிரியல் பூங்காவில் இருந்து விலங்குகள் ""வளாகத்தை விட்டு வெளியேறுகின்றன.""",1
"வால்மார்ட் ""குழந்தைகளை கடத்துகிறது"" மற்றும் அவர்களை விற்கிறது, மேலும் இது Walmart.com இல் ""பெண்கள் காலணிகள் $5,000"" என்று தேடுவதன் மூலம் நிரூபிக்க முடியும்.",1
"டோவர் விமானப்படை தளத்தில் 13 சேவை உறுப்பினர்களின் எச்சங்களைத் திரும்பப் பெற்றதைக் கௌரவிக்க வந்த ""பிடென் வெள்ளை மாளிகைக்கு எந்தப் பிரதிநிதியும் இல்லை"".",1
ஆகஸ்ட் 19 அன்று அமெரிக்க கேபிடல் அருகே வெடிகுண்டு மிரட்டல் ஒரு தவறான கொடி.,1
"""ஒரு மில்வாக்கி தேர்தல் ஊழியர் அதிகாலை 3 மணிக்கு பிடனின் வெற்றிக்கு தேவையான வாக்குகளின் விளிம்புகளை கைவிட்டதை ஒப்புக்கொண்டார்.""",1
"ஜோ பிடன் ஆப்கானிஸ்தானில் வேண்டுமென்றே ""அது உடைந்து போகட்டும்"" ஏனெனில் அவர் ""அரசியலை நிரந்தரமாக மாற்ற அமெரிக்காவிற்கு இன்னும் இரண்டு இலட்சம் இல்ஹான் ஓமர்கள் வர வேண்டும்"" என்று விரும்புகிறார்.",1
"தலிபான்கள் ஆப்கானிஸ்தானின் தலைநகரைக் கைப்பற்றியதால் காபூல் விமான நிலையத்தில் ஏற்பட்ட குழப்பம் ""WW3 ஐத் தூண்டும் ஒரு தவறான கொடி நிகழ்வு"".",1
"UW-மேடிசன் கூறுகிறார், ""பல்கலைக்கழகத்திற்கு $50k (உங்கள் வரி டாலர்கள்) செலவழித்தது"" என்று சிலர் இனவெறியின் அடையாளமாகக் கருதுகின்றனர்.",1
"""ராண்ட் பாலின் மருத்துவ உரிமம் இப்போதுதான் ரத்து செய்யப்பட்டது!""",1
"ஜெனரல் டேவிட் ஹெச். பெர்கர் கூறுகிறார், ""எனது கடற்படையினருக்கு கட்டாய தடுப்பூசிகள் இல்லை.""",1
"COVID-19 நோய்த்தொற்றுகளின் அதிகரிப்பு COVID-19 தடுப்பூசிகளின் ""ஆன்டிபாடி மத்தியஸ்த வைரஸ் விரிவாக்கத்தால்"" ஏற்படுகிறது என்று கூறுகிறார்.",1
"டி.சி. போலீஸ் அதிகாரி மைக்கேல் ஃபனோன், ஜனவரி 6 அன்று அமெரிக்க கேபிட்டல் வழியாக கூட்டமைப்புக் கொடியை ஏந்திய பின்னர் கைது செய்யப்பட்ட அதே நபர் என்று கூறுகிறார்.",1
2012 லண்டன் ஒலிம்பிக்கின் தொடக்க விழா கோவிட்-19 தொற்றுநோயை முன்னறிவித்தது.,1
"""எங்களுக்கு. டிரம்ப் திரும்புவதற்காக வெள்ளை மாளிகையை ராணுவம் பிடித்து வைத்துள்ளது.",1
"""கன்சாஸ் நகரத் தலைவர்கள் கியூபி பேட்ரிக் மஹோம்ஸ் பயிற்சி முகாமை விட்டு வெளியேறி, அணி தங்கள் பெயரை மாற்றும் வரை 'என்எப்எல்லில் இன்னொருவரை விளையாட மாட்டேன்' என்று கூறுகிறார்.""",1
"""புளோரிடா"" கோவிட்-19 ""எண்கள் அதிகமாகிவிட்டன என்ற மிகைப்படுத்தலை நம்ப வேண்டாம். இது அப்பட்டமான பொய்.""",1
"""தூதர் சூசன் ரைஸ் தீர்ப்பாயம், கவின் நியூசோம் குற்றஞ்சாட்டினார்.""",1
"""கத்தோலிக்கரால் நடத்தப்படும் கம்லூப்ஸ் குடியிருப்புப் பள்ளியில் இருந்து 10 பூர்வீகக் குழந்தைகள் காணாமல் போன வழக்கில் ராணி எலிசபெத் மற்றும் அவரது கணவர் இளவரசர் பிலிப் குற்றவாளிகள்""",1
"""வருமான வரிகள் தன்னார்வமானது.""",1
"""எழுபத்தி நான்காயிரம்... சமீபத்தில் அரிசோனாவில் எத்தனை மெயில்-இன் வாக்குச்சீட்டுகள் கண்டுபிடிக்கப்பட்டன, அவை அனுப்பப்பட்டதற்கான தெளிவான பதிவு இல்லை.""",1
"""மூன்று நாட்களுக்குள் 45,000 பேர் COVID-19 ஷாட்களால் இறந்துவிட்டதாக உறுதிப்படுத்தினர் ... அவர்கள் அதை மூடிமறைத்தனர்.""",1
"""2022க்கு முன் தடுப்பூசி போடாத அமெரிக்கர்கள் முகாம்களில் வைக்கப்படுவார்கள்""",1
"""பிடன் 6 மில்லியன் வாக்குகளை ஒப்புக்கொண்டார்.""",1
"ஒலிம்பிக் கிராமத்தில் ""ஒலிம்பியன்கள் உடலுறவு கொள்வதைத் தடுக்க, அதனால் பரவும் அபாயம் (COVID-19)"" அட்டைப் படுக்கைகள் உள்ளன.",1
"சமீபத்திய மசோதா நிறைவேற்றப்பட்டது என்றும், “ஜூலை 30, 2021 இல் $2500க்கான மற்றொரு ஊக்கச் சோதனையைப் பெறுகிறோம்” என்றும் போஸ்ட் கூறுகிறது",1
"""2020 இல் நாங்கள் வென்றோம் (விஸ்கான்சின்).""",1
"குடியரசுக் கட்சித் தலைவர்கள் ""விஸ்கான்சினில் தேர்தல் ஊழலை மறைக்க கடுமையாக உழைக்கிறார்கள்"" என்கிறார்.",1
ஒரு பெண்ணுக்கு தடுப்பூசி போடப்பட்ட மைக்ரோசிப்பை விலங்கு சிப் ஸ்கேனர் கண்டறிவதை வீடியோ காட்டுகிறது.,1
"“முஸ்லீம் BTS ரசிகர் தற்செயலாக ஆசானுக்குப் பதிலாக 'டைனமைட்' பாடலை ஒலிபெருக்கிகளில் அதிகாலை 4 மணிக்கு ஒலிக்கிறார்; கைது செய்யப்படுவார்.""",1
"நான்சி பெலோசி ""டிரம்ப் எப்போதும் சிறந்த ஜனாதிபதி என்று கூறினார்"" மற்றும் அவருக்கு ""புதிய தேர்தலை நடத்துகிறார்"" என்று கூறுகிறார்",1
2020 ஜனாதிபதித் தேர்தல் முறையானது அல்ல என்பதை உறுதியாகக் காட்ட உண்மைகள் இப்போது வெளிவந்துள்ளன.,1
"""பிரேரி ஸ்டேட் மின் உற்பத்தி நிலையம் நாட்டிலேயே தூய்மையான நிலக்கரி மூலம் இயங்கும் மின் உற்பத்தி நிலையமாகும்.""",1
"ஜுன்டீன்த்                                          *வையை  ஜூன்டீன்    ""ஜூலை நான்காம் தேதியை மாற்றுவதாகும்.""",1
"""மாக்சின் வாட்டர்ஸ் நினைவு நாள் - ஜார்ஜ் ஃபிலாய்ட் தினம் என்று மறுபெயரிட ஒரு மசோதாவை அறிமுகப்படுத்தினார்.""",1
"""எங்கள் சட்டப்பூர்வ ஜனாதிபதி, ஜனாதிபதி டிரம்ப், கோவிட் தடுப்பூசிகளுக்கான நிறுத்தம் மற்றும் விலகல் உத்தரவில் கையெழுத்திட்டுள்ளார்.""",1
"2020 ஜனாதிபதித் தேர்தலுக்கு முன்னதாக ஜார்ஜியா தனது வாக்காளர் பட்டியலைப் புதுப்பிக்கவில்லை; ""ஜார்ஜியாவில் நடந்த ஜனாதிபதித் தேர்தலில் நாங்கள் (நீங்கள்!) வெற்றி பெற்றோம் என்று அர்த்தம்.""",1
"""இராணுவம் ஆடம் ஷிப்பைக் கைது செய்கிறது.""",1
"""காலநிலை நெருக்கடி இல்லை"" என்று கிரேட்டா துன்பெர்க் கூறுகிறார்.",1
"""நான் குடியரசுக் கட்சியினரிடமிருந்து மாநில வரலாற்றில் மிகப்பெரிய பட்ஜெட் பற்றாக்குறையைப் பெற்றேன்.""",1
"""பிடென் மிருகத்தனமான குற்றச்சாட்டு பெறுகிறார்.""",1
"டொனால்ட் டிரம்ப் கிளர்ச்சிச் சட்டத்தில் கையெழுத்திட்டார் மற்றும் ""இன்னும் ஜனாதிபதி"" என்று கூறுகிறார்.",1
"ஜனவரி 6 கேபிடல் கலவரம் ""முற்றிலும் அமைதியான போராட்டம்"" என்று வீடியோ காட்டுகிறது.",1
பராக் ஒபாமாவை திருமணம் செய்வதற்கு முன்பு மிச்செல் ஒபாமாவை ஒரு ஆணாகக் காட்டுவதாக ஒரு புகைப்படம் கூறுகிறது.,1
"COVID-19 தடுப்பூசி உள்ளவர்கள் ""5G செல்லுலார் வழியாக நிகழ்நேரத்தில் கண்காணிக்கப்படுகிறார்கள், மேலும் அந்தத் தரவு அனைத்தையும் ஹேக் செய்து உங்களைக் கண்காணிக்க முடியும்.""",1
"BLM ஆர்வலர் சாஷா ஜான்சன் ட்வீட் செய்துள்ளார், ""வெள்ளை மனிதன் நமக்கு சமமாக இருக்க மாட்டான், ஆனால் நம் அடிமை.""",1
“பூம்! ஜார்ஜியா 1வது தேர்தலை சீர்குலைக்கும்.,1
"""ராஜினாமா செய்வதற்கான பெலோசியின் கோரிக்கையை பிடன் ஒப்புக்கொள்கிறார்.""",1
அரிசோனா வாக்குச்சீட்டுகள் கோழி பண்ணை தீயில் துண்டாக்கப்பட்டு எரிக்கப்பட்டன.,1
"அந்தோனி ஃபாசியின் மனைவி மக்களுக்கு தடுப்பூசி போடுவதற்கு ""மனநல மருந்துகளை குடிநீரில் போடுவதற்கான ரகசிய திட்டம்"" இருப்பதாக கூறுகிறார்.",1
"""இரண்டு மாதங்களுக்கு முன்பு முகமூடி ஆணையை அகற்றியதில் இருந்து, டெக்சாஸ் ஒரு கோவிட் மரணத்தைப் புகாரளிக்கவில்லை. ஒன்றல்ல.""",1
மின்சார வாகன சோதனை ஓட்டத்தின் போது ஜோ பிடன் தானே ஓட்டவில்லை என்பதை புகைப்படங்கள் காட்டுகின்றன.,1
"பிடென் வெள்ளை மாளிகையில் ""அங்கு யாரும் இல்லை. அவர்கள் பயணம் செய்வதில்லை. அவர்கள் எல்லையில் இறங்க மாட்டார்கள். அவர்கள் வெளிநாடுகளுக்குச் செல்வதில்லை.""",1
"முகமூடிகளை அணிவது குழந்தைகளில் ""நுரையீரல் ஃபைப்ரோஸிஸ்"" மற்றும் பிற உடல்நல அபாயங்களை ஏற்படுத்தக்கூடும்.",1
"""Biden ஒரு கணினி உருவாக்கப்பட்டது.""",1
"""அமெரிக்க கேபிடல் போலீஸ் எதிர்ப்பாளர்களை உள்ளே நுழைய அனுமதித்ததை வீடியோ காட்டுகிறது.""",1
"""ஜனாதிபதி தேர்தலின் சட்டபூர்வமான தன்மையை யாரும் கேள்வி கேட்கவில்லை என்று நான் நினைக்கிறேன்.""",1
வாக்களிக்கும் உரிமை மசோதா “மில்லியன் கணக்கான சட்டவிரோத வெளிநாட்டினரை வாக்களிக்க பதிவு செய்யும். அதை செய்ய உத்தேசித்துள்ளது” என்றார்.,1
"“கேபிட்டலுக்குள் நுழைந்தவர்களின் டிவி காட்சிகளைப் பார்க்கிறேன். … தொலைக்காட்சிக் காட்சிகள் ஜனவரி 6 ஆம் தேதியன்று என்று உங்களுக்குத் தெரியாவிட்டால், இது ஒரு சாதாரண சுற்றுலாப் பயணம் என்று நீங்கள் நினைக்கலாம்.",1
"செல்சியா கிளிண்டன் ட்வீட் செய்துள்ளார், ""இன்று இயேசு உயிருடன் இருந்திருந்தால் அவர் திட்டமிடப்பட்ட பெற்றோரில் பணிபுரிந்திருப்பார்.""",1
"அரிசோனாவில் 2020 ஜனாதிபதித் தேர்தலின் தற்போதைய தணிக்கை ""டிரம்பை 250,000"" வாக்குகளால் முன்னிலைப்படுத்தியது, மேலும் ""கிட்டத்தட்ட 950,000 வாக்குகள் சட்டவிரோதமாக அறிவிக்கப்பட்டுள்ளன, கிட்டத்தட்ட அனைத்தும் பிடனுக்கு.""",1
அரிசோனா தேர்தல் தணிக்கையின் கட்டிடத்தை உளவு விமானம் சுற்றிக் கொண்டிருந்தது.,1
"கென்டக்கி டெர்பி ஜாக்கி ஜான் வெலாஸ்குவெஸ் வெள்ளை மாளிகைக்கான அழைப்பை நிராகரித்து, ""நான் ஒரு குதிரையின் கழுதையைப் பார்க்க விரும்பினால் நான் இரண்டாவது இடத்தில் வருவேன்"" என்று கூறினார்.",1
"சமூக ஊடக பதிவுகள் கூறியது: “விவாதத்தின் போது கமலா ஜோவிடம், ‘சீனர்கள் என்ன சொன்னாலும் நீங்கள் செய்வீர்கள்! அவர்கள் உங்கள் மகனுக்கு ஒரு பில்லியன் டாலர்களைக் கொடுத்தார்கள்.",1
விவாதத்தின் போது கமலா ஜோவிடம் கூறியது யாருக்கும் நினைவிருக்கிறது: 'சீனர்கள் என்ன சொன்னாலும் நீங்கள் செய்வீர்கள்! அவர்கள் உங்கள் மகனுக்கு ஒரு பில்லியன் டாலர்களைக் கொடுத்தார்கள்.,1
தாராளவாதிகள் லாசக்னாவை ஒழிக்க விரும்புவதாக சென். ஜோனி எர்ன்ஸ்டின் காட்சி உதவி கூறியது.,1
"ஜோ பிடன் ""நீங்கள் எவ்வளவு இறைச்சி சாப்பிடலாம் என்பதை கட்டுப்படுத்தப் போகிறீர்கள்"" என்று கூறுகிறார்.",1
"ஒரு லிபரல் கட்சி அரசியல்வாதியிடமிருந்து கசிந்த மின்னஞ்சல் கனேடிய அரசாங்கத்தின் பொருளாதாரத்தை ""மீட்டமைக்க"" மற்றும் தனியார் சொத்துக்களை கைப்பற்றும் திட்டத்தை காட்டுகிறது.",1
"எல்க்டனில் உள்ள ஒரு மெக்டொனால்டு உணவகம், Md., ""பாலியல் கடத்தல் விசாரணையின் காரணமாக"" நிரந்தரமாக மூடப்பட்டது.",1
"""ஹிலாரி கிளிண்டன் GITMO இல் தூக்கிலிடப்பட்டார்.""",1
"""பிடனின் காலநிலை தேவைகள்"" ""90% சிவப்பு இறைச்சியை உணவில் இருந்து குறைக்கும்"" மற்றும் ""ஒரு வருடத்திற்கு அதிகபட்சம் 4 பவுண்டுகள்"" மற்றும் ""மாதத்திற்கு ஒரு பர்கர்"".",1
"கிம் ஜாங் உன் ஜோ பிடனை ஒரு ""குண்டர்"", ""கோழை"" மற்றும் ""மனநிலை நிலையற்றவர்"" என்று அழைப்பதை வீடியோ காட்டுகிறது.",1
"டொனால்ட் டிரம்ப் வாஷிங்டனுக்கு ""விமானப்படை 1 இல் மகிமையின் ஒளியில்"" திரும்புவதை வீடியோ காட்டுகிறது.",1
"""போப் பிரான்சிஸ் இறந்துவிட்டார்.""",1
"லெப்ரான் ஜேம்ஸ் கூறுகிறார், ""ஒரு பெண் தனது நண்பர்களைக் கூட குத்த முடியாத கட்டத்தில் நாங்கள் இருக்கிறோம்.""",1
"ஜார்ஜ் ஃபிலாய்டின் கொலைக்கான டெரெக் சாவினின் விசாரணை மற்றும் தண்டனை ""பொய்க் கொடியின்"" ஒரு பகுதியாக போலியானது.",1
"ஜப்பான் பிரதமர் டிரம்ப் 2024 அடையாளத்தை கையில் ஏந்தியவாறும், சிவப்பு பேஸ்பால் தொப்பியை அணிந்தும் துணை ஜனாதிபதி கமலா ஹாரிஸை சந்தித்தார்.",1
"பள்ளிகள் குழந்தைகளுக்கு கர்சீவ் கற்பிப்பதை நிறுத்திவிட்டன, அதனால் அவர்கள் அமெரிக்க அரசியலமைப்பையும் பிற வரலாற்று ஆவணங்களையும் படிக்க முடியாது.",1
"மிச்சிகன் 2020 தேர்தலில் மொத்த வாக்குகளை கையாள கணித ""விசையை"" பயன்படுத்தியது.",1
"""இது தடுப்பூசிக்கான சான்றிதழைப் பற்றியது, அங்கு அவர்கள் உங்களுக்கு தேசிய ஐடியைப் பெறுவார்கள், பின்னர் AI உங்களைக் கண்காணிக்க முடியும்.""",1
"""ஒருவேளை (COVID-19 தடுப்பூசி) வேலை செய்யாமல் இருக்கலாம், அவர்கள் அதை உங்களுக்குச் சொல்லவில்லை.""",1
"""ஜே-இசட் மற்றும் பியோனஸ் $10 மில்லியனுக்கு DMX இன் மாஸ்டர்களை திரும்ப வாங்கி, அவருடைய குழந்தைகளுக்கு இலவசமாக கொடுக்கிறார்கள்.""",1
ஜனாதிபதி பிடன் முன்வைத்த இந்த திட்டத்தில் 6% க்கும் குறைவானது உண்மையில் உள்கட்டமைப்பில் கவனம் செலுத்துகிறது.,1
"""கோவிட்-ஒரு வைரஸாக இல்லை"" மற்றும் இறந்த கோவிட்-19 நோயாளிகளின் பிரேதப் பரிசோதனையை ரஷ்ய மருத்துவர்கள் உலக சுகாதார அமைப்பின் சட்டத்தை மீறுகின்றனர்",1
"“முன்கூட்டியே வாக்களிப்பது தொடர்பாக தேர்தல் விதிகளில் (எஸ்பி 7ன் கீழ்) எதுவும் மாறவில்லை. எதுவும் மாறவில்லை.""",1
"""புதிய கருத்துக்கணிப்பு"" ஜோ பிடனின் ""ஒப்புதல் 11%, அமெரிக்க வரலாற்றில் எந்தவொரு ஜனாதிபதிக்கும் மிகக் குறைந்த அங்கீகாரம்"" என்பதைக் குறிக்கிறது.",1
டொனால்ட் டிரம்ப் ஆமி கோனி பாரெட் மீது குற்றம் சாட்டினார்.,1
"சூயஸ் கால்வாயைத் தடுத்து நிறுத்திய எவர்கிரீன் கப்பலில் கடத்தப்பட்ட 1,000 க்கும் மேற்பட்ட குழந்தைகள் மற்றும் இறந்த உடல்களை கடற்படை சீல்ஸ் கண்டுபிடித்தனர்.",1
"“இன்றைய நிலவரப்படி, மிஸ்டர். பிடன் படிக்கட்டுகளில் ஏறும்போது படமெடுக்கவோ அல்லது புகைப்படம் எடுக்கவோ யாருக்கும் உரிமை இல்லை. புதிய வெள்ளை மாளிகை செய்தி தொடர்பாளர் உத்தரவு!!?”",1
"""எம்ஆர்என்ஏ ஒரு தடுப்பூசி அல்ல"" - இது ""உண்மையில் ஒரு இயக்க முறைமை"", இது மனிதர்களை நிரல்படுத்த பில் கேட்ஸால் இயக்கப்படுகிறது.",1
"COVID-19 தடுப்பூசிகள் ""மனித இனத்தையே அழிக்கக்கூடிய பேரழிவு ஆயுதங்கள்"" என்று வீடியோ கூறுகிறது.",1
"பென் ஷாபிரோ தனது ""சிவப்பு மாத்திரை தருணம்"" ஏழைக் குழந்தைகளுடன் கப்கேக்குகளைப் பகிர்ந்து கொள்வதாக ட்விட்டரில் கூறினார்.",1
"நோஸ்ட்ராடாமஸ் ஒரு ""பலவீனமான மனிதர்"" ""பிளேக்"" காலத்திற்குப் பிறகு ""மேற்கத்திய உலகத்தை"" ஆளுவார் என்று கணித்தார்.",1
"""எட்டு முதல் 10 மாதங்களில் அவர்களால் (பாதுகாப்பான தடுப்பூசியை உருவாக்க) முடியும் என்று நீங்கள் என்னிடம் சொல்ல முடியாது. அல்லது ஒரு வருடம். அதை விட அதிக நேரம் எடுக்கும். ”",1
"""சூயஸ் கால்வாய் எவர்கிரீன் என்ற பெரிய கொள்கலன் கப்பலால் தடுக்கப்பட்டது. எவர்கிரீன் ஷிப்பிங் என்பது மனித மற்றும் பாலியல் கடத்தலுக்கான மறைப்பாகும்"" என்று ஹிலாரி கிளிண்டன் எழுதியுள்ளார்.",1
"ஒரு சிஎன்என் சைரான் போல்டர் ""சுடுபவர் உண்மையில் அரபு, ஆனால் தார்மீக ரீதியாக வெள்ளை"" என்று கூறினார்.",1
"கொலோவின் போல்டரில் நடந்த துப்பாக்கிச் சூடு ""மற்ற பெரும்பாலானவற்றைப் போலவே தவறான கொடி"".",1
"ஒரு CDC ஆய்வில், கொரோனா வைரஸ் வழக்கு விகிதங்களில் ""மாஸ்க் ஆணைகள் எந்த புள்ளிவிவர வித்தியாசத்தையும் ஏற்படுத்தவில்லை"" என்று கண்டறிந்துள்ளது.",1
ஜோ பிடன் ஒரு பச்சைத் திரையின் முன் ஒரு நேர்காணலைப் பொய்யாக்கியதை வீடியோ காட்டுகிறது.,1
"""ஜனநாயகக் கட்சியினர் வெறும் 2 மாதங்களில் நிறைய சாதித்துள்ளனர்... 1 மில்லியன் ஆற்றல் வேலைகள் அழிக்கப்பட்டன.""",1
சமீபத்திய வெள்ளை மாளிகை நிகழ்வு அட்லாண்டாவில் உள்ள டைலர் பெர்ரி ஸ்டுடியோவில் படமாக்கப்பட்டதை புகைப்படம் காட்டுகிறது.,1
"பிடன் பதவியேற்றதில் இருந்து டீசல் விலை $1.69ல் இருந்து $3.19 ஆக உயர்ந்தது, இதற்கு ஜனாதிபதியே காரணம்.",1
"COVID-19 தடுப்பூசியில் நானோ துகள்கள் உள்ளன, அவை 5G நெட்வொர்க்குகள் வழியாக மக்கள் ""உங்களை கண்டுபிடிக்க"" உதவும்.",1
அமெரிக்க-மெக்சிகோ எல்லையை போதைப்பொருள் கடத்தல்காரர்களுக்காக திறந்து வைக்க நான்சி பெலோசிக்கு பணம் கொடுத்ததாக எல் சாப்போ நீதிமன்றத்தில் சாட்சியமளித்தார்.,1
"ஓப்ரா வின்ஃப்ரே பல ஆண்டுகளாக, ""ஹாலிவுட் இளம் பெண்களை ஹார்வி வெய்ன்ஸ்டீனிடம் பாலியல் பலாத்காரம் செய்ய தூண்டினார்"" என்று கூறுகிறார்.",1
கடற்படை சீல் படையினர் ஹிலாரி கிளிண்டனை கைது செய்தனர்.,1
"$1.9 டிரில்லியன் கோவிட்-19 நிவாரண மசோதா ஹவுஸ் உறுப்பினர்களுக்கு ""$25 மில்லியன் போனஸ்"" வழங்குகிறது.",1
"அலெக்ஸாண்ட்ரியா ஒகாசியோ-கோர்டெஸின் நிகர மதிப்பு ""$1 மில்லியனுக்கு மேல்"" என்று கூறுகிறார்.",1
ஓப்ரா வின்ஃப்ரே தனது மேகன் மார்க்கல் நேர்காணலின் போது கணுக்கால் மானிட்டர் அணிந்திருந்தார்.,1
"""சிலர் தடுப்பூசியால் நேரடியாக இறக்கப் போகிறார்கள். ஆனால் அதிக எண்ணிக்கையிலான மக்கள் பயங்கரமாக நோய்வாய்ப்படத் தொடங்குகிறார்கள் மற்றும் அனைத்து வகையான தன்னுடல் தாக்க நோய்களையும் பெறுவார்கள்.""",1
"மார்ச் 4, 2021 அன்று டொனால்ட் டிரம்ப் மீண்டும் அதிபராக பதவியேற்பார் என்று கூறினார்.",1
"COVID-19 தடுப்பூசி ப்ரியான் நோய்கள், அல்சைமர், ALS மற்றும் பிற நரம்பியக்கடத்தல் நோய்களுக்கு வழிவகுக்கும்.",1
"நான்சி பெலோசி, ஜனநாயகக் கட்சியினர் அரசியல் எதிரிகளை எப்படி ""முடக்கு ஸ்மியர்"" மூலம் பேய்த்தனமாக காட்டுகிறார்கள் என்பதை விளக்குகிறார்.",1
"ஃபேஸ்புக் பயனர்கள் உங்கள் அமைப்புகளை மாற்றுவதன் மூலம் ""சமூகத் தரங்களுக்கு எதிராக உங்கள் பேஸ்புக்கில் உள்ள சிக்கல்களை"" தவிர்க்கலாம்.",1
"""ஜோ பிடனின் எரிசக்தி துறை டெக்சாஸை கொலையாளி புயலுக்கு முன்னால் அதிகரிக்கும் சக்தியிலிருந்து தடுத்தது""",1
பனி அரசாங்கத்தால் உருவாக்கப்பட்ட அல்லது போலியானது.,1
"""பெரும்பாலான மக்களுக்குத் தெரியாமல், பசுமை புதிய ஒப்பந்தம் டெக்சாஸில் வந்தது; மாநிலத்தில் மின்சாரம் முற்றிலும் காற்றாலைகளை நம்பியிருக்கிறது.",1
"""எனவே கலிஃபோர்னியாவுக்கு கவின் நியூசோம் திரும்ப அழைப்பதற்கு கையொப்ப சரிபார்ப்பு தேவைப்படுகிறது, ஆனால் வாக்குச் சீட்டுகளில் அஞ்சலுக்கு அது தேவையில்லை.""",1
"ஜோ பிடன் குளிர்கால புயலை ""போர், ஜெட் ஸ்ட்ரீமை மாற்றுவதன் மூலம் டெக்சாஸ் மீதான தாக்குதல்"" என்று திட்டமிட்டார்.",1
"ரான் ஜான்சன் ஒரு நாள் குற்றச்சாட்டு விசாரணைக்கு ""காண்பிக்கவில்லை"".",1
"ஜனவரி 6 கேபிடல் கலவரம் ""ஆயுதமேந்திய கிளர்ச்சியாகத் தெரியவில்லை"" என்கிறார்.",1
"கொரோனா வைரஸ் தடுப்பூசியை வழங்கும் மருத்துவர்கள் மற்றும் செவிலியர்கள் ""போர் குற்றவாளிகளாக"" விசாரிக்கப்படலாம்.",1
"""கிளிண்டன் அறக்கட்டளை மடிந்தது.""",1
"""ஒரு நீதிமன்றமும் ஆதாரங்களைப் பார்த்து பிடென் சட்டப்பூர்வமாக வெற்றி பெற்றதாகக் கூறவில்லை"".",1
"""பிடனின் ஏர்ஃபோர்ஸ் ஒன் டிரம்பின் ஏர்ஃபோர்ஸ் ஒன் போன்றது அல்ல,"" இது பிடென் உண்மையான ஜனாதிபதி அல்ல என்பதைக் குறிக்கிறது.",1
"ஜோ பிடன் கூறுகிறார், ""ஒரு மனிதன் மீன் சாப்பிடுவதை வாங்கு, அவன் நாள், மீன் மனிதனுக்கு வாழ்நாள் முழுவதும் கற்றுக்கொடு.""",1
"""கேபிடல் ஹில்லுக்கு அடியில் உள்ள சுரங்கப்பாதையில் இருந்து சித்திரவதை செய்யப்பட்ட குழந்தைகளை ராணுவம் மீட்டது.""",1
"ஜோ பிடன் ""அதிகாரப்பூர்வமாக ஒப்புதல் வயதை 5 வயதாகக் குறைத்துள்ளார்"" என்று கூறுகிறார்.",1
ஜோ பிடனின் பதவியேற்பு போலியானது என்றும் அவர் முறையான ஜனாதிபதி அல்ல என்றும் கூறுகிறார்.,1
"""எங்களுக்கு. காங்கிரஸை கைது செய்யும் வெள்ளை மாளிகையில் இராணுவம்.""",1
"""ஜோ பிடன் ஒரு சட்டவிரோத ஜனாதிபதி என்பதால், உறுதியான ஆதாரம் இல்லாமல், இராணுவம் நம் நாட்டின் பொறுப்பில் உள்ளது என்று நான் நம்புகிறேன்.""",1
"ஜோ பிடன் ""மேசோனிக்/இலுமினாட்டி பைபிளில்"" பதவியேற்றார்.",1
"பதவியேற்பு நாளில், துணைத் தலைவர் கமலா ஹாரிஸ் ""பைபிளின் மேல் தனது கையைத் தொடாதபடி தனது கிளட்சை வைத்தார்.""",1
"""இராணுவ நீதிமன்றங்கள் ஜனவரி 20, 2021 இல் தொடங்குகின்றன.""",1
"ஜோ பிடனும் ஜனநாயகக் கட்சியினரும் ஜனாதிபதி பதவியை ""சட்டப்பூர்வமாக வெல்லவில்லை"" என்கிறார்.",1
"ஜனவரி 6 அன்று அமெரிக்க கேபிட்டலுக்கு வெளியே உள்ள ""முட்டாள்"" நபர்களுக்கு டிரம்பின் கருப்பொருளான பொருட்களை ""நஹ்"" மற்றும் ""உங்கள் உதைக்கும் முன் என்னிடம் கேள்விகள் கேட்பதை நிறுத்துங்கள்"" என்று ஒரு புகைப்படத் தலைப்பு கூறுகிறது.",1
"""பராக் ஒபாமா கைது செய்யப்பட்டார்.""",1
ஜோ பிடன் மேடையில் தோற்று குழப்பமடைந்ததை வீடியோ காட்டுகிறது.,1
"நிரூபிக்கப்படாத வாக்காளர் மோசடி கூற்றுக்கள் கேபிடல் கலகத்தில் ""எந்தவொரு பங்கையும்"" வகிக்கவில்லை என்று கூறுகிறார்.",1
"பதவியேற்பு விழா ரத்து செய்யப்பட்டது, டிரம்ப் பதவியேற்றார்.",1
"கேபிடல் கலவரத்தில் ""ஆன்டிஃபா தான் குற்றவாளி"".",1
கேபிட்டலில் ஆஷ்லி பாபிட்டின் துப்பாக்கிச் சூட்டை ஆன்டிஃபா தூண்டினார்.,1
"கலிஃபோர்னியா கவர்னர் கவின் நியூசோம் திரும்ப அழைக்கும் முயற்சி ""ஒரு சதி"" ஆகும்.",1
"அதிபர் டிரம்ப், பதவியில் இருக்க ""பெரிய ஊழல் நிறைந்த நகரங்களை"" இராணுவம் கையகப்படுத்த உத்தரவிட்டுள்ளதாகவும், அமெரிக்க குடிமக்கள் தங்கள் சாதனங்களில் அவசர எச்சரிக்கைகளைப் பெறுவார்கள் என்றும் கூறுகிறார்.",1
"போப் பிரான்சிஸ் கூறுகையில், ""குழந்தைகள் ஆபாசப் படங்கள் வைத்திருந்தமை, மனித கடத்தல், பாலுறவு, போதைப்பொருள் பொருட்களை வைத்திருந்தல் மற்றும் குற்றச்செயல் மோசடி உள்ளிட்ட 80 எண்ணிக்கையிலான குற்றச்சாட்டுகள் தொடர்பாக சனிக்கிழமை கைது செய்யப்பட்டார்.""",1
"ஆன்டிஃபாவால் ""DC கொள்ளை அரங்கேறியது""",1
சிம்ப்சன்ஸ் கேபிடல் கலவரத்தை முன்னறிவித்தனர்,1
"""நேற்று தலைநகரைத் தாக்கியவர்கள் டிரம்ப் ஆதரவாளர்கள் அல்ல. அவை ஆன்டிஃபா என உறுதி செய்யப்பட்டுள்ளது.",1
"""பாசிச ஆண்டிஃபா கேபிடல் தாக்குதலை புத்திசாலித்தனமான கும்பலைக் கட்டுப்படுத்தும் உத்திகளைக் கொண்டு திட்டமிட்டது என்பதற்கான ஆதாரங்கள் வளர்ந்து வருகின்றன.""",1
"கொம்புகள் கொண்ட ஃபர் தொப்பியில் யு.எஸ் கேபிட்டலைத் தாக்கிய ஒருவர் ""ஆன்டிஃபா குண்டர்"".",1
"""நாங்கள் வென்றோம், நாங்கள் ஒரு நிலச்சரிவில் வென்றோம், இது ஒரு நிலச்சரிவு.""",1
"யு.எஸ் கேபிட்டலை தாக்கியதற்கு ""ஆன்டிஃபா"" தான் காரணம்.",1
ஜார்ஜியாவில் உள்ள டெல் பெட்டிகளில் துண்டாக்கப்பட்ட வாக்குச் சீட்டுகள் கண்டுபிடிக்கப்பட்டதாகக் கூறுகிறார்,1
"""நேற்றிரவு அவர்கள் 50,000 வாக்குகளை (ஜார்ஜியா அமெரிக்க செனட் ரன்ஆஃப் தேர்தலில்) கண்டுபிடித்தனர்.""",1
"பிராந்தியத்தின் COVID-19 எழுச்சியின் மையமாகக் கருதப்படும் லாஸ் ஏஞ்சல்ஸ் மருத்துவமனையில் ""முற்றிலும் நோயாளிகள் இல்லை"".",1
"விஸ்கான்சின் சட்டமன்றம் ""அதிபர் டிரம்பிற்கு மாநிலம் மற்றும் விருதை நிராகரிக்கும்.""",1
"""பெரிய நீர் முக்கிய இடைவேளைக்கு"" பிறகு, ஜோர்ஜியா தேர்தல் பணியாளர்கள் சூட்கேஸ்களில் இருந்து எடுத்த ""18,000 வாக்குகள், அனைத்தும் பிடனுக்கு"" என்று எண்ணினர் மற்றும் தேர்தல் பார்வையாளர்கள் யாரும் இல்லை.",1
ஜார்ஜியாவை நாங்கள் எளிதாக வென்றோம். லட்சக்கணக்கான வாக்குகள் வித்தியாசத்தில் நாங்கள் வெற்றி பெற்றோம்.,1
"வட கரோலினா கவர்னர் ராய் கூப்பர் ""#COVID19 நெருக்கடியின் தொடக்கத்திலிருந்து கவர்னர் மாளிகையை விட்டு வெளியேறவில்லை.""",1
"நாஷ்வில்லி, டென்னில் கிறிஸ்துமஸ் தின வெடிப்பு, ""ஏவுகணைத் தாக்குதலின்"" விளைவாகும்.",1
நாஷ்வில் குண்டுதாரி கோவிட்-19 காரணமாக இறந்ததாக செய்திகள் தெரிவிக்கின்றன.,1
நாஷ்வில் குண்டுவெடிப்பு என்பது டொமினியன் மென்பொருளில் AT&T தணிக்கையை நிறுத்துவதற்கும் தேர்தல் ஊழலை மறைக்கும் முயற்சியாகும்.,1
"கார்னெல் பல்கலைக்கழக பேராசிரியர் ராபர்ட் ஆஸ்வால்ட், ""COVID-19 கற்பனையானது மற்றும் கற்பனையானது"" என்றார்.",1
2020 தேர்தலில் வாக்களித்த தகுதியான வாக்காளர்களைக் காட்டிலும் 13 மில்லியன் வாக்குகள் அதிகம் பெற்றதாக பிடென் கூறுவதாக ‘எளிய கணிதம்’ காட்டுகிறது.,1
"""இறந்தவர்களும் வாக்களித்தனர்.""",1
"""இது ஒரு போலியான தொற்றுநோய்.""",1
புதிய கொரோனா வைரஸ் தடுப்பூசிகளில் நச்சுப் பொருட்கள் உள்ளன மற்றும் COVID-19 ஐப் பெறுவதை விட ஆபத்தானவை என்று கூறுகிறார்.,1
"தடுப்பூசி போடப்பட்டவர்கள் பயணத்தைத் தவிர்க்கவும், முகமூடிகளைத் தொடர்ந்து அணியவும் வலியுறுத்தும் வழிகாட்டுதல் ""ஆழ்ந்த அறிவியலுக்கு எதிரானது"" என்று கூறுகிறது.",1
2018 நிறைவேற்று உத்தரவு டிரம்பிற்கு இராணுவச் சட்டத்தை விதிக்கும் திறனை வழங்குகிறது,1
ஜனாதிபதி டொனால்ட் டிரம்ப் இரண்டாவது முறையாக தனது பதவியேற்பு விழாவை Mar-a-Lago இல் நடத்துவார்,1
"“இந்த முழு கோவிட் விஷயமா? இது ஒரு சிமுலேஷன்.""",1
2020 டிசம்பரில் பூமி 6 நாட்களுக்கு இருளில் இருக்கும் என நாசா உறுதி செய்துள்ளது.,1
"""இப்போது சொர்க்கத்தில் நுழைவதற்கு கோவிட் தடுப்பூசி தேவைப்படும் என்று போப் பிரான்சிஸ் கூறுகிறார்.""",1
"""பிடென் சட்டப்பூர்வமாக வெல்லவில்லை.""",1
"""மக்களை மைக்ரோசிப் செய்வதற்கான நிகழ்ச்சி நிரலை பிடன் உறுதிப்படுத்துகிறார்""",1
"""எந்தவொரு வேட்பாளரும் புளோரிடா மற்றும் ஓஹியோ இரண்டிலும் வெற்றிபெற்று தோற்றதில்லை.""",1
"டெக்சாஸ் பிரதிநிதி டெர்ரி மெசா கூறுகையில், கோட்டைக் கோட்பாட்டை மாற்றுவது பாதிக்கப்பட்டவர்களிடமிருந்து திருடர்களுக்கு சொத்துக்களை ""அமைதியான"" மாற்றத்தை உருவாக்குவதாகும்.",1
"""விஸ்கான்சினில், சுமார் 70,000 வாக்களிக்காத வாக்குச்சீட்டுகள் உள்ளன, அவை சட்டப்படி தேவைப்படும் வாக்குச்சீட்டு விண்ணப்பங்களைப் பொருத்தவில்லை.""",1
"விஸ்கான்சின், ஜார்ஜியா, மிச்சிகன் மற்றும் பென்சில்வேனியாவில் பிடென் வெற்றி பெறுவதற்கான நிகழ்தகவு ""ஜனாதிபதி ட்ரம்பின் ஆரம்பகால முன்னிலையில் ... ஒவ்வொரு மாநிலத்திலும் ஒரு குவாட்ரில்லியனில் ஒன்றுக்கும் குறைவானது"".",1
"""செஸ்டர்ஃபீல்டில் (வா.), தெற்குப் பகுதியானது 100% வாக்கு எண்ணிக்கையில் இழிவானது...""",1
"""உண்மையில், நான் விஸ்கான்சினை வென்றேன்.""",1
டொமினியனின் சர்வர்கள் கைப்பற்றப்படுவதற்கு முன்பு ட்ரம்ப் பிடனை 410 தேர்தல் வாக்குகளுடன் தோற்கடித்ததைக் காட்டும் இந்தத் தேர்தல் வரைபடத்தை ஜெர்மனியில் உள்ளவர்கள் பார்த்தனர்.,1
"10 மிச்சிகன் பிராந்தியங்களில், வாக்குப்பதிவு 100% ஐ எட்டியது மற்றும் 6 வட்டாரங்களில் இது 100% ஐத் தாண்டியது.",1
"""ஜினா ஹாஸ்பெல், சிஐஏ தலைவர் இறந்துவிட்டார்!""",1
முன்னாள் அதிபர் பராக் ஒபாமா உளவு பார்த்ததாக கைது செய்யப்பட்டார்.,1
"கணுக்கால் மானிட்டரை மறைக்க, ஜோ பிடன் கால் பூட் அணிந்திருப்பதாக கூறுகிறார்.",1
"க்வின்னெட் கவுண்டியில் உள்ள ஒரு டொமினியன் பிரதிநிதி ""தரவைக் கையாள"" தேர்தல் தரவை தவறாக பதிவிறக்கம் செய்தார்.",1
"கொரோனா வைரஸ் தொற்றுநோய் ஐக்கிய இராச்சியத்தில் ""திறம்பட முடிந்துவிட்டது"" மேலும் ""தடுப்பூசிகள் முற்றிலும் தேவையில்லை.""",1
"“டிரம்ப் 4 மாநிலங்களில் ‘தோல்வியின்’ விளிம்பு 1:34-6:31 AM இடையே 4 டேட்டா டம்ப்களில் நிகழ்ந்தது. புள்ளிவிவர ஒழுங்கின்மை? மோசடி?""",1
"""டேன் கவுண்டியில் உள்ள விஸ்கான்சின் ரீகவுண்டில் ஆயிரக்கணக்கான போலி வாக்குகள் கண்டுபிடிக்கப்பட்டன.""",1
"""சில ஸ்விங் மாநிலங்களில், வாக்களித்த மக்களை விட அதிகமான வாக்குகள் இருந்தன, மேலும் அதிக எண்ணிக்கையில் இருந்தன.""",1
"ஜான் ஓசாஃப் ""ஒரு சோசலிஸ்ட்"" என்று கூறுகிறார்.",1
ஜார்ஜ் சொரோஸ் தேர்தல் தலையீட்டிற்காக பிலடெல்பியாவில் கைது செய்யப்பட்டார்.,1
"மிச்சிகனில் ""150%, 200% மற்றும் 300% என பல பகுதிகளில் அதிக வாக்குகளைப் பெற்றுள்ளோம்.""",1
"""தேர்தலுக்கு ஒரு நாள் கழித்து, பிடன் 3:42AM (விஸ்கான்சினில்) 143,379 வாக்குகளைப் பெற்றார், அவர் மோசமாக தோல்வியடைந்தார் என்று அவர்கள் அறிந்தனர். இது நம்பமுடியாதது!""",1
"""ஏஏஆர்பி பிடனை அங்கீகரித்துள்ளது"" மற்றும் ""நீங்கள் 75 வயதைக் கடந்திருந்தால் நீங்கள் இறந்து போய்விட வேண்டும் என்று கூறுகிறது.""",1
"""ஸ்மார்ட்மேடிக் மற்றும் டொமினியன் அமைப்புகள் ... தேர்தல் முடிவுகளை மாற்றுவதற்காக இதையே செய்ய உருவாக்கப்பட்டது.""",1
"பிலடெல்பியாவில் வாக்காளர் மோசடிக்கான 1993 உதாரணம் 2020 தேர்தலில் ""எங்களுக்கு சரியாக நடந்தது"".",1
"""2020 தேர்தலின் பாதுகாப்பு குறித்து கிறிஸ் கிரெப்ஸின் சமீபத்திய அறிக்கை மிகவும் தவறானது, அதில் பாரிய முறைகேடுகள் மற்றும் மோசடிகள் இருந்தன.""",1
"தடுப்பூசிகள் ""உங்கள் டிஎன்ஏவின் சில பகுதிகளை அகற்றி, அதை மரபணு குறியீட்டு முறை (தொழில்நுட்பம்)"" கொண்டு மாற்றும்"" இது ""புதிய உலக ஒழுங்கிற்கு மக்கள் ஒத்துழைக்க வேண்டும்.""",1
"""பாவில் உள்ள MOB ஆயிரக்கணக்கில் போலி வாக்குகளை உருவாக்க பிடன் குழுவால் பணியமர்த்தப்பட்டது!!""",1
"ஜார்ஜியாவின் மாநிலச் செயலர், வாக்குகளை மீண்டும் எண்ணும் நபர்களை மோசடிக்கான கையொப்பங்களைச் சரிபார்க்க அனுமதிக்க மாட்டார் என்று கூறுகிறார்.",1
டொமினியன் தேர்தல் அமைப்புகளுடன் இணைக்கப்பட்ட ஜெர்மனியில் உள்ள சர்வர்களை அமெரிக்க இராணுவம் கைப்பற்றியது.,1
"""ஜோ பிடனுக்கு ஜனநாயகக் கட்சியினர் 120,000 வாக்குகளை அற்புதமாகக் கண்டறிந்தபோது மில்வாக்கி தேர்தல்கள் தலைவர் நவம்பர் 4 காலை தேர்தல் ஃபிளாஷ் டிரைவை இழந்தார்.""",1
"ஜோ பிடனின் COVID-19 பணிக்குழுவின் உறுப்பினர் ஒருவர், “உணவு முத்திரைகளை நிறுத்திவைக்கவும், கொரோனா வைரஸ் தடுப்பூசிகளை மறுப்பவர்களிடமிருந்து உதவியை வாடகைக்கு எடுக்கவும்” பரிந்துரைக்கிறார்.",1
"டக்கர் கார்ல்சன் ""அடுத்த மாதம் நியூஸ்மேக்ஸில் தொடங்கப் போவதாக"" அறிவிப்பதை ஒரு ஸ்கிரீன்ஷாட் காட்டுகிறது.",1
"செனட் கெல்லி லோஃப்லர் பார்லரில் ""கறுப்பின மக்கள் வாக்களிக்க அனுமதிக்கப்படக்கூடாது"" என்று கூறினார்.",1
"""ஃபில்லி மற்றும் பிட்டில் 600,000 க்கும் மேற்பட்ட சட்டவிரோத வாக்குகள்"" உள்ளன என்று கூறுகிறார்.",1
டிரம்ப் சட்டரீதியான சவால்களைக் கொண்டுவரும் மாநிலங்களில் டொமினியன் வாக்களிப்பு முறை ஜோ பிடனுக்கு வாக்குகளை புரட்டியதாகக் கூறுகிறது.,1
"""பென்சில்வேனியா மற்றும் மிச்சிகன் எங்கள் வாக்கெடுப்பு பார்வையாளர்கள் மற்றும்/அல்லது வாக்குப் பார்வையாளர்களை பார்க்க அல்லது கவனிக்க அனுமதிக்கவில்லை.""",1
"டொமினியன் வாக்களிப்பு அமைப்புகள் ""நாடு முழுவதும் 2.7 மில்லியன் டிரம்ப் வாக்குகளை நீக்கியுள்ளன.""",1
"கன்சர்வேடிவ் இணையதளமான ஜூடிசியல் வாட்ச், ""கண்ணுக்குத் தெரியாத, உடைக்க முடியாத குறியீடு வாட்டர்மார்க் மூலம் அச்சிடப்பட்டு குவாண்டம் பிளாக்செயின் சிஸ்டத்தில் பதிவுசெய்யப்பட்ட"" உத்தியோகபூர்வ வாக்குகளை எண்ணும் தேசிய காவலரின் ""உயரடுக்கு"" அலகுகள் பற்றிய ஒரு கதையை வெளியிட்டது.",1
"வாக்காளர் மோசடிக்கு உதாரணமாக, ""எங்களிடம் இந்த தேர்தலில் (நெவாடாவில்) வாக்களித்த 9,000 பேர் நெவாடாவில் வசிக்கவில்லை.""",1
"ஒரு CNN வீடியோ ""சுத்தியல் / நிகழ்நேரத்தில் மதிப்பெண் அட்டை வாக்காளர் மென்பொருள் மோசடி"" காட்டுகிறது",1
"""சிஸ்டம் 'கிளிட்ச்' ... விஸ்கான்சினில் - மாற்றப்பட்ட வாக்குகளை மாற்றியமைத்தல் ஜோ பிடனிடமிருந்து முன்னணியை நீக்குகிறது.""",1
"""25வது திருத்தத்தைப் பயன்படுத்தி ஸ்லீப்பி ஜோவை உடனடியாக நீக்கிவிட்டு, கமலா ஹாரிஸை அதிபராக நியமிக்கும் ஜனநாயகக் கட்சியினரின் தீய திட்டம் உறுதிப்படுத்தப்பட்டது!""",1
"""நீங்கள் சட்டப்பூர்வ வாக்குகளை எண்ணினால், நான் எளிதாக வெற்றி பெறுவேன். நீங்கள் சட்டவிரோத வாக்குகளை எண்ணினால், அவர்கள் எங்களிடமிருந்து தேர்தலை திருட முயற்சிக்கலாம்.",1
"அயோவாவில், ""அவர்கள் 300 க்கும் மேற்பட்டவர்களை மீண்டும் வாக்களிக்க அனுமதித்துள்ளனர்.""",1
"நீங்கள் அங்கு செல்லவில்லை என்றால் ஆஸ்டின் நகரம் ஒரு பேரழிவு என்று கூறுகிறார். ஒரு பெரிய நகரம், இப்போது அமெரிக்காவின் மிகவும் ஆபத்தான நகரங்களில் ஒன்றாகும் மற்றும் நிச்சயமாக டெக்சாஸில் உள்ளது.",1
ஏமாற்றும் ஜனநாயகக் கட்சியினரை ஏமாற்றுவதற்காக டிரம்ப் நிர்வாகம் உத்தியோகபூர்வ வாக்குச்சீட்டில் இரகசிய வாட்டர்மார்க்ஸை வைத்தது.,1
"""USPS தென் புளோரிடாவில் 27% அஞ்சல் வாக்குச் சீட்டுகளை வழங்கத் தவறிவிட்டது""",1
"""பதிவு செய்யப்பட்ட வாக்காளர்களை விட ஏழு மில்வாக்கி வார்டுகள் 2020 ஜனாதிபதி வாக்குகள் அதிகம்.""",1
"ஒரு வீடியோ ""பிளின்ட் மைல் வாக்குச் சீட்டுகளை ஊழியர்கள் அடைப்பதை"" காட்டுகிறது",1
விஸ்கான்சின் வாக்காளர் எண்ணிக்கை 2016 இல் 67% ஆக இருந்து 2020 இல் 89% ஆக உயர்ந்தது.,1
"""விஸ்கான்சின் ஓய்வு எடுத்தது, அவர்கள் திரும்பியபோது, ​​பிடென் தற்செயலாக 100k முன்னோக்கி வந்தார்.""",1
தேர்தல் நாளில் வெள்ளை மாளிகைக்கு முன்னால் உள்ள பாரிய சுவரை புகைப்படம் காட்டுகிறது.,1
“வாக்களிக்க பதிவு செய்தவர்களை விட விஸ்கான்சினில் அதிக வாக்குகள் உள்ளன. … இது மோசடிக்கான நேரடி ஆதாரம்.,1
"""நாங்கள் ஏற்கனவே தேர்தலில் வெற்றி பெற்றுள்ளோம்"".",1
"டெக்சாஸில் ஜோ பிடனின் பிரச்சார பேருந்தை அவரது ஆதரவாளர்கள் ""பாதுகாப்பதாக"" கூறுகிறார்.",1
"ஜோ பிடன் புளோரிடாவில் ஒரு கூட்டத்தில், ""ஹலோ மினசோட்டா!""",1
"ஜேம்ஸ் பிடன் ""கூண்டுகளைக் கட்டினார்"" மற்றும் ""(பிடென்ஸ்) அதிலிருந்து மில்லியன்களை சம்பாதித்தார்.""",1
"""மிஷேல் ஒபாமா பிறந்தது மைக்கேல் லாவோன் ராபின்சன் என்பதும் ஒரு மனிதன் என்பதும் உங்களில் எத்தனை பேருக்குத் தெரியாது?""",1
"கொரோனா வைரஸ் இறப்புகளின் எண்ணிக்கை ""கிட்டத்தட்ட ஒன்றுமில்லை.""",1
"தேர்தல் நாளுக்குப் பிறகு பல வாரங்களுக்கு வாக்குகளை எண்ணுவது ""முற்றிலும் பொருத்தமற்றது, அது எங்கள் சட்டங்களால் என்று நான் நம்பவில்லை.""",1
"நவம்பர் 3, 2020 தேர்தலில் டொனால்ட் டிரம்ப் ""இரண்டு முறை வாக்களித்தார்"" என்று கூறுகிறார்",1
"""அவர்களிடம் 180 மில்லியன் மக்கள் உள்ளனர், அவர் என்ன செய்ய விரும்புகிறார் என்பதன் கீழ் குடும்பங்கள் உள்ளன, இது அடிப்படையில் சமூகமயமாக்கப்பட்ட மருத்துவமாக இருக்கும் - உங்களுக்கு வேறு வழியில்லை - அவர்கள் 180 மில்லியன் திட்டங்களை நிறுத்த விரும்புகிறார்கள்.""",1
"ஜோ பிடனின் பிரச்சார லோகோவில் உள்ள ""3 சிவப்பு கோடுகள்"" சீன சோசலிச முழக்கத்தைக் குறிக்கிறது.",1
செக்ஸ் ஸ்டிங் வீடியோவில் காணப்பட்ட ஒரு மனிதனுக்கு அருகில் ஜோ பிடனை புகைப்படம் காட்டுகிறது.,1
நீங்கள் எந்த வேட்பாளருக்கு வாக்களித்தீர்கள் என்பது எங்களுக்குத் தெரியும்.,1
"ஒருவரின் பெயர் மற்றும் பிறந்த தேதி உங்களுக்குத் தெரிந்தால், ஓரிகானின் வாக்களிக்கும் இணையதளத்தில் அவர்களின் வாக்குகளை மாற்றலாம்.",1
"""தேசத்துரோகம், எதிரியுடன் சதி செய்தல் மற்றும் மோசடி உள்ளிட்ட குற்றங்களுக்காக"" அந்தோனி ஃபாசி குற்றம் சாட்டப்பட்டார் என்று கூறுகிறார்.",1
நான்சி பெலோசி மேன்சன் குடும்பத்துடன் புகைப்படம் எடுத்ததாக கூறுகிறார்.,1
"ஜோ பிடனும் பராக் ஒபாமாவும் ""#SealTeam6 கொலை செய்யப்படுவதற்கான சதித்திட்டத்தில் நேரடியாகப் பங்குபெற்றனர், பின்னர் ஒரு மூடிமறைப்பின் ஒரு பகுதியாக ஒரு பெரிய பண பேரத்தை ஏற்பாடு செய்தனர்.""",1
குழந்தைகளுக்கு தாய்ப்பால் கொடுப்பது குழந்தை துஷ்பிரயோகம் என்று ஏமி கோனி பாரெட் கூறுகிறார்.,1
"""உண்மை என்னவென்றால், நீங்கள் பிடென் திட்டத்தைப் பார்க்கும்போது, ​​​​அதிபர் டிரம்பும் நானும் எங்கள் பணிக்குழுவும் ஒவ்வொரு அடியிலும் என்ன செய்து வருகிறோம் என்பதைப் போன்ற ஒரு மோசமான விஷயங்களை இது படிக்கிறது.""",1
"ஒரு CDC அறிக்கை, ""முகமூடிகளை அணிந்தவர்கள், உண்மையில் தங்கள் முகமூடிகளில் வைரஸை 'சேகரிக்கிறார்கள்' என்று கண்டறிந்துள்ளது.",1
"""ஜெஃப்ரி எப்ஸ்டீன் நியூ மெக்சிகோவில் வசிக்கிறார்!""",1
"""டெம்ஸ் உங்கள் தேவாலயங்களை நிரந்தரமாக மூட விரும்புகிறது. என்ன நடக்கிறது என்பதை நீங்கள் பார்ப்பீர்கள் என்று நம்புகிறேன்.""",1
"ஹேக் செய்யப்பட்ட மின்னஞ்சல்கள் ""குழந்தைகளை பாலியல் கடத்தலில் ஹிலாரி கிளிண்டனும் நண்பர்களும் ஈடுபட்டுள்ளனர் என்பதை வெளிப்படுத்தியது.""",1
"எச்1என்1 நோயால் 14,000 பேர் இறந்ததாக ஜோ பிடன் கூறினார். ""உண்மை சரிபார்ப்பு இது 574,000 ஆகும்.""",1
"ஜோ பிடன் ட்வீட் செய்துள்ளார், “இன்ஸ்டாகிராம் தலைமை நிர்வாக அதிகாரியுடன் @electionleaks பக்கத்தை அகற்ற ஆலோசனை செய்துள்ளேன். இன்றிரவு விவாதத்தில் நான் மறைந்திருந்த இயர்பீஸைப் பயன்படுத்தியதற்கான 'வீடியோ ஆதாரம்' அவர்களிடம் இருப்பதாகக் கூறப்படுகிறது. இது அவதூறு, உண்மையல்ல.”",1
“ஜனாதிபதி டிரம்ப் பெரும் ஆபத்தில் உள்ளார். வால்டர் ரீட் இராணுவ மருத்துவமனையில் அவர் வேண்டுமென்றே கொல்லப்பட்டார் என்பதற்கான ஆதாரங்கள் பெருகி வருகின்றன.,1
"டொனால்ட் டிரம்ப் வால்டர் ரீட் தேசிய இராணுவ மருத்துவ மையத்தில் இல்லை, ""அவர் AF1 இல் இருக்கிறார்"" என்று கூறுகிறார்.",1
டொனால்ட் டிரம்பின் மறுதேர்தல் பிரச்சாரம் கோவிட்-19 இலிருந்து மீண்டு வருவதற்கு நன்கொடை அளிக்குமாறு ஆதரவாளர்களுக்கு மின்னஞ்சல் அனுப்பியதாகக் கூறுகிறார்.,1
"""தி சிம்ப்சன்ஸ்"" இன் எபிசோட் டொனால்ட் டிரம்பை சவப்பெட்டியில் காட்டியது.",1
"""கடந்த வாரம் ஜோ பிடன் 'வெள்ளை சக்தி' அடையாளத்தை பளிச்சிட்டார். ஜனாதிபதி டிரம்ப் நேற்று வெள்ளை மேலாதிக்கவாதிகளை கண்டித்தார். ஏன் ஜோ பிடன் இல்லை?""",1
"""ஒரு பெடரல் நீதிபதி விஸ்கான்சின் அனைத்து வாக்குகளையும் இரவு 8 மணிக்குள் எண்ண வேண்டும் என்று உத்தரவிட்டார். தேர்தல் நாளில்”",1
"ஜோ பிடன் முதல் ஜனாதிபதி விவாதத்தின் போது ""ஒரு கம்பி அணிந்திருந்தார்"" என்று கூறுகிறார்.",1
"""வீட்டில் உள்ள வார்த்தை என்னவென்றால், ஜோ பிடனுக்கு இன்றிரவு விவாதக் கேள்விகள் முன்கூட்டியே கிடைத்தன.""",1
"ஜோ பிடனின் மண்டை ஓட்டில் ஒரு மருத்துவ சாதனம் பொருத்தப்பட்டிருப்பதாகக் கூறுகிறார், அதனால் யாரோ கேள்விகளுக்கு பதில் சொல்வதைக் கேட்க முடியும்.",1
"""மோசமான கணிதம் (இது) விஸ்கான்சினின் வெடிக்கும் நேர்மறை சோதனை விகிதத்தை இயக்குகிறது.""",1
"ஜோ பிடனின் ஒரு கிளிப், டெலிப்ராம்ப்டரிடமிருந்து நேர்காணல் கேள்விக்கான பதிலைப் படிப்பதைக் காட்டுகிறது, ""நான் அந்த வரியை இழந்தேன்.""",1
"ரூத் பேடர் கின்ஸ்பர்க் ட்வீட் செய்துள்ளார், ""ஹிலாரி கிளிண்டன் கைது செய்யப்படுவதற்கு வழிவகுக்கும் தகவல்கள் என்னிடம் உள்ளன.""",1
"கமலா ஹாரிஸ் கூறியதை மேற்கோள் காட்டி, “முதலில் துப்பாக்கியை எடு. இரண்டாவது முறையாகச் செல்லுங்கள், துப்பாக்கிகளை முன்கூட்டியே எடுக்க விரும்புகிறேன்.",1
"அதிபர் டொனால்ட் டிரம்ப் லஃபாயெட் சதுக்கத்தின் வழியாக ஒரு தேவாலயத்திற்கு நடந்து சென்றபோது, ​​அவர் பைபிளை தலைகீழாக வைத்திருந்தார்.",1
"புளோரிடாவில் நடந்த ஒரு நிகழ்வின் போது ஜோ பிடன் N.W.A. இன் ""F--- தா போலீஸ்"" நடித்தார்.",1
"""கெனோஷா கார் டீலர் இன்சூரன்ஸ் கொடுக்காததால் தற்கொலை செய்து கொண்டார்... கலவரங்களால் ஏற்படும் சேதங்கள்.""",1
"ஜோ பிடன் ""முன்பே இருக்கும் நிலைமைகளுக்கு உங்கள் பாதுகாப்பை அழித்துவிடுவார்"" என்று கூறுகிறார்.",1
"""நியூயார்க்கில் மிகப்பெரிய மோசடி நடந்தது""",1
"""ஓஹியோ கோவிட்-19 ஃபெமா முகாம்களை அமைப்பதால் மாணவர்கள் ஒரே இரவில் பெற்றோரிடமிருந்து விலக்கி வைக்கப்படலாம் என்று CDC அறிவிக்கிறது.""",1
ஜனாதிபதி டிரம்ப் கொலின் கேபர்னிக்கைப் பற்றி EA ஸ்போர்ட்ஸுக்கு ஒரு சண்டையிடும் ட்வீட்டைப் பதிவிட்டதாகக் கூறுகிறார்.,1
"“சிடிசி ‘கோவிட்-19 தொற்றுநோயை’ அகற்றி, அதற்குப் பதிலாக ‘கோவிட்-19 வெடிப்பு’ என்று தங்கள் இணையதளத்தில் வைத்துள்ளது. இது ஒருபோதும் ஒரு தொற்றுநோய் அல்ல. ”",1
"ஜனாதிபதி டொனால்ட் டிரம்ப் ""ஒருபோதும் வைரஸை குறைத்து மதிப்பிடவில்லை"" என்று கூறுகிறார்.",1
கமலா ஹாரிஸால் வி.பி.யாக முடியாது. ஏனென்றால் அவள் ஒரு குற்றவாளி. CA இல் துப்பாக்கி வாங்க அவள் விண்ணப்பித்ததில் அவள் பொய் சொன்னாள்.,1
"""தற்போதைய தபால் அலுவலகம், இந்த ஆண்டு, சுமார் $12 பில்லியன் உபரியுடன் செயல்படுகிறது.""",1
"""ஜான் (மெக்கெய்னை) நான் ஒருபோதும் தோல்வியுற்றவர் என்று அழைத்ததில்லை.""",1
"""உண்மையில் 6% மக்கள் மட்டுமே கோவிட் நோயால் இறந்துள்ளனர்."" மற்றவர்கள் ""வேறு காரணங்களால் இறந்தனர்.""",1
"""ஜனாதிபதி ட்ரம்ப் வெற்றி பெற்றால் பதவி விலகுவேன் என்று பெலோசி கூறுகிறார்!!""",1
"""பெடோபிலியா இப்போது கலிஃபோர்னியாவில் சட்டப்பூர்வமாக உள்ளது. இப்போது 21 வயதுடையவர் 11 வயதுடைய ஒருவருடன் உடலுறவு கொள்ளலாம், மேலும் பாலியல் குற்றவாளியாக பாலின பதிவேட்டில் பட்டியலிடப்படக்கூடாது.""",1
"""தேசிய காவல்படையை செயல்படுத்தி கெனோஷா, விஸ்கான்சினுக்குச் செல்ல வேண்டும் என்று நான் வலியுறுத்தவில்லை என்றால், இப்போது கெனோஷா இல்லை.""",1
"கலிஃபோர்னியா வாக்காளர்கள் வாக்களிக்க நேரில் வாக்களிக்கச் செல்லும் போது, ​​அவர்கள் வாக்களிக்கும் விருப்பத்தை ""வாக்களிக்க வேண்டாம்"" என மாற்றும் வரை, ""திருப்பப்பட்டு வாக்களிக்க முடியாது"".",1
"ஆடி பார்கன் ஜோ பிடனிடம், ""காவல்துறைக்கு சில நிதியை திருப்பி விடலாம் என்பதை நாங்கள் ஒப்புக்கொள்கிறோமா?""",1
ஜோ பிடன் ஒரு தொலைக்காட்சி நேர்காணலின் போது தூங்கி குறட்டை விட்டதாக கூறுகிறார்.,1
"CDC ""US கோவிட் இறப்புகளை 153,504 இலிருந்து 9,210 ஆக சரிசெய்தது.""",1
"""நீங்கள் அஞ்சல் மூலம் வாக்களித்தால், உங்கள் தனிப்பட்ட தகவல்கள் பொது தரவுத்தளத்தின் ஒரு பகுதியாக இருக்கும், இது பழைய வாரண்டுகளைக் கண்டறிய காவல் துறைகளால் பயன்படுத்தப்படும் மற்றும் நிலுவையில் உள்ள கடனை வசூலிக்க கிரெடிட் கார்டு நிறுவனங்களால் பயன்படுத்தப்படும். கட்டாய தடுப்பூசிகளுக்காக மக்களைக் கண்காணிக்க மெயில்-இன் வாக்களிப்பிற்கான பதிவுகளைப் பயன்படுத்த CDC அழுத்தம் கொடுக்கிறது.",1
"மார்க் கெல்லி ""பொலிஸைத் திரும்பப் பெற"" விரும்புகிறார் என்று கூறுகிறார்.",1
"ஜோ பிடன் ""ஸ்க்ராண்டனைக் கைவிட்டார்"" என்று கூறுகிறார்.",1
"ஜில் பிடன் கூறுகிறார், ""நாங்கள் வெற்றிபெறும் போது அனைத்து அமெரிக்கர்களும் ஸ்பானிஷ் மொழியைக் கற்க வேண்டும்""",1
நான்சி பெலோசி தனது கணவரின் நிறுவனத்திற்கு 9 பில்லியன் டாலர் ஒப்பந்தத்தை வழங்கும் மசோதாவை நிறைவேற்றினார்.,1
"ஜோ பிடனின் ஜனநாயக தேசிய மாநாட்டு உரை ""பிரிவுகளில் பதிவு செய்யப்பட வேண்டும், மற்றும் பகுதிகளை ஒன்றாக திருத்த வேண்டும்"" என்று கூறுகிறார்.",1
"""எனவே இது அவர்கள் தேர்தலை திருட முயற்சிக்கும் ஒரு வழியாகும், அது அனைவருக்கும் தெரியும். ஏனென்றால், அவர்கள் வெற்றிபெறப் போகும் ஒரே வழி மோசடியான தேர்தல்தான்.",1
"மிச்சிகனில் ஆகஸ்ட் 4 ஆம் தேதி நடந்த முதன்மை வாக்குகளில் ""8% வாக்குகள்"", 864 அஞ்சல் வாக்குகள் இறந்த வாக்காளர்களிடமிருந்து வந்தவை. ""இங்கே பார்க்க எதுவும் இல்லை!!!""",1
"டொனால்ட் ட்ரம்பைக் கட்டமைக்க அரசாங்க அதிகாரிகளால் பணியமர்த்தப்பட்ட ஒப்பந்தக்காரர்கள் ""பிரதான ஊடகங்களில் போலிச் செய்திகளுக்குப் பின்னால்"" மற்றும் சமீபத்திய எதிர்ப்புகள்.",1
"அந்தோனி ஃபாசி, பில் கேட்ஸ், ஜார்ஜ் சொரோஸ் மற்றும் ஜெஃப்ரி எப்ஸ்டீன் ஆகியோர் மாடர்னா, இன்க். மற்றும் கொரோனா வைரஸ் தடுப்பூசியை உருவாக்கும் முயற்சிகளுடன் இணைந்துள்ளனர்.",1
ஜோ பிடன் ஒரு பெடோஃபைல் என்று சொல்லுங்கள்.,1
ஜோ பிடன் ஜெஃப்ரி எப்ஸ்டீனுக்கு அடுத்ததாக ஒரு தனியார் தீவு வைத்திருப்பதாக கூறுகிறார்.,1
"""பெய்ரூட் வெடிப்பின் குற்றவாளியாக (sic) சாம் ஹைட் அடையாளம் காணப்பட்டார்"" என்று கூறுங்கள்",1
பிளாக் லைவ்ஸ் மேட்டர் பற்றி பப்பா வாட்சன் ஒரு வைரல் பேஸ்புக் பதிவை எழுதினார்.,1
ஜெஃப்ரி எப்ஸ்டீனின் விமானப் பதிவுகளில் டாம் ஹாங்க்ஸின் பெயர் இருப்பதாகக் கூறுகிறார்.,1
"""COVID-19 தொற்றுநோய்களின் போது நீங்கள் பணிபுரிந்திருந்தால், தொழிலாளர் துறை இறுதியாக தகுதிவாய்ந்த அத்தியாவசிய தொழிலாளர்களுக்கு $4,800 வரை அபாய ஊதியத்தை அங்கீகரித்துள்ளது.""",1
"லாஸ் ஏஞ்சல்ஸ் டைம்ஸின் கூற்றுப்படி, ""லாஸ் ஏஞ்சல்ஸில் கொலைக்கான வாரண்டுகளில் 95% சட்டவிரோத வெளிநாட்டினருக்கானவை"", லாஸ் ஏஞ்சல்ஸ் கவுண்டியில் உள்ள அனைத்து பிறப்புகளில் மூன்றில் இரண்டு பங்கு ""சட்டவிரோத அன்னிய மெக்சிகன்களுக்கு"" மருத்துவ உதவி, ""கிட்டத்தட்ட 60 HUD சொத்துக்களில் வசிப்பவர்களில் % பேர் சட்டவிரோதமானவர்கள்,"" மற்றும் நான்சி பெலோசி ஓய்வூதிய நிதி லாபத்தின் மீது ""விடுமுறை வரி விதிக்க விரும்புகிறார்"".",1
மார்க் ஜுக்கர்பெர்க்கின் உண்மையான பெயர் ஜேக்கப் க்ரீன்பெர்க் என்றும் அவர் கோடீஸ்வரரான டேவிட் ராக்பெல்லரின் பேரன் என்றும் கூறுகிறார்.,1
"""எனது அணியில் யாராவது மண்டியிட்டால், நான் வெளியேறுகிறேன்"" என்று டாம் பிராடி மேற்கோள் காட்டினார்.",1
"டாம் ஹாங்க்ஸ் ""பெடோபிலியாவுக்காக ஆஸ்திரேலியாவில் கைது செய்யப்பட்டார்"" என்று கூறுகிறார்.",1
"""எப்.பி.ஐ படி, ஆண்டிஃபா பயங்கரவாத அமைப்பின் முதல் ஆக்கிரமிப்பு ஆசிரியர்கள்.""",1
"""கேரேஜ் ஃப்ரீசரில் உள்ள 12 வெள்ளை பெண் உடல்கள் 'பிளாக் லைவ்ஸ் மேட்டர்' எனக் குறிக்கப்பட்டுள்ளன.",1
"FBI ""ஆடம் ஷிஃப் மற்றும் ஜெஃப்ரி எப்ஸ்டீன் இடையே 256 உரைகளை"" கண்டுபிடித்தது",1
"புகைப்படம் ""லின் ரோத்ஸ்சைல்ட் மற்றும் அவர் சாப்பிடும் குழந்தைகளின் அலங்காரத்தை"" காட்டுகிறது.",1
தெற்கு டகோட்டா கலிபோர்னியாவுடனான தனது எல்லையை மூட வேண்டும் என்று அதிபர் டொனால்ட் டிரம்ப் ட்வீட் செய்துள்ளார்.,1
"ஜோ பிடன்-பெர்னி சாண்டர்ஸ் ""ஒற்றுமை"" கொள்கை ஆவணம், ""அவர்கள் எங்கள் காவல் துறைகளை ஒழிக்க விரும்புகிறார்கள். அவர்கள் எங்கள் சிறைகளை ஒழிக்க விரும்புகிறார்கள், நான் நினைக்கிறேன்.",1
"""உங்கள் இரண்டாவது தூண்டுதல் சோதனையைப் பெற நீங்கள் விண்ணப்பிக்க வேண்டும்! நான் ஏற்கனவே என்னுடையதைத் தாக்கல் செய்துவிட்டேன், மேலும் ஆண்டு முழுவதும் ஒரு மாதத்திற்கு $2,000 பெறுவேன்.",1
0.02% குழந்தைகள் மீண்டும் பள்ளிக்குச் செல்லும்போது இறக்க வாய்ப்புள்ளது என்று பெட்ஸி டெவோஸ் கூறுகிறார்.,1
"FEMA அத்தியாவசியத் தொழிலாளர்களுக்கு $1,000 தருவதாகக் கூறுகிறது.",1
"காசநோய், ஹெபடைடிஸ் பி மற்றும் பிற நோய்களால் தினசரி ஆயிரக்கணக்கான மக்கள் இறந்தாலும், உலகப் பொருளாதாரத்தை சரி செய்ய ஒரு நாளைக்கு 56 கொரோனா வைரஸ் இறப்புகள் மட்டுமே போதுமானது.",1
"""ஹிலாரி கிளிண்டன் விசாரணையில் உள்ளார், அவர் (கருத்து) ஒரு 10 வயது சிறுமியைக் கொன்றார்"".",1
ஜனநாயகக் கட்சித் தலைவர்கள் முகமூடிகளை அணியவில்லை அல்லது தனிப்பட்ட முறையில் சமூக விலகலைக் கடைப்பிடிக்கவில்லை என்று கூறுகிறார்,1
"""COVID-19 சோதனைக்கு அவர்கள் 'மாதிரியைப் பெறுகிறார்கள்' அந்த இடம் உங்கள் இரத்த-மூளை தடை என்று அழைக்கப்படுகிறது.""",1
"""COVID19 PCR சோதனைகள் அறிவியல் ரீதியாக அர்த்தமற்றவை.""",1
டெய்லர் ஸ்விஃப்ட் லிபர்ட்டி சிலையை அகற்ற விரும்புவதாக கூறுகிறார்,1
"ஜான் எல்வே என்எப்எல் வீரர்களிடம் ""என் மைதானத்தில் மண்டியிடுங்கள், நீங்கள் அந்த இடத்திலேயே நீக்கப்பட்டீர்கள்"" என்று கூறுகிறார்.",1
கர்ட் ரஸ்ஸல் மற்றும் கோல்டி ஹான் ஆகியோர் டி-ஷர்ட் அணிந்து டிரம்பை ஆதரிப்பதாகக் கூறுங்கள்,1
"கவர்னர் டோனி எவர்ஸ் ""கேபிடல் கட்டிடத்தில் இருந்து அமெரிக்கக் கொடியை அகற்றினார்"" என்கிறார்",1
"""குடிபோதையில்"" நான்சி பெலோசி ""குடியரசுக் கட்சியினரை திட்டியதற்காக ஹவுஸ் மாடியில் இருந்து நீக்கப்பட்டார்.""",1
"ஜார்ஜ் ஃபிலாய்ட் ""ஒரே ஷாட்டில் முடியுடன் இருக்கிறார், ஆனால் அவர் தரையில் கிடக்கும் காட்சிகளில் வழுக்கையாக இருக்கிறார்"" என்று கூறுகிறார்.",1
"""டிசி போராட்டத்தில் அமெரிக்க கொடியை எரித்த ஒபாமாவின் மகள்கள் கேமராவில் சிக்கியுள்ளனர்.""",1
ஓட்டுநர் பப்பா வாலஸ் தனது கேரேஜ் ஸ்டாலில் ஒரு பாம்பு வாகன பெல்ட்டைத் தவறாகக் கருதியதாக NASCAR அறிவித்தது.,1
சிஎன்என் ஒரு குறுநடை போடும் குழந்தை மற்றொரு குறுநடை போடும் குழந்தையிடம் இருந்து ஓடும் வீடியோவை “பயங்கொண்ட குறுநடை போடும் குழந்தை இனவெறிக் குழந்தையிலிருந்து ஓடுகிறது” மற்றும் “இனவெறிக் குழந்தை ஒருவேளை டிரம்பிற்கு வாக்களித்திருக்கலாம்” என்ற தலைப்புகளில் ஒளிபரப்பியது.,1
"ஜூன் 19 அன்று அவர் ஒரு பேரணியைத் திட்டமிடுவதற்கு முன், ஜூனேடீனைப் பற்றி யாரும் கேள்விப்பட்டதில்லை.",1
"""குழந்தை கடத்தல் குற்றங்கள் காரணமாக"" இந்த ""உயரடுக்கு"" நபர்கள் கணுக்கால் கண்காணிப்பாளர்களுடன் வீட்டுக் காவலில் உள்ளனர் என்று கூறுகிறார்.",1
"""163 ஊதியம் பெற்ற போராட்டக்காரர்கள் ஜார்ஜ் சொரஸுக்கு எதிராக ஜாமீன் செலுத்தாததற்காக வழக்குத் தொடர்ந்தனர்.""",1
"NASCAR ""கூட்டமைப்புக் கொடியை தடை செய்கிறது, ஆனால் அவர்களின் ஓட்டுனர்கள் அனைவரையும் முஸ்லீம் பிரார்த்தனை செய்ய கட்டாயப்படுத்துகிறது"" என்று கூறுகிறது.",1
"""நாங்கள் இப்போது சோதனை செய்வதை நிறுத்தினால், எங்களிடம் ஏதேனும் வழக்குகள் இருந்தால் மிகக் குறைவு.""",1
மேரிலாந்து மாநிலம் இந்த சுதந்திர தின 2020 பாதுகாப்பு வழிகாட்டுதல்களை வழங்கியதாக கூறுகிறது.,1
"""நேற்று இரவு சியாட்டிலில் எதிர்ப்பாளர் மீது ஓட்டிச் சென்ற நபரின் புகைப்படத்தை சிஎன்என் ஒளிரச் செய்தது.""",1
"322 மற்றும் கோவிட்-19 ஆகியவற்றைக் குறிப்பிடும் செய்திகள் ""ஒத்திசைக்கப்படுகின்றன"" என்பதற்கான ஆதாரம் என்று கூறுகிறது",1
"""N95 முகமூடிகள் சிலவற்றைத் தடுக்கின்றன, ஏதேனும் இருந்தால்"" அவற்றின் அளவு காரணமாக COVID-19 துகள்கள்.",1
"""மிச்சிகனின் பெண் கவர்னர் ஜார்ஜ் சொரோஸின் மருமகள் என்பது உங்களில் எத்தனை பேருக்குத் தெரியும்?""",1
"ஒரு கூட்டத்தை அழிக்க ""ரசாயன எரிச்சலூட்டும் பொருட்கள் இல்லை"". மிளகு உருண்டைகள் ""ரசாயன எரிச்சல் அல்ல.""",1
"முன்னாள் பாதுகாப்பு செயலாளர் ஜேம்ஸ் மேட்டிஸுக்கு ""பைத்தியக்கார நாய்"" என்ற புனைப்பெயரை வழங்கியவர் அவர் என்று கூறுகிறார்.",1
"மிச்சிகனில் காணப்பட்ட ‘சொரோஸ் கலவர நடனக் குழு’ என்று குறிக்கப்பட்ட வெள்ளைப் பேருந்துகள்: இது அதிகாரப்பூர்வமானது, கலவரங்கள் அரங்கேற்றப்பட்டன.”",1
"""ஒரு கலகக்காரர் தற்செயலாக கைவிடப்பட்டார்"" என்று விரிவான வழிமுறைகளுடன் கலவர கையேட்டைக் கூறுகிறார்.",1
"ஜார்ஜ் ஃபிலாய்டின் குடும்பத்தினருடன் பேசியதாக ட்வீட் செய்த ஜனாதிபதி டிரம்ப், அவரிடமிருந்து கேட்டதற்கு அவர்கள் ""கௌரவம்"" என்று கூறினார்.",1
ஜார்ஜ் ஃபிலாய்டைக் கொன்றதாக குற்றம் சாட்டப்பட்ட முன்னாள் மினியாபோலிஸ் அதிகாரி சிறை அறையில் தற்கொலை செய்து கொண்டதாக கூறுகிறார்.,1
"வெள்ளை மாளிகைக்கு வெளியே நடந்த போராட்டங்களின் போது, ​​மேயர் முரியல் பவுசர் ""டி.சி. பொலிஸை ஈடுபடுத்த அனுமதிக்க மாட்டார்.""",1
"ஜார்ஜ் ஃபிலாய்டின் மரணம் ஒரு ""மேடை நிகழ்வு"".",1
"டிரம்பின் ட்வீட்டில் உண்மை சரிபார்ப்பு லேபிளைச் சேர்ப்பதன் மூலம் ""ட்விட்டர் இலவசப் பேச்சை முற்றிலும் முடக்குகிறது"".",1
காய்ச்சல் இந்த ஆண்டு எந்த அமெரிக்கர்களையும் கொல்லவில்லை.,1
"""[எங்களுக்கு. சபாநாயகர் பதவிக்கு [நான்சி பெலோசிக்கு] வாக்களிக்க மாட்டேன் என்று பிரதிநிதி கோனார் லாம்ப் கூறினார், மேலும் செய்தார்.",1
"கலிஃபோர்னியா கவர்னர் கவின் நியூசோம் ""மில்லியன் கணக்கான மக்களுக்கு வாக்குச் சீட்டுகளை அனுப்புகிறார், மாநிலத்தில் வசிக்கும் எவரும், அவர்கள் யாராக இருந்தாலும் அல்லது அவர்கள் எப்படி அங்கு வந்தாலும், ஒரு வாக்குச் சீட்டைப் பெறுவார்கள்"" மற்றும் தேர்தல் ""மோசடியானது.""",1
"ஜோ ஸ்கார்பரோவின் ஊழியர் ஒருவர் 2001 இல் இறந்தது பற்றி ""பல பதில் அளிக்கப்படாத மற்றும் வெளிப்படையான கேள்விகள்"" உள்ளன.",1
"1952 ஆம் ஆண்டு ""முஸ்லிம் சட்டத்தை சட்டவிரோதமாக்கும்"" சட்டத்தில் டிரம்ப் மீண்டும் கையெழுத்திட்டார்",1
"""ஹவுஸ் டெமாக்ராட்கள் இன்று தங்கள் $3 டிரில்லியன் பிணை எடுப்பு மசோதாவில் ஒரு விதியை பதுக்கி வைத்தனர், அது ஜூலை 21 வரை வீட்டை இடைவேளையில் வைத்திருக்கும்.""",1
"""முரட்டு"" மிச்சிகன் அதிகாரி 7.7 மில்லியன் மக்களுக்கு ""சட்டவிரோதமாக மற்றும் அங்கீகாரம் இல்லாமல்"" முதன்மை மற்றும் பொதுத் தேர்தலுக்கு முன்னதாக வராத வாக்குகளை அனுப்பினார்.",1
"எல் சாப்போ ஜனநாயகக் கட்சியினருக்குப் பெயரிடத் தொடங்கியபோது ""ஃபெட்ஸ் நீதிமன்ற அறையை மூடியது"" என்று கூறுகிறார்.",1
"கவர்னர் டோனி எவர்ஸ் கூறுகிறார், ""ஒரு புதிய திட்டத்தை முன்மொழிகிறார், மாநிலத்தின் 150 நாட்கள் பணிநிறுத்தம் (5 மாதங்கள்!) அதைத் தொடர்ந்து 120 நாட்கள் நீட்டிப்பு.""",1
"பிரேத பரிசோதனைகள் கோவிட்-19 ஒரு இரத்த உறைவு என்பதை நிரூபிக்கின்றன, நிமோனியா அல்ல, மேலும் நுண்ணுயிர் எதிர்ப்பிகளுடன் போராட வேண்டும், மேலும் உலகம் முழுவதும் ""என்று அழைக்கப்படும்"" தொற்றுநோய்க்கு சிகிச்சையளிப்பதில் தவறு உள்ளது.",1
"""பில் கேட்ஸ் தனது COVID-19 தடுப்பூசி கிட்டத்தட்ட 1 மில்லியன் மக்களைக் கொல்லக்கூடும் என்று ஒப்புக்கொள்கிறார்.""",1
"""கிளிண்டன் அறக்கட்டளை ஆய்வாளர் கென்னத் மெக்கார்மிக் இறந்து கிடந்தார்.""",1
"""தெளிவாக, ஒபாமா நிர்வாகம் இதுபோன்ற ஏதாவது ஒரு விளையாட்டுத் திட்டத்தை விட்டுவிடவில்லை.""",1
"""சமூக பாதுகாப்பைக் காப்பாற்ற ஜனநாயகக் கட்சியினர் மூத்தவர்களை கருணைக்கொலை செய்யும் மசோதாவை அறிமுகப்படுத்துகின்றனர்.""",1
ஒரு பொருளாதாரப் பேராசிரியை தனது மாணவர்களுக்கு சோசலிசத்தைப் பற்றி “கிரேடுகளை சமூகமயமாக்கி” அனைத்திலும் தோல்வியுற்றார்.,1
"1866 ஆம் ஆண்டு உச்ச நீதிமன்ற தீர்ப்பின் கீழ், வீட்டிலேயே தங்குவதற்கான உத்தரவுகள் சட்டவிரோதமானது மற்றும் தண்டனையின்றி புறக்கணிக்கப்படலாம்",1
"இளைஞர்கள் ""COVID-19 ஐ விட HPV தடுப்பூசியால் கொல்லப்படுவதற்கான வாய்ப்புகள் அதிகம்.""",1
"""விஸ்கான்சினைட்ஸ் வாக்களிப்பிற்கு நன்றி, கோவிட் வழக்குகளில் ஒரு கொடிய எழுச்சி இருப்பதாக முக்கிய ஊடகங்கள் பாசாங்கு செய்தன.""",1
சென்ட்ரல் பார்க் மருத்துவமனை கூடாரங்களில் நிலத்தடி சிறையிலிருந்து விடுவிக்கப்பட்ட துஷ்பிரயோகம் செய்யப்பட்ட ஆயிரக்கணக்கான குழந்தைகள் இருந்தனர்.,1
3 நாடுகளில் ஒரே சிறுவன் கொரோனா வைரஸால் 3 முறை இறந்ததாக ஊடகங்கள் செய்தி வெளியிட்டுள்ளன.,1
வீடற்றவர்கள் கோவிட்-19-ல் இருந்து நோய் எதிர்ப்பு சக்தி கொண்டவர்கள்,1
"ஜனாதிபதி பராக் ஒபாமா ""மருத்துவ உபகரண வரி மசோதாவில் கையெழுத்திட்டார், இது வரியைத் தவிர்க்க சீனா, ஐரோப்பா மற்றும் ரஷ்யாவிற்கு முகமூடிகள், கவுன்கள், கையுறைகள் மற்றும் வென்டிலர்கள் உற்பத்தியை அவுட்சோர்ஸ் செய்ய நிறுவனங்களை கட்டாயப்படுத்தியது.""",1
"""பீலோசி HOAX தோல்வியடைந்த 6 நாட்களுக்குப் பிறகு (வுஹான்) சீனாவில் இருந்தார்.""",1
ஜோ பிடன் தனது நாக்கைத் தள்ளுவதை வீடியோ ஒன்று காட்டுகிறது.,1
"""ஒவ்வொரு நாட்டையும் விட அதிகமாக நாங்கள் சோதித்துள்ளோம்.""",1
"""அரசியலமைப்புச் சட்டத்தின்படி வாழ்வதற்கான நேரம் இதுவல்ல, அந்த மோசமான விஷயத்தை துண்டாட வேண்டிய நேரம் இது"" என்று கவர்னர் கிரெட்சன் விட்மர் கூறுகிறார்.",1
"Alexandria Ocasio-Cortez ட்ரம்பை இயேசுவோடு ஒப்பிட்டு, இருவரையும் ""கான் கலைஞர்கள்"" என்று அழைத்தார்.",1
"""ஜே.எஃப்.கே ஜூனியரைக் கடத்தும் சதித்திட்டத்தில் ஜோ பிடன் ஈடுபட்டு, இப்போது வெளியிடப்பட்ட FBI கோப்புகளின்படி, மேலும் பல அச்சுறுத்தல்களையும் விடுத்தார்.""",1
"கொரோனா வைரஸ் நிவாரண மசோதா மூன்று ஆண்டுகளுக்கு முன்பே அறிமுகப்படுத்தப்பட்டதால், அரசாங்கம் கொரோனா வைரஸ் தொற்றுநோயைத் திட்டமிட்டிருக்க வேண்டும்.",1
"""வீட்டில் தங்குவதற்கான உத்தரவை மீறும் மக்கள் அரிசோனா கடற்கரைகளை நிரப்புகிறார்கள்.""",1
கொரோனா வைரஸ் சீன அரசாங்கத்தால் உயிரி ஆயுதமாக உருவாக்கப்பட்டது என்று பில் ஓ'ரெய்லி ஒரு இடுகையை எழுதினார்.,1
வீட்டில் தங்கும் போராட்டத்தின் செய்திப் புகைப்படம் கூட்டமைப்புக் கொடியைச் சேர்ப்பதற்காகப் பயன்படுத்தப்பட்டது.,1
COVID-19 தொற்றுநோய்களின் போது வால்மார்ட் வயதுக்குட்பட்ட ஷாப்பிங் அட்டவணையை ஏற்றுக்கொள்கிறது.,1
"நான்சி பெலோசி சமூக பாதுகாப்பு பெறுபவர்களை ""லீச்ச்கள்"" மற்றும் ""சமூகத்தில் சுமைகள்"" என்று அழைத்தார்.",1
"COVID-19 தொற்றுநோய்க்கு மத்தியில் மாநிலங்களை மீண்டும் திறக்க ஜனாதிபதியாக தனக்கு ""மொத்த"" அதிகாரம் இருப்பதாக கூறுகிறார்.",1
உங்கள் தூண்டுதல் சோதனையின் நிலையைக் கண்காணிக்க 800 எண்ணை நீங்கள் அழைக்கலாம்.,1
"கவர்னர் ஆண்ட்ரூ கியூமோ “உங்கள் அதிகப்படியான 20 சதவீதத்தை, நீங்கள் பயன்படுத்தாத வென்டிலேட்டர்களை, மாநிலத்தின் பிற பகுதிகளில் உள்ள மக்களுக்கு தன்னார்வ அடிப்படையில் உதவ முடிந்தால், அது மிகவும் நன்றாக இருக்கும் என்று கூறிக்கொண்டிருந்தார். நிச்சயமாக, அதற்கு ஒரு எதிர்வினை இருந்தது, அது நேர்மறையானது அல்ல.""",1
"சில இளைஞர்கள் “அனைத்து வகையான இயற்கைக்கு மாறான செயல்களையும் தங்கள் பாலின உறுப்புகளால் செய்கிறார்கள் என்று தொலைத்தொடர்பாளர் பாட் ராபர்ட்சன் கூறுகிறார். மக்கள் அதைச் செய்யும்போது, ​​​​அவர்கள் பெண்களின் அந்தரங்க பாகங்களிலிருந்து அனைத்து வகையான இரசாயனங்களையும் மாற்றுகிறார்கள், அங்குதான் (கொரோனா) வைரஸ் வந்தது என்று நான் நினைக்கிறேன்.",1
“அதே சிறுவன் மூன்று வெவ்வேறு நாடுகளில் COVID-19 நோயால் இறந்தான். ஊடகங்கள் # போலிச் செய்திகள் என்று இன்னும் நம்பவில்லையா?,1
"""இந்த குறிப்பிட்ட தொற்றுநோய் நாடு முழுவதும் நான் நினைக்காத ஒன்றாகும், 25 வயதிற்குட்பட்ட ஒரு மரணம் உள்ளது.""",1
"ஒரு தூள் உருவாக்கப்பட்டுள்ளது என்று கூறுகிறார், தண்ணீரில் கலக்கும்போது, ​​​​""ஜெர்மனியில் ஒரு மூடுபனியாக பயன்படுத்தப்படுகிறது. சுகாதாரப் பணியாளர்கள் ஒரு மூடுபனி கூடாரம் வழியாக மருத்துவமனைக்குச் செல்கிறார்கள், அது கொரோனா வைரஸை முழுமையாகக் கொன்றுவிடுகிறது, ஆனால் அடுத்த 14 நாட்களில் எந்த நேரத்திலும் வைரஸ் தெளிக்கப்பட்ட எதையும் தொட்டால், அது கொல்லப்படும்.",1
"“வட கரோலினா & வர்ஜீனியா மாநிலப் பாதை மூடப்பட்டுள்ளது. உள்ளேயும் வெளியேயும் எதுவும் இல்லை.""",1
"""நான் (உச்ச நீதிமன்ற நீதிபதி டேனியல் கெல்லி) ஒப்புதல் அளித்தவுடன், விஸ்கான்சின் ஜனநாயகக் கட்சியினர், தேர்தலை இரண்டு மாதங்களுக்குப் பிறகு மாற்றுவோம் என்றார்கள்.""",1
ஜோ பிடன் விஸ்கான்சின் பேரணியில் ஒரு வயதான பெண்ணின் வாயில் துப்பாக்கியை மாட்டியதாக கூறுகிறார்,1
"""இப்போது, ​​அவர்கள் விமான நிறுவனங்களில் சோதனைகளை செய்கிறார்கள் - மிகவும் வலுவான சோதனைகள் - ஏறுவதற்கும் இறங்குவதற்கும். அவர்கள் ரயில்களில் சோதனை செய்கிறார்கள் - ஏறுவது, இறங்குவது.""",1
"டொனால்ட் டிரம்பை ""ராஜினாமா செய்ய வேண்டும் அல்லது நாங்கள் மீண்டும் விளையாட மாட்டோம்"" என்று NBA கூறுகிறது.",1
"பணிநீக்கம் செய்யப்பட்ட இன்ஸ்பெக்டர் ஜெனரல் மைக்கேல் அட்கின்சன் காங்கிரசுக்கு ""பயங்கரமான, துல்லியமற்ற விசில்ப்ளோவர் அறிக்கையை"" கொண்டு வந்தார்.",1
"""H1N1 அல்லது Ebola உடன் ஒப்பிடும்போது எண்ணிக்கைகள் ஒன்றும் இல்லை என்றாலும், கொரோனா வைரஸ் பரவுவதைத் தடுக்க அரசாங்கம் வணிகங்களை மூடுகிறது. எங்கள் அரசாங்கம் ஏதோவொன்றில் உள்ளது என்பதை அனைவரும் உணர வேண்டும்...""",1
"துணைக் கட்டுப்பாட்டாளர் அய்ச்சா சாவா, ""எங்கள் குழந்தைகளை ஆபத்தில் ஆழ்த்தியது"" மற்றும் குற்றவியல் விசாரணையைத் தூண்டிய மில்வாக்கி முன்னணி திட்டத்தின் ""தணிக்கையைத் தடுத்தார்"" என்று கூறுகிறார்.",1
"உங்கள் இயக்கத்தைக் கண்காணிப்பதற்கான சிப்பை உள்ளடக்கிய ""ஆன்டிவைரஸ்"" ஒன்றை அமெரிக்கா உருவாக்கி வருவதாகக் கூறுகிறது.",1
"""3,000 க்கும் மேற்பட்ட கொரோனா வைரஸ் நோயாளிகளை வேண்டுமென்றே கொன்றதற்காக"" ஒரு மருத்துவரை இத்தாலி கைது செய்ததாக கூறுகிறது.",1
"ஒரு விஞ்ஞானி ""கரோனா வைரஸைக் குணப்படுத்துவதற்கான தடுப்பூசியைக் கண்டுபிடித்தார்"" என்று ஜனாதிபதி டொனால்ட் டிரம்ப் அறிவிப்பார் என்று கூறுகிறார்.",1
"இத்தாலிய பிரதமர் Giuseppe Conte கூறுகிறார், “நாங்கள் கட்டுப்பாட்டை இழந்துவிட்டோம், தொற்றுநோயை உடல் ரீதியாகவும் மன ரீதியாகவும் கொன்றுள்ளோம். இன்னும் என்ன செய்ய முடியும் என்று புரியவில்லை, எல்லா தீர்வுகளும் தரையில் தீர்ந்துவிட்டன. எங்கள் ஒரே நம்பிக்கை வானத்தில் உள்ளது, கடவுள் உங்கள் மக்களைக் காப்பாற்றுவார்.",1
மாணவர்கள் அடுத்த ஆண்டு அதே தரத்தை மீண்டும் செய்ய வேண்டும் என்று கூறுகிறார்.,1
"கோவிட்-19க்கான ""உடைந்த சோதனையை நாங்கள் பெற்றுள்ளோம்"".",1
"கொரோனா வைரஸ் உதவி, நிவாரணம் மற்றும் பொருளாதார பாதுகாப்பு சட்டம் காங்கிரஸ் உறுப்பினர்களுக்கு ஊதிய உயர்வை அளிக்கிறது என்று கூறுகிறது.",1
"ஆளுநர்கள் கோரும் சில மருத்துவ உபகரணங்களுக்கு ""நான் அப்படிச் சொல்லவில்லை"", அவர்களுக்கு உண்மையில் தேவையில்லை.",1
"1999 ஆம் ஆண்டு பாலியல் வன்கொடுமை வழக்கில் ஒரு மேடிசன் மனிதனை ஒரு வழக்கறிஞராக ""எளிதாகச் சென்றார்"" என்று ஜில் கரோஃப்ஸ்கி கூறுகிறார்",1
"""சில ஆரஞ்சு பழத்தோல்களுடன் கூடிய குடைமிளகாயை வேகவைத்து, அதில் பானையின் மேல் நின்று நீராவியை சுவாசிக்கவும், அதனால் அந்த சளி அனைத்தும் யோ நாசியில் இருந்து வெளியேறும்... வைரஸ் வாழும் இடத்தில் சளி தான் பிரச்சனை!!!""",1
"ஆளுநர் டோனி எவர்ஸ் ""துப்பாக்கி பறிமுதல் உத்தரவைத் தள்ளுகிறார்"" என்கிறார்",1
இந்த தொற்றுநோய் வெடிப்பின் போது மக்கள் வீட்டிற்குள் தங்குவதை உறுதி செய்வதற்காக ரஷ்யா தனது தெருக்களில் 500 க்கும் மேற்பட்ட சிங்கங்களை கட்டவிழ்த்துவிட்டதாக கூறுகிறது.,1
"ஜோ பிடன் மேற்கோள் காட்டுகையில், ""இதுவரை இறக்காதவர்கள் இப்போது கொரோனா வைரஸால் இறக்கின்றனர்.""",1
"ஜோ பிடன் ""டிமென்ஷியா பற்றிய புத்தகங்களைப் பார்ப்பதை"" ஒரு வீடியோ காட்டுகிறது.",1
கொரோனா வைரஸ் வெடிப்பின் போது வணிகங்கள் உங்களுக்கு இலவச குழந்தை சூத்திரத்தை வழங்கும் என்று கூறுகிறது.,1
"டெட் குரூஸ் கூறுகிறார், ""என் அமெரிக்காவில் ஓரினச்சேர்க்கையாளர்களுக்கோ அல்லது நாத்திகர்களுக்கோ இடமில்லை. எதுவுமில்லை. நமது அரசியலமைப்பு அதை தெளிவாக்குகிறது.""",1
"ஜனாதிபதி ரொனால்ட் ரீகன் ""ஒரு மாதத்தில் 1 மில்லியன் வேலை வாய்ப்பு உருவாக்கம்"" என்று கூறுகிறார்.",1
"ஹிலாரி கிளிண்டன் ""அவர் இறக்கும் வரை காங்கிரஸின் சம்பளத்தை"" பெறுவார் என்றும், ரகசிய சேவை அவரது அடமானத்தை செலுத்தும் என்றும் கூறுகிறார்.",1
ஜனாதிபதி அமெரிக்காவில் பிறந்தவராக இருக்க வேண்டும் என்று டெட் குரூஸ் புரட்டினார்.,1
"கவர்னர் ஸ்காட் வாக்கர் ""அமெரிக்காவின் மிகவும் உண்மையாக-சவால் செய்யப்பட்ட அரசியல்வாதியாக மதிப்பிடப்பட்டுள்ளார்"" என்கிறார்.",1
"அமெரிக்கப் பிரதிநிதி பேட்ரிக் மர்பி, ""காங்கிரஸ் உறுப்பினர்கள் வாழ்நாள் முழுவதும் வரி செலுத்துவோர் நிதியுதவி பெறும் சுகாதாரப் பாதுகாப்பைப் பெறுவதற்கு வாக்களித்தார்.""",1
"ஜோர்ஜியாவில் சமீபத்திய சூரிய ஆற்றல் கொள்கைகள் ""விகித உயர்வை விளைவித்துள்ளன, மேலும் சூரிய ஒளியானது பொருளாதார ரீதியாக சாத்தியமானதாக மாறவில்லை.""",1
உலகம் முழுவதும் ஆயிரக்கணக்கான பவுண்டுகள் உணவு மற்றும் பிற பொருட்களை -- அத்துடன் கடவுளின் வார்த்தை -- எடுத்துச் செல்ல Creflo டாலருக்கு $65 மில்லியன் Gulfstream G650 தேவைப்பட்டது.,1
"டெக்சாஸ் இந்த நிதியாண்டில் ""மற்ற 49 மாநிலங்களை விட அதிக பணம் கையிருப்பில் இருக்கும்.""",1
"டெக்சாஸைச் சேர்ந்த ஷீலா ஜாக்சன் லீ கூறினார்: 'ஏய், நீங்கள் சுருக்கமாக, வெள்ளை வயதாகிவிட்டீர்கள்: நீங்கள் இறக்க வேண்டிய நேரம் இது, அடுத்த தலைமுறையினர் கிரகத்தில் உங்கள் இடத்தைப் பெறட்டும்.'",1
"டெலாவேரில் உள்ள ""அடையாளம் காணக்கூடிய சோமாலி சமூகம் உள்ளது"".",1
"காலநிலை மாற்றம் குறித்து, ""வெப்பநிலை அளவீடுகள் புனையப்பட்டுள்ளன, மேலும் அவை அனைத்தும் அவர்களின் (விஞ்ஞானிகளின்) முகங்களில் வீசுகின்றன.""",1
"ஒரு டெக்சாஸ் சட்டம் ""ஜன்னலின் இரண்டாவது மாடியில் இருந்து கரடிகளை சுட முடியாது"" என்று கூறுகிறது.",1
"தடுப்பூசிகளில் பாதரசம் பயன்படுத்தப்படுகிறது, மேலும் பாதரசத்தின் பாதுகாப்பான நிலை இல்லை.",1
"""தலைவர் GOP செனட்டர்களை சந்திக்கும் போது ஷெரிஃப்கள் ஒபாமாவின் கொலைக்கு அழைப்பு விடுத்தனர்""",1
"விஸ்கான்சின் பல்கலைக்கழக அமைப்பின் பணி அறிக்கையில் விஸ்கான்சின் ஐடியாவை விவரிக்கும் மொழியில் செய்யப்பட்ட அடிப்படை மாற்றங்கள் ""வரைவு பிழையின்"" விளைவாகும்.",1
"தெற்கு அமெரிக்க எல்லையைத் தாண்டி வரும் குழந்தைகள் ""இங்கு வந்த பிறகும், அவர்களுக்கு நோய் இருக்கிறதா என்று தனிமைப்படுத்தப்பட்ட பிறகும் அவர்களைப் பரிசோதிக்கவே இல்லை. அவர்கள் நாடு முழுவதும் வெளியே அனுப்பப்பட்டனர். அவர்களில் பலருக்கு அம்மை நோய் இருந்தது... இப்போது நமக்கு அது பரவியிருக்கிறது. எங்கள் குடியேற்றக் கொள்கை.""",1
"""சோவியத் யூனியனில் இருந்து வெளியிடப்பட்ட ஆவணங்கள்"", ரீகன் விமானப் போக்குவரத்துக் கட்டுப்பாட்டாளர்களை நீக்கிய பிறகு, ""சோவியத் யூனியன் ஜனாதிபதி ரொனால்ட் ரீகனை இன்னும் தீவிரமாக நடத்தத் தொடங்கியது"" என்பதைக் காட்டுகிறது.",1
"யு.எஸ். வேலையின்மை விகிதம் ""மசாஜ் செய்யப்பட்டுள்ளது, அது மருத்துவராகிவிட்டது.""",1
"தாக்குதல் ஆயுத வன்முறையில்: ""வர்ஜீனியாவில் உள்ள மக்களை விட வாத்துகளுக்கு அதிக பாதுகாப்பு உள்ளது.""",1
"""பெரிய மனிதனை வீழ்த்துவதன் மூலம் நீங்கள் ஒரு சிறிய மனிதனை உருவாக்க முடியாது - ஆபிரகாம் லிங்கன் கூறினார்.""",1
"இங்கிலாந்தின் பர்மிங்காம் போன்ற ""உண்மையான நகரங்கள் உள்ளன"", ""முஸ்லிம் அல்லாதவர்கள் உள்ளே செல்லாத முற்றிலும் முஸ்லீம்கள்.""",1
"""புதிதாக தேர்ந்தெடுக்கப்பட்ட குடியரசுக் கட்சியின் செனட்டர்கள் 2015 இல் உணவு முத்திரைத் திட்டத்தை அகற்றுவதற்கான உறுதிமொழியில் கையெழுத்திட்டனர்.""",1
"""ஃபாக்ஸ் நியூஸ் ஸ்டீபன் ஏ. ஸ்மித்தின் படத்துடன் ஸ்டூவர்ட் ஸ்காட் ஆர்.ஐ.பி. அஞ்சலியை ஒளிபரப்புகிறது.""",1
"ஜன. 1, 2015 முதல் அமலுக்கு வந்த புதிய வரி உயர்வுகள், ""அனைத்தும் கட்டுப்படியாகக்கூடிய பராமரிப்புச் சட்டத்தின் கீழ் நிறைவேற்றப்பட்டது, அதாவது ஒபாமாகேர்.""",1
"""ஒவ்வொருவரும் காவல்துறையை வெறுக்க வேண்டும்"" என்று ஜனாதிபதி பராக் ஒபாமா கூறினார்.",1
"""காங்கிரஸ் மிகவும் சிறப்பான மக்கள் குழு. அவர்களில் 80 சதவீதத்திற்கும் அதிகமானோர் அமெரிக்காவை விட்டு வெளியேறவில்லை.""",1
"டெக்சாஸ் ஹவுஸ் சபாநாயகர் ஜோ ஸ்ட்ராஸ், ‘வாலஸ் ஹால் மரத்திலிருந்து ஊசலாடினாலும் எனக்கு கவலையில்லை’ என்றார்.",1
"CIA விசாரணை திட்டத்தில் இருந்து ""யாருக்கும் நீடித்த காயங்கள் ஏற்படவில்லை"".",1
"""(பராக் ஒபாமா) பதவியேற்றபோது, ​​2.3 மில்லியன் மக்கள் வேலை இல்லாமல் இருந்தனர். ஐந்து-க்கும் மேற்பட்ட ஆண்டுகளுக்குப் பிறகு, எங்களுக்கு 5 மில்லியனுக்கும் அதிகமான வேலை இல்லை.""",1
"""தண்ணீரில் புளோரைடு, அது முதலில் நாஜிகளால் செய்யப்பட்டது!""",1
"மோ., பெர்குசனில் உள்ள ஒரு நபர், ""ஒரு கடையில் கொள்ளையடிக்கும் ஒவ்வொரு முறையும் தன் மகனின் உயிருக்கு எந்தத் தாயும் பயப்பட வேண்டியதில்லை"" என்று எழுதப்பட்ட பலகையை வைத்து புகைப்படம் எடுத்ததாக கூறுகிறார்.",1
"""பி.எச். ஒபாமா பதவியேற்றதில் இருந்து 794 சட்ட அமலாக்க அதிகாரிகள் பணியின் வரிசையில் விழுந்துள்ளனர், வெள்ளை மாளிகையின் சிறப்பு அங்கீகாரம் எதுவும் இல்லை.""",1
"Dearborn, Mich., for the Advancement of Islamic Agenda for America, ""அல்லாஹ் புகழப்படட்டும். அமெரிக்கா நாங்கள் உங்கள் அனைவரையும் கொன்று விடுவோம், அதை தடுக்க உங்களால் எதுவும் செய்ய முடியாது"" என்று கூறுகிறது.",1
"ஆஸ்டின் மேயர் வேட்பாளர் ஸ்டீவ் அட்லர் ""சிட்டி ஹாலுடன் தொடர்புடைய எதிலும் தீவிரமாக இருந்ததில்லை.""",1
"""கீஸ்டோன் எக்ஸ்எல் பைப்லைனை அரசாங்கம் அனுமதித்தால், கோச்ஸ் சுமார் 100 பில்லியன் டாலர்கள் சம்பாதிக்கும்.""",1
"""நல்வாழ்வு பெறுபவர்களுக்கு இலவச கார்களை வழங்கும் மசோதாவுக்கு காங்கிரஸ் ஒப்புதல் அளித்துள்ளது.""",1
"""சமீபத்திய அறிக்கைகளின்படி, Obamacare இன் கீழ் ஏற்பாடு செய்யப்பட்ட மரணக் குழுக்கள் தங்கள் முதல் மரணதண்டனைக்கு உத்தரவிட்டன.""",1
"அட்டர்னி ஜெனரலுக்கான புதிய வேட்பாளர் லோரெட்டா லிஞ்ச், ""1992 ஒயிட்வாட்டர் ஊழல் விசாரணையின் போது பில் கிளிண்டனின் பாதுகாப்புக் குழுவில் உறுப்பினராக இருந்தார்.""",1
"""கோரி கார்ட்னர் தனது வழியைப் பெற்றால், நீங்கள் ஆணுறைகளை சேமித்து வைப்பது நல்லது.""",1
"கட்டுப்படியாகக்கூடிய பராமரிப்புச் சட்டம், ""உங்களுக்கு மிகவும் தேவைப்படும் 76 வயதில், நீங்கள் புற்றுநோய் சிகிச்சைக்கு தகுதியுடையவர் அல்ல. …  புற்றுநோய் மருத்துவமனை நோயாளியின் வயதுக்கு ஏற்ப சிகிச்சை அளிக்கும்.""",1
"""பிரார்ஷில் எல்லையின் டெக்சாஸ் பக்கத்தில் சமீபத்தில் பிரார்த்தனை விரிப்புகள் கண்டுபிடிக்கப்பட்டன.""",1
"""கடவுள் இல்லாததைப் பற்றி எங்கள் அரசுப் பள்ளிக் குழந்தைகளுக்கு எலோர்சா கற்றுக்கொடுக்க விரும்புகிறார்.""",1
"""2013 இல்,"" டான் பேட்ரிக், ""கற்பழிப்பாளர்கள் சுதந்திரமாக நடக்க அனுமதிக்கும் பலாத்கார கருவிகளின் தேக்கத்தை சோதிக்க நிதியுதவிக்கு எதிராக வாக்களித்தார்.""",1
"""2014 ஃபெடரல் டேக்ஸ் ரீஃபண்டுகள் அக்டோபர் 2015 வரை தாமதமாகும்.""",1
"ஜனாதிபதி பராக் ஒபாமாவின் சமீபத்திய நியூயார்க் நிதி திரட்டும் பயணம் ""$25 மில்லியன் முதல் $50 மில்லியன் வரை செலவாகும்"" என்கிறார்.",1
"""டெக்சாஸில் உள்ள மெக்சிகோ எல்லையைத் தாண்டி வரும்போது குறைந்தது 10 ISIS போராளிகள் பிடிபட்டுள்ளனர்"" மேலும் ""எல்லை ரோந்துப் படையினரால் பிடிபடாத இன்னும் டஜன் கணக்கானவர்கள்"" உள்ளனர்.",1
"""அரசு அவசரகால தயாரிப்புகளை வழங்குபவரின் கூற்றுப்படி, எபோலா வெடித்ததற்காக அக்டோபர் மாதத்தில் செயல்படுத்தப்படுவதற்கு பேரிடர் உதவி மீட்புக் குழு தயாராக இருப்பதாகக் கூறப்பட்டது.""",1
"அமெரிக்கப் பிரதிநிதி ஸ்டீவ் சௌதர்லேண்ட் ""வாழ்க்கைக்கான சுகாதாரப் பாதுகாப்புக்குத் தானே வாக்களித்தார்"" என்கிறார்.",1
"ஃபீடிங் அமெரிக்கா என்ற இலாப நோக்கற்ற குழு அமெரிக்காவில் ""தினமும் ஐந்து குழந்தைகளில் ஒன்று பட்டினியால் போராடுகிறது"" என்று கூறுவது பொய்.",1
"""Mary Landrieu உங்கள் துப்பாக்கி உரிமைகளை பறிக்க வாக்களித்துள்ளார்.""",1
"""பயங்கரவாதிகளுடன் தொடர்புடைய அமைப்புகளுக்கு நிதியளித்ததாக மிச்செல் நன்னின் சொந்தத் திட்டம் கூறுகிறது.""",1
"""கிரெக் அபோட் மற்றும் அவரது மாற்றுத் திறனாளிகள் பாலியல் பலாத்காரம் அல்லது உடலுறவு ஆகியவற்றால் பாதிக்கப்பட்ட பெண்களை எப்படியாவது அவர்கள் எதிர்கொள்வது ஒரு சிறிய பிரச்சினையாக உள்ளது என்று குறிப்பிட்டுள்ளனர்.""",1
"மேரி லாண்ட்ரியூ, முன்னாள் படைவீரர்களை விட சட்டவிரோதமாக குடியேறியவர்களுக்கான நன்மைகளை வழங்க வாக்களித்ததாக கூறுகிறார்.",1
"காங்கிரஸில் 36 பேர், கணவனைத் துன்புறுத்தியதாக குற்றம் சாட்டப்பட்டவர்கள், 84 பேர் குடிபோதையில் வாகனம் ஓட்டியதற்காக கைது செய்யப்பட்டவர்கள், 71 பேர் மோசமான கடன் பெற்றவர்கள் மற்றும் பல.",1
"கிரேக் ராபின்சனின் வேலையைக் காப்பாற்ற மார்தா கான்டர் ""17 மில்லியன் டாலர் ஊக்கப் பணத்துடன் கோர்வாலிஸுக்கு அனுப்பப்பட்டாரா""?",1
"பாதிக்கப்பட்ட ஸ்காட் ரோத்ஸ்டீன் சார்லி கிறிஸ்ட்டால் ""ஏமாற்றப்பட்டதாக"" கூறுகிறார்.",1
"தாழ்த்தப்பட்ட குழந்தைகளுக்கு ""பள்ளி மதிய உணவின் போது இறைச்சி அடிப்படையிலான புரதத்தை ""அகற்றுவது"" என்பது அவர்களின் அன்றைய புரதத்தின் ஒரே ஆதாரத்தை இழக்கச் செய்வதாகும்.""",1
"""ஜனாதிபதி ஒபாமா பண்ணை மசோதாவை அபகரித்து (மற்றும்) அதை உணவு முத்திரை மசோதாவாக மாற்றினார்"" என்று கூறுகிறார்.",1
"""சூப்பர் பவுல் ஞாயிறு அதிக குடும்ப வன்முறை விகிதத்தைக் கொண்டுள்ளது.""",1
"""மாற்றம் செய்யப்பட்ட ஐந்து கைதிகளில் மூன்று பேர் (போவ் பெர்க்டாலுக்கு) இப்போது ISIS தலைவர்கள்.""",1
"சமீபத்தில் ரிக் ஸ்காட் ""மாநிலம் முழுவதும் 30 பெண்கள் சுகாதார மையங்களை மூடினார்.""",1
"""செனட் கல்விக் குழுவின் தலைவராக, கடந்த அமர்வில் இருந்து பெரும்பாலான கல்விக் குறைப்புகளை மீட்டெடுக்க நான் தலைமை தாங்கினேன்.""",1
"அட்லாண்டாவில் இருந்து ஹூஸ்டன் செல்லும் விமானம் ""பயங்கரவாத உலர் ஓட்டம்"" காரணமாக ரத்து செய்யப்பட்டது.",1
"""மெக்டொனால்டின் ஹாம்பர்கர்கள் 15 சதவிகிதம் மட்டுமே 'உண்மையான மாட்டிறைச்சி.' மற்ற 85 சதவிகிதம் அம்மோனியாவால் சுத்தப்படுத்தப்பட்ட இறைச்சி நிரப்பு ஆகும், இது வயிறு மற்றும் குடல் புற்றுநோயை ஏற்படுத்துகிறது.""",1
"சிறையில் இருந்து வெளியே வந்த ஒரு பாலியல் குற்றவாளிக்கு ""இலகு தண்டனை"" வழங்க டான் சல்லிவன் ஒப்புதல் அளித்துள்ளார் என்று கூறுகிறார்.",1
"""(ALS ஐஸ் பக்கெட் சேலஞ்சில் இருந்து) திரட்டப்பட்ட அனைத்து நன்கொடைகளில் 73% க்கும் அதிகமானவை நிதி திரட்டுதல், மேல்நிலை ஊதியம், நிர்வாகச் சம்பளம் மற்றும் வெளிப்புற நன்கொடைகளுக்குச் செல்கின்றன.""",1
அயோவா கவர்னர் டெர்ரி பிரான்ஸ்டாட் தனது மாநிலத்தில் இருந்து 124 இளம் சட்டவிரோத குடியேறிகளை அகற்றி அவர்களை மீண்டும் ஹோண்டுராஸுக்கு அழைத்துச் செல்ல ஒரு விமானத்தை வாடகைக்கு எடுத்ததாக கூறுகிறார்.,1
"Obamacare ""(புளோரிடா) காப்பீட்டை ஒழுங்குபடுத்துவதைத் தடுக்கிறது.""",1
"எட்வர்ட் ஸ்னோடென் வெளியிட்ட ஆவணங்கள், இஸ்லாமிய அரசை உருவாக்க அமெரிக்க, பிரிட்டிஷ்  மற்றும் இஸ்ரேலிய உளவுத்துறை நிறுவனங்கள் இணைந்து செயல்பட்டன என்பதை வெளிப்படுத்துகின்றன.",1
"டெட் குரூஸ் கூறுகிறார், ""அவர்களுக்கும் அவர்களது நட்பு நாடுகளுக்கும் அமெரிக்காவின் தேசிய காடுகள், பூங்காக்கள் மற்றும் பிற பொது நிலங்கள் மற்றும் அவற்றை சுரங்கம், துளையிடுதல், வெட்டுதல் மற்றும் மரம் வெட்டுதல் ஆகியவற்றிற்கு திறக்கும் மசோதாவை அறிமுகப்படுத்த கோச்களால் லஞ்சம் கொடுக்கப்பட்டது.""",1
"மரிலிண்டா கார்சியா ""$150 பில்லியன் புதிய வரிகளை"" ஆதரிப்பதாக கூறுகிறார்.",1
"""துப்பாக்கிகளால் தற்செயலாக கொல்லப்பட்டதை விட, கடந்த ஆண்டு குளியல் தொட்டிகளில் மூழ்கி இறந்த குழந்தைகள் அதிகம்.""",1
"பராக் ஒபாமாவைத் தேர்ந்தெடுத்ததற்காக அமெரிக்க மக்கள் ""முட்டாள்களின் கூட்டமைப்பு"" என்று செக் குடியரசின் முன்னாள் ஜனாதிபதி கூறினார்.",1
"பெர்குசனின் மனைவி, மோ., போலீஸ் தலைவர், பெர்குசனில் உள்ள ஆப்பிரிக்க-அமெரிக்கர்கள் ""கொடுமை மற்றும் வன்முறையாளர்கள்"" என்றார்.",1
ஜார்ஜ் சோரோஸ் மற்றும் பில் கேட்ஸ் ஆகியோர் எபோலா வெடிப்பை ஏற்படுத்திய சியரா லியோனில் உள்ள பயோவீபன்ஸ் ஆய்வகத்திற்கு நிதியளிப்பதாக கூறுகிறார்கள்.,1
"""நான் கடந்த காலத்தில் (இஸ்ரேலுக்கான உதவியை படிப்படியாக நிறுத்த) முன்மொழியவில்லை.""",1
"ஆஸ்டின் மேயர் வேட்பாளர் ""மைக் மார்டினெஸ் கார்ப்பரேட் பணத்தை எடுத்துக்கொள்கிறார்.""",1
"ஜனாதிபதி பராக் ஒபாமாவின் சமீபத்திய நிர்வாக உத்தரவு ""சுவாச நோயின் அறிகுறிகளை மட்டும் காட்டும் அமெரிக்கர்களை பயமுறுத்துவதையும் காவலில் வைப்பதையும் கட்டாயமாக்குகிறது.""",1
"பெண்கள் ""உலகின் நிலத்தில் வெறும் 1 சதவீதத்தை மட்டுமே வைத்துள்ளனர்.""",1
"நுகர்வோர் நிதிப் பாதுகாப்புப் பணியகம் ""எந்தக் காரணத்திற்காகவும், அது விரும்பும் எந்த நேரத்திலும் வணிகங்களை மூடுவதற்கு முன்னோடியில்லாத அதிகாரத்தை ஏஜென்சிக்கு வழங்கும் ஒரு விதியை நிறைவேற்றியது.""",1
"""மிட் ரோம்னி தனது பிரச்சாரத்தை வணிக உலகில் தனது அனுபவத்தின் அடிப்படையில் நடத்தவில்லை, அவருக்கு வாக்களிக்க ஒரு காரணம்.""",1
"""பாகிஸ்தான் அல்லது ஆப்கானிஸ்தான் அல்லது சிரியா"" போன்ற பயங்கரவாத உறவுகளைக் கொண்ட நாடுகளிலிருந்து எல்லையில் தனிநபர்கள் கைது செய்யப்படுவதில் அமெரிக்கா ""வரலாற்று சாதனை உச்சத்தில்"" உள்ளது.",1
"""இந்த நிர்வாகம் அதிக ஒபாமாகேருக்கு பணம் செலுத்த கடற்படையை வெட்டுகிறது.""",1
"""புவி வெப்பமடைதல் ஒரு புரளி.""",1
வியட்நாம் போரின் போது ஜான் கார்னின் இந்த வரைவை ஏமாற்றினார்.,1
"""நான் ஒரு சதி கோட்பாட்டாளர் அல்ல, எனது திட்டத்தில் சதி கோட்பாட்டாளர்களை நான் ஒருபோதும் அனுமதிக்க மாட்டேன்.""",1
"""எய்ட்ஸை எப்படி நிறுத்துவது என்பது எங்களுக்குத் தெரியும்: ஆண்களுடன் உடலுறவு கொள்ள வேண்டாம் என்று ஆண்களை வற்புறுத்தவும்.""",1
"""நாங்கள் சுமார் 3,000 கொலைகளைச் செய்துள்ளோம்"".",1
"கடந்த ஆறு ஆண்டுகளில் 3,000 க்கும் மேற்பட்ட கொலைகள் ""சட்டவிரோத வெளிநாட்டினரால்"" செய்யப்பட்டன.",1
"முன்னாள் ஃபெடரல் ரிசர்வ் தலைவர் ஆலன் கிரீன்ஸ்பான் கூறுகிறார், ""தொழிலாளர்கள் மிகவும் பாதுகாப்பற்றவர்களாக இருந்தால், அது சமூகத்திற்கு மிகவும் ஆரோக்கியமானது"" ஏனெனில் அவர்கள் எஜமானர்களுக்கு மகிழ்ச்சியாகவும் செயலற்றதாகவும் சேவை செய்வார்கள்.""",1
"""எங்கள் தெற்கு எல்லையில் நெருக்கடிக்கு"" மத்தியில், ""சட்டவிரோதமாக குடியேறியவர்கள்... எபோலா வைரஸ் போன்ற கொடிய நோய்களைக் கொண்டிருப்பதாக அறிக்கைகள் உள்ளன.""",1
"""உலகக் கோப்பை இறுதிப் போட்டியில் தங்கள் ஆண்கள் தேசிய அணி இருப்பதாக வட கொரியா தனது மக்களிடம் கூறுகிறது.""",1
"ஃபாக்ஸ் நியூஸ் ""கனடாவில் தடைசெய்யப்பட்டுள்ளது"" ஏனெனில் இது ""நியூஸ்' சேனல்கள் பார்வையாளர்களிடம் பொய் சொல்வதைத் தடுக்கும்"" சட்டத்தை மீறுகிறது.",1
"""கவர்னர் கடற்கரைக் கட்டணத்தை இரட்டிப்பாக்கினாலும். . எல்லாப் பணமும் வெளி மாநில நிறுவனத்திற்குப் போகிறது. அதற்கான பணத்தைக் கூட மாநிலம் பெறுவதில்லை.""",1
"""தேசத் துரோகத்திற்காக ஒபாமாவை கைது செய்வதில் நீதிபதி ஜான் ராபர்ட்ஸ் கையெழுத்திட்டார்.""",1
"""கடந்த மூன்று ஆண்டுகளில் மட்டும், 13 முறை, உச்ச நீதிமன்றம், ஒருமனதாக, 9-0, ஜனாதிபதியின் அனைத்து தாராளவாத தேர்வுகள் உட்பட, ஜனாதிபதியின் நிர்வாக உத்தரவுகளை ரத்து செய்துள்ளது.""",1
"""இந்த மாநிலத்தின் வரலாற்றில் கல்வி தொடர்பான மிக மோசமான சாதனையை அரசு ஒப்பந்தம் கொண்டுள்ளது.""",1
"""ஒபாமா ஆட்சி எல்லையில் சட்டவிரோத அன்னியக் குழந்தைகளின் வருகையைத் திட்டமிட்டது.""",1
"பிரச்சாரச் சட்டங்களை மீறும் ""குற்றத் திட்டத்தின்"" மையத்தில் அவர் இருக்கிறாரா என்று ஒரு நிருபர் கேட்டபோது, ​​ஆளுநர் ஸ்காட் வாக்கர் ஆம் என்று தலையசைத்தார்.",1
"""புவி வெப்பமடைதலின் அளவை மிகைப்படுத்த 1998 ஆம் ஆண்டை வெப்பமான ஆண்டாக மாற்ற நாசா விஞ்ஞானிகள் எண்களை ஏமாற்றினர்.""",1
"பராக் ஒபாமா கூறுகையில், ""சாதாரண ஆண்களும் பெண்களும் தங்கள் சொந்த விவகாரங்களை நிர்வகிக்க மிகவும் சிறிய எண்ணம் கொண்டவர்கள்"" மற்றும் தனிநபர்கள் ""அனைத்து அதிகாரமுள்ள இறையாண்மைக்கு தங்கள் உரிமைகளை ஒப்படைக்க வேண்டும்"" என்று கூறினார்.",1
"எல்லையில் பிடிபட்ட மெக்சிகன் அல்லாதவர்களின் வெள்ளம் பற்றி கூறுகிறார்: ""இவர்கள் சிரியா போன்ற மாநிலங்களில் இருந்து பயங்கரவாத ஆட்சிகள் மற்றும் பயங்கரவாத நடவடிக்கைகளுடன் கணிசமான தொடர்புகளைக் கொண்டவர்கள்.""",1
"ஜனாதிபதி பராக் ஒபாமா ""ஒரு வருடத்திற்கு $102,000 வரி செலுத்துவோரின் செலவில் நாய் பயிற்சியாளரை தக்கவைத்த முதல் ஜனாதிபதி.""",1
"பராக் ஒபாமா ""பாதுகாப்பதாக அவர் சத்தியம் செய்த மாநிலங்களுக்கு எதிராக வழக்குகளை தாக்கல் செய்த முதல் ஜனாதிபதி"".",1
"தலை துண்டிக்கப்பட்ட ஐந்து மனிதத் தலைகளுக்கு முன்னால் ஒரு நபர் போஸ் கொடுப்பதைப் போன்ற ஒரு படத்தை அவர் பேஸ்புக்கில் வெளியிட்டார், ""எங்கள் ஜனாதிபதி விடுவிக்கப்பட்ட மனிதாபிமானமற்ற மனிதர்களில் ஒருவர்"" என்று கூறுகிறார்.",1
"சென்ஸ் மார்க் வார்னர் மற்றும் டிம் கெய்ன் ""ஐக்கிய நாடுகள் எங்கள் துப்பாக்கிகளை எடுக்க அனுமதிக்க வேண்டும்"" என்று வாக்களித்தனர்.",1
"""அனைத்து மாணவர் கடன் கடனையும் மன்னிக்கும் மசோதாவில் ஒபாமா கையெழுத்திட்டார்.""",1
"கென் ""பிளாக் ஒபாமாகேரை ஆதரிக்கிறது.""",1
"அமெரிக்க பிரதிநிதிகள் எரிக் கேன்டர் மற்றும் லூயிஸ் குட்டெரெஸ் ஆகியோர் ""கடந்த ஆண்டு நாட்டிற்கு சுற்றுப்பயணம் மேற்கொண்டனர் ... இடுப்பில் இணைந்தனர், குடியேற்ற சீர்திருத்தத்தின் குறிக்கோளுக்காக உண்மையில் இரு கட்சி பாணியில் ஒன்றாக வேலை செய்தனர்.""",1
"""இந்த நாடு மீண்டும் பெஞ்சமின் ஃபிராங்க்ளின் போன்ற அதிபரை பயன்படுத்தலாம்"" என்று ஃபாக்ஸ் நியூஸில் மைக்கேல் பச்மேன் கூறினார்.",1
டி-டே அன்று நார்மண்டியில் உள்ள டி-டே நினைவுச்சின்னத்தை பார்வையிடாத ஒரே அமெரிக்க ஜனாதிபதி பராக் ஒபாமா என்று கூறுகிறார்.,1
"""சோலார் பேனல்கள் சூரியனின் ஆற்றலை வெளியேற்றுகின்றன.""",1
"""மூன்றாவது முறையாக அதிபர் தேர்தலில் போட்டியிடுவதற்கான திட்டங்களை ஒபாமா அறிவித்தார்""",1
"Obamacare ""ஒரு பெரிய கொழுப்பு VA அமைப்பு.""",1
"புளோரிடாவில் காமன் கோர் டெஸ்டிங் செய்ய பணியமர்த்தப்பட்ட ஒரு நிறுவனம் ""உங்கள் குழந்தைகள் ஒவ்வொருவரையும் அவர்களால் முடிந்தவரை ஓரினச்சேர்க்கையாளர்களாக ஆக்குவதற்கு ஈர்க்கும்.""",1
"வருமான வரி, ஊதிய வரி, மூலதன ஆதாய வரி, ஈவுத்தொகை வரி மற்றும் எஸ்டேட் வரி ஆகியவற்றில் சமீபத்திய உயர்வுகளுக்கு ""எந்த குடியரசுக் கட்சியினரும் வாக்களிக்கவில்லை"". ""இந்த வரிகள் அனைத்தும் … ஒபாமாகேரின் கீழ் நிறைவேற்றப்பட்டன.""",1
"வெண்டி டேவிஸ் ""சிகாகோவில் சர்வதேச சோசலிஸ்ட் அமைப்புடன் இணைந்து நிதி திரட்டிக்கொண்டிருந்தார்.""",1
ஜனநாயக சோசலிஸ்ட் குழுவில் உறுப்பினராக உள்ள அமெரிக்க ஹவுஸ் டெமாக்ராட்டிக்காக வெண்டி டேவிஸ் பணம் திரட்டினார்.,1
"""புளோரிடா ஜனநாயகக் கட்சியினர் பெண்கள் மீது ஷரியா சட்டத்தை திணிக்க வாக்களித்தனர்.""",1
"ஐடாஹோ குடியரசுக் கட்சியின் பிரதிநிதி. மைக் சிம்ப்சன் ஒரு ""தாராளவாதி"" ஆவார், அவர் நான்சி பெலோசியுடன் ""சான் பிரான்சிஸ்கோ விபச்சாரிகளின் பாலியல் ஆய்வு திட்டங்களுக்கு நிதியளிக்க"" மற்றும் ""துப்பாக்கி விற்பனையை ஒழுங்குபடுத்த"" வாக்களித்தார்.",1
"""(ஒபாமா) பொய் கூறியதாக 200க்கும் மேற்பட்ட ஆவணப்படுத்தப்பட்ட வழக்குகள் உள்ளன.""",1
"""ஒபாமாகேரில் பதிவுசெய்த ஒவ்வொரு கென்டக்கியனுக்கும், 40 பேர் தங்கள் கவரேஜிலிருந்து நீக்கப்பட்டுள்ளனர்.""",1
"""மேயர் டவேராஸின் கீழ் குடியிருப்பு சொத்து வரிகள் [பிராவிடன்ஸில்] கிட்டத்தட்ட 27 சதவீதம் உயர்ந்துள்ளன.""",1
"கவர்னர் வேட்பாளர் க்ளே பெல் ""விளம்பரத்திற்காக ஒரு காசு கூட செலவழிக்கவில்லை"" என்கிறார்.",1
"ஜூல்ஸ் பெய்லி ""வணிக ஆற்றல் வரிக் கடனை உருவாக்குவதில் முக்கிய பங்காற்றினார், இது வால்-மார்ட் போன்ற நிறுவனங்களுக்கு $11 மில்லியன் லாபம் அளிக்கும் அதே வேளையில் ஒரேகான் பொது நிதிக்கு $33 மில்லியன் செலவாகும்.""",1
"லாஸ் ஏஞ்சல்ஸ் கிளிப்பர்ஸ் உரிமையாளர் டொனால்ட் ""ஸ்டெர்லிங் ஒரு ஜனநாயகவாதி"" என்கிறார்.",1
"""இந்த நிலத்தை (மேற்கத்திய மாநிலங்களில்) சொந்தமாக வைத்திருக்க மத்திய அரசுக்கு அரசியலமைப்பு அதிகாரம் இல்லை.""",1
"""300 ஆயிரத்திற்கும் மேற்பட்ட வீட்டு உரிமையாளர்களின் தற்கொலைகள் பறிமுதல் காரணமாகக் கூறப்படுகிறது.""",1
"EPA மிசோரியில் ஒரு ஈய உருக்காலையை மூடியதால், ""புல்லட்டுகளுக்கான அனைத்து ஈயமும் வெளிநாட்டில் இருந்து வர வேண்டும்!""",1
"சார்லி கிறிஸ்டின் பிரச்சாரம் சென். பில் நெல்சனின் ""பெரிய-அரசு தீர்வுகளை"" தோற்கடித்தது என்கிறார்.",1
"பண்டி ராஞ்ச் ஒப்பந்தம் என்பது நெவாடா சென். ஹாரி ரீட் ""கூட்டாட்சி வன்முறையைப் பயன்படுத்தி தனது மாநிலத்தில் உள்ள மக்களின் நிலத்தைக் கைப்பற்றி, அதை சீனர்களுக்கு மறு-விற்பனை செய்ய பேக்கேஜ் செய்யலாம்.""",1
"டான் பேட்ரிக் தனது ""கடன்களை"" மறைக்க ""டேனி கோயப்"" என்பதிலிருந்து தனது பெயரை மாற்றிக்கொண்டார்.",1
"புரூஸ் ப்ரேலி, ""உடல்நலக் காப்பீட்டுத் துறையில் உள்ள தனது நண்பர்களிடமிருந்து பல்லாயிரக்கணக்கானவர்களை"" எடுத்துக் கொண்டு ஒபாமாகேருக்கு வாக்களிப்பதன் மூலம் அவர்களுக்கு ""சிறப்பு உதவிகளை"" வழங்கினார்.",1
ஃபோர்ட் ஹூட் துப்பாக்கிச் சூட்டுக்கு ஜனாதிபதி பராக் ஒபாமா காரணமாக இருக்கலாம் என்று பிரதிநிதி மிச்சேல் பச்மேன் கூறுகிறார்.,1
"மிச்செல் ஒபாமா தனது சீன பயணத்தின் போது ""சிவப்பு கம்யூனிஸ்ட் கொடிகளை"" அசைத்ததாக கூறுகிறார்.",1
"""விஸ்கான்சின் ஊதியங்கள் மற்ற மாநிலங்களின் விகிதத்தில் இருமடங்காக குறைந்து வருகின்றன.""",1
"மார்கோ ரூபியோ பூமி 9,000 ஆண்டுகள் பழமையானது என்றும் மனிதர்கள் டைனோசர்களை வேட்டையாடினார்கள் என்றும் நம்புகிறார்; பூமி 10,000 ஆண்டுகள் பழமையானது என்று ராண்ட் பால் நம்புகிறார், மேலும் கடவுள் டைனோசர்களை ""மனிதர்களுக்கு இடம் கொடுப்பதற்காக"" அகற்றினார்.",1
"""வெள்ளை மாளிகை செய்தியாளர் (செயலாளர்) உடன் நிருபர்கள் கேள்விகளை ஒத்திகை பார்க்கிறார்கள்.""",1
"ஜனாதிபதி பராக் ஒபாமா ""உக்ரேனியர்களுக்கு 5 பில்லியன் டாலர்களை செலுத்தி கலவரம் மற்றும் ஜனநாயக முறையில் தேர்ந்தெடுக்கப்பட்ட அவர்களின் அரசாங்கத்தை கலைத்தார்.""",1
"ஜனாதிபதி ஆபிரகாம் லிங்கன் ""அடிமைகளுக்கு ஆயுதம் கொடுக்க முயன்றார்"" என்கிறார்.",1
"ஜனாதிபதி பராக் ஒபாமா மாணவர்களின் அறையில், ""குழந்தைகளே, நான் ஒவ்வொரு முறையும் கைதட்டும்போது, ​​அமெரிக்காவில் ஒரு குழந்தை துப்பாக்கி வன்முறையால் இறக்கிறது"" என்று கூறினார், பின்னர் ஒரு குழந்தை தன்னிடம் கைதட்டாமல் பிரச்சினையை தீர்க்க முடியும் என்று கூறினார்.",1
"ஸ்காட் வாக்கரின் கீழ், விஸ்கான்சின் ""வேலையின்மை"" 4.8% லிருந்து 6.2% ஆக உயர்ந்துள்ளது",1
"""நான் 1982 ஆம் ஆண்டு முதல் மிச்சிகனில் உள்ள லேக் கவுண்டியில் ஒரு காவலராக இருந்தேன். நான் DEA மற்றும் ATF மற்றும் U.S. மார்ஷல்கள் மற்றும் FBI மற்றும் டெக்சாஸ் ரேஞ்சர்ஸ் ஆகியோருடன் கூட்டாட்சி சோதனைகளை நடத்துகிறேன்.""",1
"நான்சி பெலோசி கூறுகிறார், ""அவசர அறையில் நீண்ட நேரம் காத்திருப்பது புதிய நண்பர்களை உருவாக்க உங்களை அனுமதிக்கும்!""",1
YouGov.com கருத்துக் கணிப்பில் 71 சதவீத ஒபாமா வாக்காளர்கள் அவருக்கு வாக்களித்ததற்கு வருத்தம் தெரிவிக்கின்றனர்.,1
"தற்போதைய கொள்கைகளின்படி, ""அடுத்த 10 ஆண்டுகளில் அமெரிக்காவின் ஒட்டுமொத்த கடனை 3 டிரில்லியன் டாலர்கள் குறைக்கப் போகிறோம்.""",1
"""Mitch McConnell எங்கள் துப்பாக்கி உரிமைகளை மீறுவதற்காக ஹாரி ரீட் உடன் வாக்களித்தார்.""",1
ரஷ்யா-பின்லாந்து ஹாக்கி விளையாட்டின் புகைப்படம் ஒரு சோகமான விளாடிமிர் புடின் மற்றும் டிமிட்ரி மெட்வெடேவைக் காட்டுகிறது.,1
"""ஹவுஸில் உள்ள குடியரசுக் கட்சியின் தலைமை, வேலைகள் மசோதாவை நிறைவேற்றுவது போன்ற ரோட் தீவுக்கு மிகவும் முக்கியமான பிரச்சினைகளைத் தீர்க்க மறுத்துவிட்டது.""",1
"Michele Bachmann கூறுகிறார் ""இயேசு பைபிளை எழுதும் போது ஆங்கிலம் போதுமானதாக இருந்தது.""",1
"ஜான் கார்னின் ""ஒபாமாவின் பொது மன்னிப்பு திட்டத்தை ஆதரிப்பதற்காக 2013 இல் இரண்டு முறை வாக்களித்தார்.""",1
"ஜனாதிபதி பராக் ஒபாமா 1,000 நிர்வாக உத்தரவுகளை பிறப்பித்துள்ளார், இது எந்த நவீன ஜனாதிபதியையும் விட அதிகம்.",1
"ப்ளூ ஷீல்ட் ""கலிபோர்னியாவில் இருந்து முற்றிலும் வெளியேறியது"" என்பதால், நண்பரின் சகோதரி ""ஒபாமாகேரால் இறந்தார்"".",1
"""25% மனித கடத்தல் பாதிக்கப்பட்டவர்கள் டெக்சாஸில் உள்ளனர்.""",1
"மோனிகா வெஹ்பி மற்றும் ஜேசன் காங்கர் ஆகியோர் வேலை தேடும் கிட்டத்தட்ட 23,000 ஓரிகோனியர்களுக்கு ""பேரழிவுகரமான விளைவுகளை ஏற்படுத்துகின்றனர்"".",1
"""நாற்பது ஆண்டுகளுக்கு முன்பு, நாட்டில் யாருக்கும் உடல்நலக் காப்பீடு இல்லை.""",1
"சம்பாதித்த வருமான வரிக் கடன், மருத்துவப் பாதுகாப்பு, மருத்துவ உதவி மற்றும் உணவு முத்திரைத் திட்டங்களில் ""மோசடியின் சராசரி விகிதம்"" 20 முதல் 25 சதவிகிதம் ஆகும்.",1
"மில்வாக்கி கவுண்டி வாரியத்தின் நடவடிக்கை, ""வரி செலுத்துவோர் $300,000 சேமிக்கும் அதே வேளையில், கவர்னர் மற்றும் மில்வாக்கி மேயர் ஆகியோருக்கு இணையான பாதுகாப்பை கவுண்டி எக்ஸிகியூட்டிவ் வழங்கும்.""",1
"அமெரிக்கப் புரட்சிப் போருக்கு முன்னோடியாக இருந்தபோது, ​​""போஸ்டனில் உள்ள சில பையன் தேயிலையின் மீதான வரியை ரகசியமாக உயர்த்த முயன்றதால் அவன் தலை வெடித்தது.""",1
"ஸ்காட் வாக்கரின் வருமானம் ""வரித் திட்டம் ஒரு வரி உயர்வு. இது மாநிலத்தில் உள்ள 80% மக்களுக்கு வரிகளை அதிகரிக்கிறது.""",1
"ஓரிகான் பிரதிநிதி டினா கோடெக், டி-போர்ட்லேண்ட், ""ஒருபோதும் வேலை செய்யவில்லை அல்லது வணிகத்தை நடத்தவில்லை""",1
"ஊடகங்கள் ""துருவச் சுழல்"" என்ற வார்த்தையை உருவாக்கியது என்றும் குளிர்ந்த காற்று ""பனி உருகவில்லை"" என்பதை நிரூபிக்கிறது என்றும் கூறுகிறார்.",1
"""இந்த ஆண்டின் தொடக்கத்தில், [ஜான் டிபெட்ரோ] ஒரு பெண் சக ஊழியரை பாலியல் வன்கொடுமை செய்ததாக குற்றம் சாட்டப்பட்டார்.""",1
"""Obamacare Medical Codes Confirm: Execution by Heading to Be Implemented in America.""",1
"""ஒரு நகரத்திற்கு மூன்று பாதைகள் அர்ப்பணிக்கப்பட்டுள்ளன, அது எனக்கு மகிழ்ச்சி அளிக்கிறது.""",1
"""முதல் திருத்தத்தில் உள்ள மதம் என்ற வார்த்தையின் மூலம், ஸ்தாபகர்கள் கிறிஸ்தவத்தை குறிக்கின்றனர்.""",1
"ஜனாதிபதி பராக் ஒபாமா அறிவித்த புதிய ""தேசம் தழுவிய முஸ்லீம் அவுட்ரீச் திட்டத்தின்"" கீழ் பள்ளி குழந்தைகள் இஸ்லாம் படிப்பதன் மூலம் அதிக மதிப்பெண்களைப் பெற முடியும்.",1
"""பூமி வெப்பமடையவில்லை.""",1
"விளாடிமிர் புடின் கூறுகிறார், ""ஜனாதிபதி ஒபாமாவும் அவரது சக ஜனநாயகக் கட்சியினரும் ஒன்று முட்டாள்கள் அல்லது வேண்டுமென்றே தங்கள் சொந்த பொருளாதாரத்தை அழிக்க முயற்சிக்கின்றனர்.""",1
"""எங்கள் ஜனாதிபதி ஏன் வத்திக்கானுக்கான தூதரகத்தை மூடுவார்? ஒபாமாகேரை எதிர்க்கும் கத்தோலிக்க அமைப்புகளுக்கு இது பழிவாங்கலாகாது.""",1
"""ஒபாமாவின் சுற்றுச்சூழல் பாதுகாப்பு நிறுவனம்"" காரணமாக ""பின் கதவு துப்பாக்கி கட்டுப்பாடு அமெரிக்காவில் முழுமையாக நடைமுறையில் உள்ளது"".",1
"ஒபாமா நிர்வாகம், ""உங்கள் வகுப்பறையில் உள்ள மூத்த வீரர் ஒரு பெரிய துப்பாக்கிச் சூடுக்கு முயற்சித்தால் என்ன செய்வது"" என்ற தலைப்பில் ஒரு துண்டுப் பிரசுரத்தை வழங்குவதாகக் கூறுகிறார்.",1
"$100 மில்லியன் சொத்து வரி நிவாரணத்தைக் கொண்டு வரும் மசோதாவுடன், ""வழக்கமான விஸ்கான்சின் வீட்டு உரிமையாளர் நான்கு ஆண்டுகளில் தோராயமாக $680 சேமிப்பார்.""",1
"பராக் ஒபாமா ""அமெரிக்காவின் மக்கள்தொகையில் பாதி பேர் தங்கள் உடல்நலக் காப்பீட்டை இழக்க நேரிடும் என்பது தெரியும்"" என்கிறார்.",1
"""நாங்கள் சொன்னது என்னவென்றால், சட்டம் இயற்றப்பட்டதிலிருந்து அது மாறவில்லை என்றால் (உங்கள் திட்டத்தை) நீங்கள் வைத்திருக்கலாம்.""",1
"""கடந்த மக்கள்தொகை கணக்கெடுப்பில் மக்கள்தொகையை இழக்காத நாட்டிலுள்ள ஒரே சமூகங்களில் நாங்கள் ஒன்றாகும்.""",1
"""டெக்சாஸ் கவர்னர் ரிக் பெர்ரியின் வாக்காளர் அடையாளச் சட்டம், பல்லாயிரக்கணக்கான பெண் வாக்காளர்களின் வாக்குரிமையை மறுப்பதன் மூலம் வெண்டி டேவிஸை தோற்கடிக்கும் அப்பட்டமான முயற்சியாகும்.""",1
"""எனது பணியிடத்தில் எனக்கு மலிவு கவரேஜ் இருந்தால், சந்தைக்குச் செல்ல நான் தகுதியற்றவன். ... இது சட்டவிரோதமானது.""",1
"""இப்போது தேநீர் விருந்துக்கு நன்கொடை அளிக்கும் வீரர்கள் இராணுவ நீதிக்கான சீரான சட்டத்தின் கீழ் தண்டனையை எதிர்கொள்கின்றனர்.""",1
"விஸ்கான்சின் கலிஃபோர்னியாவிற்கு புதிய தண்ணீரை விற்றது, அந்த மாநிலத்தின் பால் தொழிலுக்கு உதவியது, மேலும் ""ஒரு கொத்து வேலைகளை (மற்றும்) விவசாய நிலங்களை இழந்தது.""",1
"கென் குசினெல்லி ""அனைத்து வகையான பிறப்பு கட்டுப்பாடுகளையும் அகற்ற வேண்டும்"" என்று கூறுகிறார்.",1
"""மைனே மாநிலத்தில் உடல் திறன் கொண்டவர்களில் சுமார் 47 சதவீதம் பேர் வேலை செய்வதில்லை.""",1
"பொது மையத்தின் குறிக்கோள், ""அரசியல் மற்றும் மத நம்பிக்கைகள் உட்பட மாணவர்களிடையே கூட்டாட்சி உறுதியான அணுகுமுறைகள் மற்றும் மனப்போக்குகளை விதைப்பதாகும்.""",1
"காங்கிரஸின் சட்டமியற்றுபவர்கள் தங்கள் சம்பளத்தை ""வாழ்க்கைக்காக"" சம்பாதிக்கிறார்கள், இது ஹவுஸ் மைனாரிட்டி தலைவர் நான்சி பெலோசிக்கு ""இலவச மருத்துவம் உட்பட வாழ்க்கைக்கு ஆண்டுக்கு $803,700 டாலர்கள்"" வரை சேர்க்கும்.",1
"""அமெரிக்க மருத்துவப் பள்ளிக்குச் சென்ற எந்த மருத்துவர்களும் ஒபாமாகேரை ஏற்றுக்கொள்ள மாட்டார்கள்.""",1
பெங்காசி தாக்குதல்கள் நடந்தபோது வெள்ளை மாளிகையில் நேரடி வீடியோ காட்சி இருந்தது.,1
"செயின்ட் பீட்டர்ஸ்பர்க்கில் $10 மில்லியன் தீ கட்டண திட்டம் கவர்னர் ரிக் ஸ்காட் மூலம் ""உத்வேகம்"" செய்யப்பட்டது.",1
"அக்டோபர் 1, 2013 அன்று சந்தை தொடங்கப்பட்ட பிறகு, ஒபாமாகேரில் இருந்து ஒருவர் விலகினார், மேலும் அவர் $4,000 அபராதம் செலுத்த வேண்டும் என்று தெரிவிக்கப்பட்டது.",1
"""ஒபாமா நவம்பர் தேசிய முஸ்லிம் பாராட்டு மாதத்தை அறிவிக்கிறார்.""",1
"கென் குசினெல்லி மாநில அரசாங்கத்தை ""மூட முயற்சித்தார்"".",1
"ஒரு ""அன்பான ஒப்பந்தத்தில் ... காங்கிரஸின் உறுப்பினர்கள், ஒபாமா நிர்வாகத்திற்கு நன்றி, அமெரிக்காவில் ஒபாமாகேர் பரிமாற்றங்களில் மானியங்களைப் பெறும் ஒரே நபர்களாக இருக்கப் போகிறார்கள்.""",1
ஒபாமாகேரை இப்போது நிறுத்திவிட்டு மீண்டும் தொடங்குங்கள் என்கிறார் வாரன் பஃபெட்.,1
"""Obamacare உங்கள் பாலியல் வாழ்க்கையை கேள்விக்குள்ளாக்கும்.""",1
"வாரன் பஃபெட் சமீபத்தில் ""ஒபாமாகேரை ஸ்கிராப் செய்து அனைத்தையும் தொடங்குங்கள்"" என்று கூறினார்.",1
"அமெரிக்கா ""ஈராக் போரில் தனித்து நின்றது.""",1
"கவர்னர் ஸ்காட் வாக்கர் ""இந்த ஆண்டு முழுவதும் பொது நிகழ்ச்சியை செய்யவில்லை"" என்கிறார்.",1
"பெங்காசியில் நடந்த தாக்குதல்கள் குறித்து வெள்ளை மாளிகையின் முன்னாள் பத்திரிகை செயலாளர் டீ டீ மியர்ஸ் எழுதியது, லிபியாவுக்கான அமெரிக்க தூதர் கிறிஸ்டோபர் ஸ்டீவன்ஸின் உடல் ""தெருக்களில் இழுத்துச் செல்லப்பட்டது"" மற்றும் துஷ்பிரயோகம் செய்யப்பட்டது என்பதைக் காட்டுகிறது.",1
"""அமெரிக்காவின் துப்பாக்கி தொடர்பான கொலை விகிதம் … நீங்கள் கலிபோர்னியா, இல்லினாய்ஸ், டி.சி. மற்றும் நியூ ஜெர்சி போன்ற அமெரிக்காவில் கடுமையான துப்பாக்கி கட்டுப்பாட்டுச் சட்டங்களைக் கொண்ட இடங்களை விட்டுவிட்டால், பெல்ஜியத்தைப் போலவே இருக்கும்.""",1
"Obamacare ஏற்பாடு அரசாங்க முகவர்களால் ""கட்டாய வீடு சோதனைகளை"" அனுமதிக்கும்.",1
"Obamacare இன் கீழ், ""ஐஆர்எஸ் அமெரிக்க மக்களின் பாதுகாக்கப்பட்ட சுகாதாரத் தகவலை அணுகும்.""",1
"ஐக்கிய நாடுகளின் செயற்குழு ஒன்று, அங்கத்துவ நாடுகளுக்கு ""தங்கள் எல்லைக்குள் இருக்கும் குடிமக்களை நிராயுதபாணியாக்க"" உதவும் ""முன்மொழியப்பட்ட நிகழ்ச்சி நிரலை"" ஏற்றுக்கொண்டுள்ளது.",1
சில ஆஸ்டின் பள்ளி மாவட்ட வகுப்பறைகளில் மின் நிலையங்கள் இல்லை என்று கூறுகிறார்.,1
2008 ஜனாதிபதி தேர்தல் பிரச்சாரத்தின் போது பில் அயர்ஸ் பற்றி பேசுவதற்கு நான் தடை செய்யப்பட்டேன்.,1
"Obamacare இன் கீழ், ""75 சதவீத சிறு வணிகங்கள் தாங்கள் தொழிலாளர்களை பணிநீக்கம் செய்யவோ அல்லது அவர்களின் நேரத்தை குறைக்கவோ கட்டாயப்படுத்தப் போவதாக இப்போது கூறுகின்றன.""",1
"""அமெரிக்க உள்நாட்டுப் பாதுகாப்புத் துறை வங்கிகளுக்கு -- எழுத்துப்பூர்வமாக கூறியுள்ளது -- அது உத்தரவாதமின்றி பாதுகாப்புப் பெட்டிகளை ஆய்வு செய்து, அந்தப் பெட்டிகளுக்குள் இருக்கும் தங்கம், வெள்ளி, துப்பாக்கிகள் அல்லது பிற மதிப்புமிக்க பொருட்களைக் கைப்பற்றலாம்!""",1
"""பிராவிடன்ஸில், ஆர்.ஐ., ஞாயிற்றுக்கிழமை ஒரே வாடிக்கையாளருக்கு பற்பசை மற்றும் பிரஷ்ஷை விற்பது சட்டவிரோதமானது.""",1
"நிலுவையில் உள்ள சட்டத்தின் கீழ் புதிதாக சட்டப்பூர்வமாக்கப்பட்ட சட்டவிரோத குடியேற்றவாசிகளுக்கு ""ஜனாதிபதி ... நிர்வாக ஆணையின் மூலம்"" வாக்களிக்கும் உரிமையை வழங்க முடியும்.",1
"சுகாதாரப் பாதுகாப்புச் சட்டத்தில் உள்ள ""மறைக்கப்பட்ட"" விதியானது விளையாட்டுப் பொருட்களுக்கு மருத்துவ சாதனங்களாக வரி விதிக்கிறது.",1
"வெளிப்படுத்தல் மீறல்களுக்காக கென் குசினெல்லி ""நடவடிக்கை எடுக்கப்பட்டிருக்க வேண்டும்"" என்று ஒரு புலனாய்வு அறிக்கை கூறுகிறது, ஆனால் வர்ஜீனியாவின் சட்டம் மிகவும் பலவீனமாக இருந்தது.",1
"""தனியார் சிறை அமைப்புகள், மூன்றாம் வகுப்பு மாணவர்களின் எண்ணிக்கையின் அடிப்படையில் எத்தனை புதிய படுக்கைகள் (அவர்களுக்குத் தேவைப்படும்) என்பதைக் கணக்கிடுகின்றன.""",1
"டெக்சாஸ் கருக்கலைப்பு நடவடிக்கை நிறைவேற்றப்பட்டால், ""எல் பாசோவில் வசிக்கும் ஒருவர், கர்ப்பப்பை வாய்ப் புற்றுநோய் பரிசோதனை போன்ற எளிமையான ஏதாவது ஒன்றிற்காக சான் அன்டோனியோவிற்கு ஒவ்வொரு வழியிலும் 550 மைல்கள் ஓட்ட வேண்டும்.""",1
Ohio வரவு செலவுத் திட்டம் பின்னர் அரசாங்கத்தால் கையொப்பமிடப்பட்டதாகக் கூறுகிறார்.,1
"Obamacare ""அமெரிக்காவில் வசிப்பவர்கள் அல்லாத அனைவருக்கும், அவர்கள் சட்டவிரோதமாக இங்கு இருந்தாலும், காப்பீடு வழங்கும்.""",1
"""இந்த நாட்டில் கருக்கலைப்பு இரண்டாவது முறையாக நடத்தப்படும் அறுவை சிகிச்சை ஆகும்.""",1
"ஆர்கன்சாஸ் குடியரசுக் கட்சியின் பிரதிநிதி. டாம் காட்டன் காங்கிரசுக்கு ""வரி செலுத்துவோர் நிதியுதவியுடன் வாழ்நாள் முழுவதும் சுகாதாரப் பாதுகாப்பு"" வழங்க வாக்களித்ததாகக் கூறுகிறார்.",1
"குடியேற்ற மசோதாவில் இலவச ""ஒபாமகர்கள்"", மோட்டார் சைக்கிள்கள் அல்லது ஸ்கூட்டர்கள் அடங்கும்.",1
"அமெரிக்கப் பிரதிநிதி பில் கிங்ரே பொதுப் பள்ளிகள் பெண்களுக்கு ""அவர்களின் இடத்தில் இருக்க"" கற்பிக்க வேண்டும் என்று விரும்புகிறார்.",1
"குடியரசுக் கட்சியின் ஆதரவுடைய மாநில பட்ஜெட்டின் கீழ், விஸ்கான்சினின் பள்ளி வவுச்சர் திட்டத்தின் விரிவாக்கம் ""ஆண்டுக்கு கிட்டத்தட்ட $2 பில்லியன் செலவாகும்"" என்று மாநிலக் கல்வி நிறுவனம் மதிப்பிடுகிறது.",1
புளோரிடாவில் 300 வேலைகள் சேர்க்கப்படும் என்று அறிவித்த Deutsche Bank க்கு Florida சிறப்பு சலுகைகளை வழங்கவில்லை என்று கூறுகிறார்.,1
"""கற்பழிப்பு கிட்"" பெண்களை ""சுத்தம்"" செய்ய, ""அடிப்படையில்"" விரிவடைதல் மற்றும் குணப்படுத்துவதைப் பயன்படுத்தலாம் என்று கூறுகிறார்.",1
கருக்கலைப்பு மார்பக புற்றுநோயின் அபாயத்தை அதிகரிக்கிறது என்கிறார்.,1
"வெளிநாட்டு உளவுத்துறை கண்காணிப்பு நீதிமன்றம் ""வெளிப்படையானது.""",1
"ரோட் தீவு ""கூட்டாட்சி வருமான வரி செலுத்த அரசியலமைப்பின் 13 வது திருத்தத்தை அங்கீகரிக்கவில்லை. எனவே ரோட் தீவு கூட்டாட்சி வருமான வரிகளை கூட செலுத்த வேண்டியதில்லை.""",1
"""சிரியாவில் நடக்கும் அளவுக்கு அப்பாவி மக்கள் படுகொலை செய்யப்படுவதை அமெரிக்கா ஒருபோதும் கண்டுகொள்ளவில்லை.""",1
ஒபாமாகேரில் உள்ள மறைவான விதி விளையாட்டுப் பொருட்களுக்கு மருத்துவ சாதனங்களாக வரி விதிக்கிறது.,1
ஐஆர்எஸ் ஆய்வுக்கு இலக்கான குழுக்களில் மூன்றில் இரண்டு பங்கு பழமைவாதிகள் அல்ல என்கிறார்.,1
"கட்டுப்படியாகக்கூடிய பராமரிப்புச் சட்டத்தின் கீழ், ""76 வயதில் உங்களுக்கு மிகவும் தேவைப்படும்போது, ​​புற்றுநோய் சிகிச்சைக்கு நீங்கள் தகுதி பெறவில்லை"" என்று கூறுகிறார்.",1
"முதலாளிகளுக்கு தொழிலாளர்களின் இழப்பீட்டுத் தள்ளுபடியில் ஒரு பகுதி ""பிரச்சார பணமாக அவருக்குத் திருப்பி அனுப்பப்பட வேண்டும்"" என்று கவர்னர் ஜான் காசிச் கூறுகிறார்.",1
"தேசிய துப்பாக்கி சங்கம் ""கு க்ளக்ஸ் கிளானிலிருந்து விடுவிக்கப்பட்ட அடிமைகளைப் பாதுகாக்க விரும்பிய மதத் தலைவர்களால் நிறுவப்பட்டது.""",1
"ஹெல்த் கேர் சட்டத்தின் பக்கம் 107 இல் ""Dhimmitude"" என்ற வார்த்தை உள்ளது மற்றும் ""முஸ்லிம்கள் காப்பீடு வாங்குவதற்கான அரசாங்க ஆணையிலிருந்து குறிப்பாக விலக்கு அளிக்கப்பட்டுள்ளனர்"" என்று கூறுகிறது.",1
"IRS ஆனது அமெரிக்கர்களின் ""தனிப்பட்ட, நெருக்கமான, மிகவும் நெருக்கமான-உறை-ரகசியங்களை"" உள்ளடக்கிய சுகாதாரப் பாதுகாப்பு குறித்த ""ஒரு பெரிய தேசிய தரவுத்தளத்தின்"" ""பொறுப்பில்"" இருக்கப் போகிறது.",1
"பாஸ்டன் மராத்தான் குண்டுவெடிப்பு சந்தேக நபரான டமர்லான் சர்னேவ் ஜனாதிபதி கென்னடியின் கல்லறையிலிருந்து ""தொலைவில் இல்லை"" புதைக்கப்பட்டார்.",1
"""பசுமை இல்ல வாயுக்களை ஒரு பிரச்சனையாக அறிவியல் காட்டவில்லை.""",1
"எட் ஃபிட்ஸ்ஜெரால்டு ""பணம் கொடுத்து விளையாடும் மற்றும் ஊழல் அரசியல்"" என்று குற்றம் சாட்டுகிறார்.",1
"""புதிய கிணறுகள் காரணமாக கடந்த ஆண்டில் கிட்டத்தட்ட 40,000 புதிய வேலைகள் உருவாக்கப்பட்டன. . இங்கே ஓஹியோவில்.""",1
"கருக்கலைப்பு கிளினிக்குகளில் புதிய வர்ஜீனியா விதிமுறைகள் ""பல் அலுவலகங்களில் நாங்கள் எதிர்பார்க்கும் அதே சுகாதார சூழலை வழங்குகின்றன.""",1
"ஆகஸ்ட் 2010ல் எல்லைப் பாதுகாப்புக் கோரிக்கைகளை முன்வைத்து பராக் ஒபாமா எழுதிய கடிதத்திற்கு ""இன்னும் பதில் வரவில்லை"" என்று கூறுகிறார்.",1
"""வேலை வரி குறைப்பு"" ""கடந்த நான்கு ஆண்டுகளில் 40,000 புதிய வேலைகளை உருவாக்கியது.""",1
"""அரசாங்கம். ஸ்காட் வாக்கர் (அவரது) 250,000 வேலைகள் இலக்கை அடைய பாதியிலேயே இருக்கிறார்.""",1
"""2012 ஆம் ஆண்டில், விஸ்கான்சின் 4 பள்ளிகளில் 1 பள்ளிகள் பொதுக் கல்வித் துறையின் சமீபத்திய அறிக்கை அட்டைகளில் சப்பார் ஸ்கோர் பெற்றுள்ளன"" மேலும் அவர்கள் சேவை செய்யும் குழந்தைகளை ""தோல்வி"" செய்கின்றன.",1
"அவரது போக்குவரத்து பட்ஜெட் மற்றும் ஓஹியோ டர்ன்பைக் திட்டம் ""டர்ன்பைக்கின் வரலாற்றில் இருந்ததை விட குறைவான கட்டணத்தை நாங்கள் உறுதி செய்யும்"" என்று கூறுகிறார்.",1
"""2008 ஆம் ஆண்டு US General Accountability Office (GAO) இன் அறிக்கையானது தெற்கில் AshBritt மூலம் கத்ரீனா கழிவுகளை அகற்றியதன் விளைவாக வளைகுடா கடற்கரையில் அசுத்தமான தளங்கள் மற்றும் நியூ ஆர்லியன்ஸில் இரண்டு புதிய Superfund தளங்கள் உருவாக்கப்பட்டன.""",1
"""அமெரிக்க குடிமக்கள் அல்லாத மற்றும் PELL கிராண்ட் பெறும்"" கல்லூரி மாணவர்கள் இலவச எரிவாயு அட்டைகள் மற்றும் குழந்தை பராமரிப்பு ஆகியவற்றைப் பெற்ற பிறகு தங்கள் சொந்த நாடுகளுக்குத் திரும்ப திட்டமிட்டுள்ளனர்.",1
"தேவாலயம் அதன் நம்பிக்கைகளை மாற்றவில்லை என்றால், தேவாலய தொண்டு நிறுவனங்கள் மற்றும் மருத்துவமனைகளை மூடுவதற்கு கூட்டாட்சி அதிகாரங்களைப் பயன்படுத்துவோம் என்று ஜனநாயகக் கட்சியினர் கத்தோலிக்க திருச்சபையிடம் கூறினார்கள்.",1
"""கே: இந்த 'தேசபக்தி' அமெரிக்கர்களுக்கு பொதுவானது என்ன? ப: அவர்கள் அனைவரும் டிராஃப்ட் டாட்ஜர்கள்.""",1
"""அதிக ஆர்வமுள்ள கட்டுப்பாட்டாளர்கள், அதிகப்படியான வரிவிதிப்பு மற்றும் பேராசை கொண்ட வழக்குகள்"" இல்லாவிட்டால், அல்சைமர் நோயை 10 ஆண்டுகளில் குணப்படுத்த முடியும் என்று விஞ்ஞானிகள் எங்களிடம் கூறுகிறார்கள்.",1
"ஒவ்வொரு ""உணவு முத்திரைகளில் மூன்று டாலர்கள் ஏழைகளுக்கு, ஏழு டாலர்கள் சம்பளம் மற்றும் ஓய்வூதியம் (செல்ல) ஏழைகளைக் கவனித்துக் கொள்ள வேண்டிய அதிகாரிகளுக்கு"".",1
"அமெரிக்கப் பிரதிநிதி ஸ்காட் ரிகெல் ""ஒரு கூட்டாட்சி பதிவு அமைப்பில் துப்பாக்கி வைத்திருப்பவர்களை விரும்புகிறார்.""",1
"""கர்ட் ஷ்ரேடர் ஒபாமாவின் சீக்வெஸ்டரை ஆதரிக்கிறார் … ஆனால் புதிய வீடியோ கேம்களுக்கு நிதியளிக்க $1.6 மில்லியனைக் குறைக்கமாட்டார்"" என்று கூறுகிறார்.",1
2012ல் புளோரிடாவில் தனியார் துறையில் உருவாக்கப்பட்ட அரசு வேலைகளை விட அதிகமான அரசு வேலைகளை கவர்னர் ரிக் ஸ்காட் குறைத்துள்ளார்.,1
"""சீக்வெஸ்டரை மாற்றுவதற்கு செனட் ஜனநாயகக் கட்சி அல்லது வெள்ளை மாளிகையிடம் இருந்து எந்த திட்டமும் இல்லை.""",1
"""வேர்ல்ட் ஆஃப் வார்கிராப்ட் விளையாடுவதற்கு மூத்தவர்களுக்கு அவர்களின் மூளையில் ஏற்படுத்திய தாக்கத்தை ஆய்வு செய்ய தேசிய அறிவியல் அறக்கட்டளை $1.2 மில்லியன் செலவிட்டது.""",1
"""கடந்த ஆண்டு சுத்தியலால் செய்யப்பட்ட கொலைகள்... ஷாட்கன்கள் மற்றும் கைத்துப்பாக்கிகள் மற்றும் AK-47களை விட அதிகம்.""",1
"பாதுகாப்பு செயலாளராக சக் ஹேகல் நியமனம் ""ஈரானிய அரசாங்கத்தால் பகிரங்கமாக கொண்டாடப்பட்டது"" என்று கூறுகிறார்.",1
"""துப்பாக்கிகளால் கொல்லப்பட்டவர்களை விட பேஸ்பால் மட்டைகள் மற்றும் சுத்தியலால் கொல்லப்பட்டவர்கள் அதிகம்.""",1
"வர்ஜீனியாவைத் தவிர, ""மற்ற 49 மாநிலங்கள் தங்கள் எரிவாயு வரியை உயர்த்திக் கொண்டே இருக்கின்றன.""",1
"விஸ்கான்சின் மாநில சட்டமியற்றுபவர்கள் 2012 இல் ஏழு நாட்கள் வேலை செய்தார்கள் ஆனால் ""ஒரு வருடம் முழுவதும் ஊதியம்"" பெற்றார்கள்.",1
"""ஒரு ஆண் பூனை ஐந்து ஆண்டுகளில் 420,000 பூனைக்குட்டிகளை வளர்க்கும் என்று புள்ளிவிவரங்கள் காட்டுகின்றன.""",1
"கார் பதிவை $56 ஆக உயர்த்துவதற்கான அவரது திட்டம் இன்னும் வர்ஜீனியாவை ""பெரும்பாலான மாநிலங்களுக்கு சமமான அல்லது குறைவான"" கட்டணத்துடன் விட்டுவிடும் என்று கூறுகிறார்.",1
"""நாங்கள் கடந்த வாரம் நீனாவில் பள்ளிக்கு அருகில் ஒருவரை வில் மற்றும் அம்புகளால் கொன்றுவிட்டோம்.""",1
"""நைட்ஸ் ஆஃப் கொலம்பஸ் போன்ற மதக் குழுக்கள் தங்கள் நம்பிக்கைகளுக்கு எதிராக ஒரே பாலின திருமண விழாக்களை தங்கள் வசதிகளில் அனுமதிக்க வேண்டிய கட்டாயத்தில் உள்ளனர்.""",1
"அமெரிக்கப் பிரதிநிதி ஜான் பாரோ, டி-கா., பள்ளி துப்பாக்கிச் சூடுகளை எதிர்கொண்டாலும் துப்பாக்கி உரிமை கொண்டாடுகிறார்.",1
"கிறிஸ் கிறிஸ்டியின் திட்டம், ""எங்கள் பொருளாதாரத்தைத் தொடங்குவதற்கான"" திட்டம், ""வருமான வரிக் குறைப்பை முன்மொழிவதாகும், அது செல்வந்தர்களுக்கு விகிதாச்சாரத்தில் பலனளிக்கிறது, மேலும் அவர் அதை இன்னும் முன்மொழிகிறார்.""",1
"காங்கிரஸின் உறுப்பினர்கள் ""பாலியல் துன்புறுத்தலுக்காக வழக்குத் தொடரும் பயத்தில் இருந்து விடுபடுவது போன்ற தாங்கள் இயற்றிய பல சட்டங்களிலிருந்து குறிப்பாக தங்களை விலக்கிக் கொண்டனர்"" ... (மற்றும்) சுகாதார சீர்திருத்தத்திலிருந்து.""",1
"காங்கிரஸின் உறுப்பினர்கள் பதவியில் ""ஒரே ஒரு காலத்திற்குப் பிறகு அதே ஊதியத்துடன் ஓய்வு பெறலாம்""",1
11 மாநிலங்களில் வேலைவாய்ப்பைக் காட்டிலும் மக்கள் நலனில் அதிகம் உள்ளதாகக் கூறுகிறது.,1
"""விமான நிலையத்தில் எங்கள் எண்ணிக்கை அதிகரித்து வருகிறது.""",1
"""சுவிட்சர்லாந்து (அரசாங்கம்) ஒவ்வொரு வீட்டிற்கும் துப்பாக்கியை வழங்குகிறது.",1
"விஸ்கான்சின் பதவியேற்றதில் இருந்து ""100,000க்கும் குறைவான"" வேலைகளை உருவாக்கியுள்ளது.",1
சர்வதேச ஒப்பந்தங்கள் மூலம் அமெரிக்க குடிமக்களுக்கான அனைத்து ஆயுதங்களையும் தடை செய்ய ஒபாமா நிர்வாகம் திட்டமிட்டுள்ளதாக கூறுகிறது.,1
"""நீங்களும் நானும் இப்போது ஒபாமாகேருக்கு பணம் செலுத்தத் தவறினால், சுமார் 16,000 புதிய ஐஆர்எஸ் முகவர்கள் எங்கள் தனிப்பட்ட மருத்துவப் பதிவுகளில் தேடத் தொடங்குவார்கள், எங்களின் ஒவ்வொரு சிகிச்சைகள் மற்றும் ""மீறல்களுக்கான"" மருந்துச் சீட்டுகள் ஆகியவற்றைக் கண்காணித்துக்கொள்வார்கள்.""",1
"""ஓஹியோவில் உள்ள ஒரு கவுண்டியில் மட்டும், ஜனாதிபதி ஒபாமா 106,258 வாக்குகளைப் பெற்றார். ஆனால் 98,213 வாக்காளர்கள் மட்டுமே தகுதி பெற்றனர்.""",1
"""மிட் ரோம்னிக்கு ஒப்புதல் அளித்த அமெரிக்காவின் முதல் கவர்னர் நான்"" என்று கூறுகிறார்.",1
"""ஷெல்டன் வைட்ஹவுஸ் [2008 பொருளாதார] வீழ்ச்சியைப் பற்றி எச்சரித்து, ஒரு இரகசிய மூடிய-கதவு விளக்கமளித்தார்.""",1
"ஷெல்டன் வைட்ஹவுஸ் ""நடுத்தர வர்க்கத்தின் மீது $525 பில்லியன் வரி அதிகரிப்புக்கு"" வாக்களித்தார்.",1
"வாக்காளர்களை ஒன்று திரட்டுவதற்கான ஒபாமா பிரச்சார யுக்தியானது ""அவர்களுக்கு செல்போன்களை வழங்குவது"" ஆகும்.",1
"பராக் ஒபாமா, ""சீனாவில் ஜீப்களை உருவாக்கப் போகும் இத்தாலியர்களுக்கு கிறைஸ்லரை விற்றார்"" என்று அமெரிக்க வேலைகளின் விலையில் கூறுகிறார்.",1
"""ஜனாதிபதி ஒபாமாவின் கீழ்: நடுத்தர குடும்பங்களுக்கு $4,000 வரி உயர்வு.""",1
"""Buehler தேர்ந்தெடுக்கப்பட்டால், எங்கள் வாக்கு மூலம் அஞ்சல் முறை ஆபத்தில் இருக்கும்.""",1
"""வர்ஜீனியா ஆவணங்கள் (ஸ்காட்) ரிகெலின் பிரச்சாரத்தை 'பெரும்பாலும் தவறானது' என்று அழைத்தன.""",1
"பால் ரியானின் பட்ஜெட் திட்டம் ""மருத்துவக் காப்பீட்டை முடிக்கிறது"" என்கிறார்.",1
"பராக் ஒபாமா தனது ஜனாதிபதி பதவியை ""ஒரு மன்னிப்பு பயணத்துடன்"" தொடங்கினார்.",1
"மிட் ரோம்னி பிக் பேர்டை ""தீ"" செய்ய திட்டமிட்டுள்ளதாக கூறுகிறார்.",1
ஜனாதிபதி பராக் ஒபாமாவின் அமைச்சரவை உறுப்பினர்களில் 10 சதவீதத்திற்கும் குறைவானவர்கள் தனியார் துறை அனுபவம் கொண்டவர்கள்.,1
"அமெரிக்க செனட் ஷெல்டன் வைட்ஹவுஸ் ""வால் ஸ்ட்ரீட் நிர்வாகிகளுக்கு மில்லியன் கணக்கான போனஸ்களை வெகுமதியாக வழங்கினார்.""",1
"டெக்சாஸிற்கான மாநில வருமான வரியை ""நான் ஒருபோதும் ஆதரிக்கவில்லை"".",1
"""(பராக் ஒபாமா) நீண்ட கால கடன் மற்றும் பற்றாக்குறையை $4 டிரில்லியன் குறைக்கப் போவதாகக் கூறுகிறார், அதை எப்படிச் செய்யப் போகிறார் என்று சொல்லவில்லை.""",1
"எரிக் கேன்டர், அரசாங்கம் மூடப்பட்டால் காங்கிரஸுக்கு பணம் வழங்கப்படும் என்றும், துருப்புக்களுக்கு உத்தரவாதம் அளிக்கப்படுவதற்கு எதிராகவும் காங்கிரஸுக்கு உறுதியளிக்க வாக்களித்ததாகக் கூறுகிறார்.",1
மிட் ரோம்னியின் முதலீடு பூஜ்ஜிய வேலைகளை உருவாக்கியது என்கிறார்.,1
"இல்லினாய்ஸ் ஜனநாயகக் கட்சியைச் சேர்ந்த டேவிட் கில் ""மருத்துவப் பாதுகாப்பை முடிவுக்குக் கொண்டு வருவார்"" என்று கூறுகிறார்.",1
"""பராக் ஹுசைன் ஒபாமா ... வாடகை குழந்தைகளை வாங்குவதற்கு ஓரினச்சேர்க்கையாளர்களுக்கு உதவுமாறு மருத்துவர்களை கட்டாயப்படுத்துவார்.""",1
"""பராக் ஹுசைன் ஒபாமா... உள்ளூர் அதிகாரிகளை ஆக்கிரமிப்பு போராட்டக்காரர்களை பூங்காக்களில் வாழ அனுமதிக்கும்படி வற்புறுத்துவார்.""",1
"""பராக் ஹுசைன் ஒபாமா ... உள்நாட்டு தகராறுகளில் இஸ்லாமிய ஷரியா சட்டத்தை ஏற்க நீதிமன்றங்களை கட்டாயப்படுத்துவார்.""",1
"""மாநிலத்தின் மிகப் பெரிய அரசாங்கங்களில் ஒன்று இந்த வரியை இந்த ஆண்டுதான் தங்களின் முதன்மையான முன்னுரிமைகளில் ஒன்றாகச் செய்துள்ளது"" என்று கூறுகிறார்.",1
டெக்சாஸில் காற்றாலை அமைக்க 450 மில்லியன் டாலர்களை சீனாவுக்கு அனுப்பினார் ஒபாமா.,1
"""மறுபகிர்வு"" என்பது ""அமெரிக்காவின் ஒரு பண்பாக இருந்ததில்லை.""",1
"""PB&J சாண்ட்விச்களை இனவெறியாகக் கருத போர்ட்லேண்ட் பள்ளிகள் $500K செலவிடுகின்றன.""",1
"அமெரிக்க செனட் வேட்பாளர் டம்மி பால்ட்வினின் பாலியல் நோக்குநிலையை விமர்சித்து மின்னஞ்சலை அனுப்பியபோது ஒரு உதவியாளர் ""தன்னிச்சையாக செயல்பட்டார்"" மற்றும் ""தாம்சன் பிரச்சாரத்தை பிரதிநிதித்துவப்படுத்தவில்லை"".",1
"""சென். பாப் மெனெண்டஸ் 3.8% வீடுகள் விற்பனைக்கு ஒரு புதிய வரியை அமல்படுத்த வாக்களித்தார்.""",1
"""இது அமெரிக்காவில் மிகப்பெரிய கேசினோவாக இருக்கும்.""",1
"""குடியரசுக் கட்சியினர் செய்வது இஸ்ரேலுக்கு ஆபத்தானது"" என்று இஸ்ரேலிய தூதர் கூறியதாக அவர் தவறாகக் குறிப்பிடப்பட்டதாகவும் ""சொல்லவில்லை"" என்றும் கூறுகிறார்.",1
பராக் ஒபாமா ஒரு முஸ்லிம் என்கிறார்.,1
அமெரிக்க ராணுவ சீருடைகள் சீனாவில் தயாரிக்கப்படுகின்றன.,1
"பராக் ஒபாமா தனது ஜனாதிபதி பதவியை ""ஒரு மன்னிப்பு பயணத்துடன்"" தொடங்கினார்.",1
"ஒபாமா நிர்வாகம் ""பண்ணைக் குழந்தைகளை அடிப்படை வேலைகளைச் செய்வதைத் தடைசெய்யவும் முன்மொழிந்தது!""",1
"ஜனாதிபதி ஒபாமா ""நலனுக்கான வேலை தேவையை"" தள்ளுபடி செய்துள்ளார்.",1
"டென்னசி கவர்னர் பில் ஹஸ்லாம் ""அவர் ஆளுநராக இருக்கும் வரை இஸ்லாமியர்களின் (sic) மற்றும் அவர்களின் தீவிர சித்தாந்தத்தின் நலன்களை ஊக்குவிக்கும் கொள்கையை பின்பற்றுவார் என்பதை தனது தொடர்ச்சியான செயல்களால் தெளிவுபடுத்தியுள்ளார்"" என்று கூறுகிறார்.",1
"பிரதிநிதிகள். ரஷ் ஹோல்ட், ஃபிராங்க் பல்லோன் மற்றும் பில் பாஸ்க்ரெல் ஆகியோர் ""பெரிய அரசு சுகாதாரப் பராமரிப்பிற்கு"" பணம் செலுத்துவதற்காக ""மருத்துவ காப்பீட்டிலிருந்து $741 பில்லியனைப் பெறுவதன் மூலம் மூத்தவர்களின் கவரேஜ் அணுகலைப் பாதிக்கத் தயாராக உள்ளனர்"" என்கிறார்.",1
ஓஹியோ குடும்பங்களுக்கு எதிராக ஜோஷ் மண்டேல் பந்தயம் கட்டினார்,1
"ஷெரோட் பிரவுன் ""எங்களின் பில்லியன் கணக்கான வரி டாலர்களை வெளிநாடுகளுக்கு அனுப்பினார்.""",1
"மத்திய அரசாங்கம் ""விமான நிலையப் பாதுகாப்பு என்ற பெயரில் அந்நியர்-ஆபத்து மண்டலங்களில் குழந்தைகளைப் பிடிக்கும் திருநங்கைகள் (sic) மற்றும் ஓரினச்சேர்க்கையாளர்களை கட்டாயப்படுத்துகிறது"" என்று கூறுகிறது.",1
"புளோரிடா மாநில செயலாளராக, கர்ட் பிரவுனிங் ""1,800 சட்டவிரோத வாக்காளர்களை புளோரிடாவில் பதிவு செய்ய அனுமதித்தார்.""",1
"""ஒபாமாவின் திட்டத்தின் கீழ் (நலத்திற்காக), நீங்கள் வேலை செய்ய வேண்டிய அவசியமில்லை, வேலைக்குப் பயிற்சி பெற வேண்டிய அவசியமில்லை. அவர்கள் உங்கள் நலன் காசோலையை அனுப்புகிறார்கள்.""",1
"மருத்துவ காப்பீட்டு பிரீமியங்கள் ""2013 இல் $120.20 ஆகவும், 2014 இல் $247.00 ஆகவும்"" உயரும்.",1
மிட் ரோம்னி 10 ஆண்டுகளாக வரி செலுத்தவில்லை என்கிறார்.,1
"""காங்கிரஸ்காரர் ஸ்காட் டெஸ்ஜார்லாய்ஸின் (TN-04) குடியரசுக் கட்சியின் பெரும்பான்மைக்கு நிதியளிக்கும் குழுக்களுக்குப் பின்னால் வெளிநாட்டு சீன விபச்சாரப் பணம் இருப்பதாகக் கூறப்படுகிறது.""",1
"""எலிசபெத் காக்ஸின் உதவிக்கு நன்றி, தொழிற்சங்கங்களை உடைத்ததன் மூலமும், பேட்ஜர்கேரை வெட்டுவதன் மூலமும், ஏழைகள் மற்றும் நடுத்தர வர்க்கத்தினர் மீது வரிகளை உயர்த்துவதன் மூலமும் மில்லியன் கணக்கான டாலர்கள் வரிச் சலுகைகள்"" வழங்கப்பட்டதாகக் கூறுகிறார்.",1
"அவரது ""அல்ட்ராசவுண்டில் காப்புரிமை நவீன மருத்துவத்தில் புரட்சியை ஏற்படுத்தியுள்ளது"" என்று கூறுகிறார்.",1
"டோனா காம்ப்பெல் மருந்து, மளிகை பொருட்கள் மற்றும் ரியல் எஸ்டேட் ஆகியவற்றிற்கு 35 சதவீத விற்பனை வரியை உயர்த்துவதாக கூறுகிறார்.",1
"""சராசரியாக $15,000 கார்களுக்காக செலவழித்த"" ஏழு ""டீ பார்ட்டி ஃப்ரெஷ்மென்களில்"" அமெரிக்கப் பிரதிநிதி சீன் டஃபியும் ஒருவர் என்று கூறுகிறார்.",1
"மிட் ரோம்னி கூறுகிறார், ""கற்பழிப்பு மற்றும் பாலுறவு வழக்குகளில் கூட, அனைத்து கருக்கலைப்புகளையும் சட்டவிரோதமாக்கும் மசோதாவை ஆதரித்தார்.""",1
"பராக் ஒபாமா தூண்டுதல் செலவினங்களை அங்கீகரிக்க ""சாண்டி ஆடம்ஸை எண்ணினார்"" என்று கூறுகிறார்.",1
"சுகாதாரப் பாதுகாப்புச் சட்டத்தில் ""அனைத்து ரியல் எஸ்டேட் பரிவர்த்தனைகளிலும்"" ""3.8% விற்பனை வரி"" அடங்கும்.",1
"ஜனாதிபதி பராக் ஒபாமா ""இரண்டு நூற்றாண்டுகளுக்கு மேலாக குவிக்கப்பட்ட தேசியக் கடனை ஒரு வருடத்தில் இரட்டிப்பாக்கினார்"" என்று கூறுகிறார்.",1
"""சென். ஷெரோட் பிரவுனுடன் மூன்று விவாதங்களை ஏற்றுக்கொண்டதாக ஜோஷ் மண்டேல் கூறும்போது, ​​அவர் பொய் சொல்கிறார். அவர் ZERO உத்தேச விவாதங்களை ஏற்றுக்கொண்டார்.""",1
"ஷரியா இணக்கத்தில் நிபுணத்துவம் பெற்ற ஒரு பெண்ணை பணியமர்த்துவதன் மூலம், கவர்னர் பில் ஹஸ்லாம், ""எங்கள் பொருளாதார மேம்பாட்டுத் துறையை ஷரியாவுக்கு இணங்கச் செய்கிறார்"". அதுதான் அவரது வேலை.",1
"""Obamacare"" என்பது ""வரலாற்றில் மிகப்பெரிய நடுத்தர வர்க்க வரி உயர்வு"" என்கிறார்.",1
"""Obamacare""  என்பது ""உலக வரலாற்றில் மிகப்பெரிய வரி அதிகரிப்பை"" குறிக்கிறது.",1
"கட்டுப்படியாகக்கூடிய பராமரிப்பு சட்டம் ""வரலாற்றில் மிகப்பெரிய வரி அதிகரிப்பாக குறையும்.""",1
"மற்ற குடியிருப்பாளர்களுக்கு சொத்து வரியை ஈடுகட்ட கோடீஸ்வரர்கள் மீதான மாநில வருமான வரி விகிதத்தை உயர்த்துவது ""வரி அதிகரிப்பு அல்ல. இது ஒரு வரி மாற்றம்"" என்கிறார்.",1
"பேட்மேன் படத்தில் வில்லனின் பெயர் பேன் என்பது ""தற்செயலாக"" இல்லை என்று கூறுகிறார்.",1
ட்ரேவோன் மார்ட்டின் முகத்தில் பச்சை குத்தியிருக்கும் உண்மையான புகைப்படத்தை ஊடகங்கள் வெளியிடாது.,1
"""காங்கிரஸ் உறுப்பினர் சீன் டஃபியின் குடியரசுக் கட்சி பெரும்பான்மைக்கு நிதியளிக்கும் குழுக்களுக்குப் பின்னால் வெளிநாட்டு சீன விபச்சாரப் பணம் இருப்பதாகக் கூறப்படுகிறது.""",1
"ஜனாதிபதி ஒபாமாவின் சுகாதாரச் சட்டம், ""உங்கள் வீட்டை விற்கும் போது, ​​3.8 சதவீத வரி செலுத்த வேண்டும்"" என்று கூறுகிறது.",1
"""காங்கிரஸ் உறுப்பினர் ஜிம் ரெனாச்சியின் குடியரசுக் கட்சியின் பெரும்பான்மைக்கு நிதியளிக்கும் குழுக்களுக்குப் பின்னால் வெளிநாட்டு சீன விபச்சாரப் பணம் இருப்பதாகக் கூறப்படுகிறது.""",1
"சுகாதார பாதுகாப்பு சட்டம் ""நடுத்தர வர்க்கத்தின் மீது வரலாற்றில் மிகப்பெரிய வரி அதிகரிப்பை சுமத்துகிறது.""",1
"ஜான் டங்கன் ஜூனியரால் கடந்த 10 ஆண்டுகளில், ஒரே ஒரு சட்டம் மட்டுமே ஒத்துழைக்கப்பட்டு நிறைவேற்றப்பட்டுள்ளது.",1
"ஜனாதிபதி ஒபாமாவின் சுகாதாரப் பாதுகாப்புச் சீர்திருத்தச் சட்டத்தின் கீழ் மருத்துவக் காப்பீட்டை விரிவுபடுத்துவதற்கான ""ஆணையை"" மாநிலங்கள் இன்னும் எதிர்கொள்கின்றன.",1
"""20 பணியாளர்கள்"" உள்ள ஒரு நிறுவனம், காப்பீடு வாங்குவதற்கான உடல்நலப் பாதுகாப்புச் சட்டத் தேவைகள் காரணமாக ""வணிகத்திற்கு வெளியே"" செல்லலாம்.",1
"""வீட்டில் கார்களை கழுவுபவர்கள் கார் கழுவும் தண்ணீரை விட தோராயமாக 80 சதவிகிதம் அதிகமாக தண்ணீர் பயன்படுத்துவார்கள்.""",1
"""பராக் ஒபாமாவும் அவரது குழுவும்"" ""சொல்லின் ஒவ்வொரு வகையிலும் சோசலிஸ்டுகள்"" என்று கூறுகிறார்.",1
"""Obamacare . . உலக வரலாற்றில் மிகப்பெரிய வரி உயர்வு.""",1
"""ரிவர் ஸ்கூல், வாஷிங்டன், டி.சி., காது கேளாதோருக்கான பள்ளியின் உதடு வாசிப்புப் பயிற்றுவிப்பாளர்"", 9/11 விழாக்களில், ""இதெல்லாம் ஒரு கொடிய கொடிக்காக"" என்று மிச்செல் ஒபாமா தீர்மானித்ததாகக் கூறுகிறார்.",1
"விஸ்கான்சினின் GOP U.S. பிரதிநிதி சீன் டஃபி ""மருத்துவக் காப்பீட்டை முடிவுக்குக் கொண்டுவர இரண்டு முறை வாக்களித்தார்"" என்கிறார்.",1
"ஃபெடரல் ஹெல்த் கேர் சீர்திருத்தங்கள், ‘சுகாதாரத்தை அரசாங்கம் கையகப்படுத்துவது.’",1
"""அமெரிக்காவில் HUD சொத்துக்களில் வசிப்பவர்களில் கிட்டத்தட்ட 60% பேர் சட்டவிரோதமானவர்கள்.""",1
"ஆர்க்டிக் தேசிய வனவிலங்கு புகலிடத்தில் ""வனவிலங்குகள் இல்லை"".",1
"ஒவ்வொரு டாலரின் 97 சென்ட்களும் ""வேலை உருவாக்கம், பள்ளிகள், மாநில பூங்காக்கள் மற்றும் நீர்நிலைகளுக்கு உதவுவதற்காக ஒவ்வொரு ஆண்டும் ஓரிகோனியர்களுக்கு $500 மில்லியன் டாலர்களுக்கு மேல் திரும்பப் பெறுகிறது"" என்று கூறுகிறார்.",1
"""எல்லா உணவு முத்திரைகளிலும் 43 சதவீதத்திற்கும் அதிகமானவை சட்டவிரோதமானவர்களுக்கு வழங்கப்படுகின்றன.""",1
"ஷெரோட் பிரவுன் ""நிர்வாகிகளுக்கு பெரும் போனஸ் கொடுத்தார்.""",1
"பராக் கூறுகிறார் ""எங்கள் துப்பாக்கிகளுக்காக தான் வருவதாக ஒபாமா ஒப்புக்கொள்கிறார், சாரா பிராடியிடம், 'நாங்கள் (துப்பாக்கி கட்டுப்பாட்டில்) வேலை செய்கிறோம், ஆனால் ரேடாரின் கீழ்' என்று கூறுகிறார்.",1
பராக் ஒபாமா ஒரு சோசலிஸ்ட் என்கிறார்.,1
"ஜனாதிபதி பராக் ஒபாமாவின் பிறப்புச் சான்றிதழை ஒபாமா ஊடகங்களுக்கு வெளியிடுவதற்கு இரண்டு நாட்களுக்கு முன்பு, ஹவாய் கவர்னர் நீல் அபெர்க்ரோம்பி, கின்கோவிற்கு ஒரு இரவு நேர விஜயம் செய்தார்.",1
"புதிய ஹார்ட்ஸ்ஃபீல்ட்-ஜாக்சன் சர்வதேச முனையம் ""நேரம் மற்றும் பட்ஜெட்டில்"" இருந்தது.",1
"""ஸ்காட் வாக்கர் அரசு நிலங்களை தனியார்மயமாக்கும் திட்டத்தைக் கொண்டுள்ளார்"" மேலும் ""எங்கள் மான்களை அதிக விலைக்கு வாங்குபவர்களுக்கு விற்க விரும்புகிறார்.""",1
"Ted Cruz ""சட்டவிரோதமாக குடியேறியவர்களுக்கு பொது மன்னிப்பு வழங்குவதில் முன்னணியில் இருக்கும் இரண்டு தேசிய அமைப்புகளை நடத்த உதவுகிறது.""",1
"""முந்தைய ஜனநாயக ஆட்சிகள் செய்ய மறுத்த"" உணவு வரிக் குறைப்புகளுக்கான கடன் உரிமை கோருகிறது.",1
"லாரி டெய்லர் ""சட்டவிரோதமாக குடியேறியவர்களுக்கு மாநில கல்வி"" என்று கூறுகிறார்.",1
"இந்த ஆண்டு ஜனநாயகக் கட்சியின் சட்டமன்ற உறுப்பினர்கள் ""எந்தச் சூழ்நிலையிலும் உங்கள் வரிகளைக் குறைக்க விரும்பவில்லை"" என்கிறார்கள்.",1
"ஹார்ட்ஸ்ஃபீல்ட்-ஜாக்சனின் புதிய சர்வதேச முனையம் ""பட்ஜெட்டுக்குள்"" திறக்கப்படுகிறது.",1
"கவர்னர் ஸ்காட் வாக்கர், ""சிறுவன் பலாத்காரம்"" செய்ததாக குற்றம் சாட்டப்பட்ட ஒருவரின் கிரிமினல் தற்காப்புக்காக பணம் கொடுக்க உதவுகிறார்.",1
"""பராக் ஒபாமாவும் ஹிலாரி கிளிண்டனும் ஐக்கிய நாடுகள் சபையுடன் துப்பாக்கிப் பிரயோகத்தை தடை செய்யும் உடன்படிக்கையை மேற்கொள்வது குறித்து பேச்சுவார்த்தை நடத்தி வருகின்றனர்.""",1
"ஜனாதிபதி பராக் ஒபாமாவின் நிதிக் குழு ""எந்த நிதி நிறுவனத்திலும் அனைத்து பரிவர்த்தனைகளுக்கும் 1% வரி"" பரிந்துரைக்கிறது என்று கூறுகிறார்.",1
"""20 மில்லியன் மக்கள் தங்களின் தற்போதைய கவரேஜை இழக்க நேரிடும்"" ... ""மருத்துவப் பாதுகாப்பில் இருக்கும் எங்கள் மூத்த குடிமக்கள் உட்பட.""",1
மார்சி கப்டூர் தனது இராணுவ சேவை மற்றும் விமானப்படையில் பயிற்சி பெற்ற வீரர்களுக்கு அவமரியாதை காட்டியதைத் தாக்கியதாக கூறுகிறார்.,1
"""பணக்காரர்களுக்கு அதிக வரிக் குறைப்புகளை"" வழங்குவது குறித்து பில் பாஸ்க்ரெல் கூறுகிறார், ""குடியரசுக் கட்சியினர் சிறந்த யோசனைகளைக் கொண்டிருந்தனர். அவர்களின் சில யோசனைகளை நான் விரும்பினேன்.""",1
"பிரதிநிதி பெட்டி சுட்டன் ""ஓஹியோ குடும்பங்களுக்கு ஆதரவாக நிற்பதை விட ஆக்கிரமிப்பு (வால் ஸ்ட்ரீட்) உடன் கலவரம் செய்வார்"" என்று கூறுகிறார்.",1
"""மெக்ஸிகோவில் ஒரு ஆலையைக் கட்டும் ஒரு சூரிய நிறுவனத்திற்கு $1.2 பில்லியன்"" போன்ற வரிக் கடன்களை வெளிநாட்டுக்கு அனுப்பிய ஊக்க மசோதா கூறுகிறது.",1
"""யாரும் மெம்பிஸை விட்டு வெளியேறவில்லை. அது ஒரு கட்டுக்கதை.""",1
"விஸ்கான்சின் கவர்னர் ஸ்காட் வாக்கரின் பட்ஜெட் ""சொத்து வரிகளை ஏறக்குறைய $500 பில்லியன் உயர்த்த வேண்டும்"" என்று கூறுகிறது.",1
"""நான் துளையிடுவதற்கு இருப்பேன் என்று நான் எப்போதும் சொன்னேன்.""",1
"""பேங்க் ஆஃப் அமெரிக்கா அவர்கள் 2010 போனஸை வேலை வாய்ப்பு உருவாக்கத்தில் செலவிட்டால், பலன்களுடன் 878,300 வேலைகளை உருவாக்க முடியும்.""",1
மூத்தவர்கள் மற்றும் ஊனமுற்றோருக்கான டெக்சாஸ் ஹோம்ஸ்டெட் விலக்கின் பலன்களைப் பாதுகாக்க வரவிருக்கும் வாக்கெடுப்பு இருப்பதாகக் கூறுகிறது.,1
"""ஏசிஎல்யு இராணுவத்தின் பிரார்த்தனையை முற்றிலுமாக முடிக்க ஒரு வழக்கைத் தாக்கல் செய்துள்ளது.""",1
"""ஏப்ரல் 1997 இல், எரிவாயு விலையை எதிர்த்து நாடு முழுவதும் 'கேஸ் அவுட்' நடத்தப்பட்டது. பெட்ரோல் விலை ஒரே இரவில் ஒரு கேலன் 30 காசுகள் குறைந்தது.""",1
2011 சட்டமன்றம் டெக்சாஸ் பொதுப் பள்ளி நிதியைக் குறைக்கவில்லை.,1
"செனட். ஷெரோட் பிரவுனின் வாக்கு ""பராக் ஒபாமாவின் வேலையைக் கொல்லும் சுகாதாரப் பாதுகாப்புச் சட்டத்தை நிறைவேற்ற உதவியது, இது ஓஹியோ முழுவதும் $500 பில்லியன் வரி அதிகரிப்புடன் சிறு வணிகங்களைத் தாக்கியது.""",1
"அமெரிக்க அதிபர் ஒபாமா, கடலில் துளையிடுவதற்கு அனுமதி வழங்க மறுத்ததே பெட்ரோல் விலை உயர்வதற்கு ஒரு காரணம்.",1
"சுமார் 78 முதல் 81 ஹவுஸ் டெமாக்ராட்கள் ""கம்யூனிஸ்ட் கட்சியின் உறுப்பினர்கள். ... இது காங்கிரஸின் முற்போக்கு காகஸ் என்று அழைக்கப்படுகிறது.""",1
"ஜனாதிபதி பராக் ஒபாமா ""அவர் பதவியேற்றதிலிருந்து அரசாங்கத்தின் அளவை இரட்டிப்பாக்கியுள்ளார்.""",1
"""ஏன் அரிசோனா எல்லையில் இந்தச் சோதனையின் செய்தி எதுவும் இல்லை? ... ஐந்து நாட்களுக்கு முன்புதான் கைப்பற்றப்பட்டது. அரிசோனா எல்லையில்தான்!""",1
டெக்சாஸ் அமெரிக்காவுடன் இணைந்தபோது கடற்படையை வைத்திருக்கும் உரிமையை தக்க வைத்துக் கொண்டது என்று கூறுகிறது.,1
"ஓஹியோ பொருளாளர் ஜோஷ் கூறுகிறார், ""மண்டல் முதலில் ஜூன் 2010 இல் வங்கி மோசடியைக் கோரினார், ஆனால் அவரது (குடியரசு) செனட் பிரச்சாரத்திற்காக பணம் திரட்டும் போது ஒரு வருடத்திற்கும் மேலாக எதுவும் செய்யவில்லை.""",1
"""ஒபாமா மீண்டும் தேர்ந்தெடுக்கப்பட்டால், அமெரிக்காவின் பாதுகாப்பு அமைப்பை ரஷ்யாவிடம் ஒப்படைப்பேன் என்று ரஷ்யாவிடம் கூறுகிறார்.""",1
"""இந்த மந்தநிலையின் காலத்திற்கு அரசு நடுத்தர நிர்வாகத்தில் உள்ள ஒருவர் கூட (அ) வேலையை இழக்கவில்லை அல்லது ஊதியக் குறைப்பை எடுக்கவில்லை"" என்று கூறுகிறார்.",1
"ஜனாதிபதி அருகில் இருக்கும் போது சுதந்திரமான பேச்சுரிமையை கட்டுப்படுத்தக்கூடிய ஒரு மசோதா, ஜனாதிபதி பராக் ஒபாமாவால் ""ரகசியமாக"" கையெழுத்திடப்பட்டது.",1
"விஸ்கான்சின் குடியரசுக் கட்சி ""சர்வதேச மகளிர் தின வாழ்த்துகள்! பெண்களே குறைந்த ஊதியம் பெற வேண்டும், சுகாதாரப் பாதுகாப்பு முடிவுகளை எடுக்க முடியாது"" என்று ட்வீட் செய்தது.",1
"புதிய சுகாதாரச் சட்டத்தின் கீழ் ""நோயாளி-மருத்துவர் உறவு அகற்றப்படும்"" என்று கூறுகிறது.",1
"ஜனாதிபதி பராக் ஒபாமா ""எங்களுக்குத் தெரிந்தபடி மருத்துவக் காப்பீட்டை முடிக்கிறார்.""",1
"""தவறு செய்யாதீர்கள் -- ஓஹியோ வேலைகள் சீனாவுக்குச் செல்வதற்குப் பொறுப்பான முக்கிய D.C அரசியல்வாதிகளில் ஷெரோட் பிரவுன் ஒருவர்.""",1
"சுகாதார சீர்திருத்த சட்டத்தால் உருவாக்கப்பட்ட ஒரு சுயாதீன கட்டண ஆலோசனை குழு ""ரேஷன் பராமரிப்பு மற்றும் சில மருத்துவ சிகிச்சைகளை மறுக்க முடியும்.""",1
"""இந்த (சுயாதீனமான கட்டண ஆலோசனை வாரியம்) வாரியம் ரேஷன் பராமரிப்பு மற்றும் சில மருத்துவ சிகிச்சைகளை மறுக்க முடியும், எனவே வாஷிங்டன் அதிக வீணான செலவினங்களுக்கு நிதியளிக்க முடியும்.""",1
"அவரது சாதனைகளில் ""அரசு செலவினங்களைக் கட்டுப்படுத்தும் நிதிப் பொறுப்புள்ள பட்ஜெட் ஒப்பந்தம்"" அடங்கும் என்று கூறுகிறார்.",1
"ஜனாதிபதி பராக் ஒபாமாவின் கொள்கைகள் ""நாட்டின் பல பகுதிகளை உருட்டல் இருட்டடிப்புகளை அனுபவிக்க வேண்டிய கட்டாயத்தில் உள்ளன.""",1
"ரொனால்ட் ரீகனின் ""வலிமையின் மூலம் அமைதி"" என்ற தத்துவம், ""ரீகன் பதவிப் பிரமாணம் செய்த அதே நாளில் மற்றும் அதே நேரத்தில் ஈரானியர்கள் பணயக்கைதிகளை விடுவித்தனர்.""",1
"2012 ஸ்டேட் ஆஃப் தி யூனியன் உரையில், ஜனாதிபதி ஒபாமா ""பற்றாக்குறை அல்லது கடனைக் கூட குறிப்பிடவில்லை"" என்று கூறுகிறார்.",1
"""இன்று பெட்ரோலின் புளோரிடாவில் ஒரு கேலன் $6 ஆனது.""",1
"டென்னசி வனவிலங்கு வளங்கள் நிறுவனம், ""மான்களின் எண்ணிக்கையைக் குறைக்க முயற்சிப்பதற்காக"" கொயோட்களை மாநிலத்திற்குள் கொண்டு வந்ததாகக் கூறுகிறது.",1
"கடந்த 20 ஆண்டுகளில், வெளியுறவுக் கொள்கையில் அமெரிக்காவுடன் பிரெஞ்சுக்காரர்கள் நிற்கவில்லை.",1
"1990களில் நெறிமுறை மீறல் குற்றச்சாட்டுகளில் அவர் ""ஒவ்வொரு வழக்கிலும் விடுவிக்கப்பட்டார்"" என்று கூறுகிறார்.",1
டெக்சாஸ் சட்டமன்ற உறுப்பினர்கள் 2011 இல் கல்விக்கான மாநில செலவினங்களை அதிகரித்தனர்.,1
"ஒரு பணிக்கு $247,000 செலவில் 202 வேலைகளை உருவாக்கும் 10 ஆண்டு அரசு திட்டம் முன்னாள் கவர்னர் ஜிம் டாய்லால் அங்கீகரிக்கப்பட்டது.",1
"கருக்கலைப்பு ""நம் நாட்டில் மிகவும் பொதுவான அறுவை சிகிச்சை"" என்று கூறுகிறார்.",1
"நியூட் கிங்ரிச் ""நான்சி பெலோசியுடன் இணைந்து ஒரு மசோதாவிற்கு நிதியுதவி செய்தார், இது சீனாவின் மிருகத்தனமான ஒரு குழந்தை கொள்கையை ஆதரிக்கும் ஒரு ஐ.நா. திட்டத்திற்கு ஆண்டுக்கு 60 மில்லியன் டாலர்களை வழங்கியிருக்கும்.""",1
"""அமெரிக்க மக்கள்தொகை கணக்கெடுப்பு 2030 ஆம் ஆண்டில் பெரும்பான்மையான அமெரிக்கர்கள் ஸ்பானிஷ் மொழியை தங்கள் முதல் மொழியாகப் பயன்படுத்துவார்கள் என்று நம்புகிறது.""",1
"டேவிட் டெவ்ஹர்ஸ்ட் ""வருமான வரியை ஊக்குவிப்பதற்கான சாதனையை"" பெற்றுள்ளார்.",1
"""2012க்குப் பிறகு உங்கள் வீட்டை விற்றால் அதற்கு 3.8 சதவிகித விற்பனை வரி செலுத்துவீர்கள்.""",1
"""ஒரு பையன்"" ""ஒரு குரங்குடன்"" உடலுறவு கொண்டதால், ""ஆண்களுடன் உடலுறவு கொள்ள"" ஆரம்பித்ததால், எய்ட்ஸ் மனிதர்களுக்கு பரவியது.",1
"காங்கிரஸ்காரர் ஸ்காட் டெஸ்ஜார்லைஸ் ""தனது ஓராண்டு நிறைவை விடுமுறையில் செலவிடுகிறார் -- ஜனவரி முழுவதும் 6 நாட்கள் மட்டுமே வேலை செய்கிறார்.""",1
"""எரிக் ஹோல்டர் ஐக்கிய நாடுகள் சபையை எங்கள் தேர்தல்களில் ஈடுபடுத்த NAACP இன் முயற்சிகளுக்கு ஆதரவாக இருக்கிறார்.""",1
"""30 வயதிற்குட்பட்ட அனைத்து நபர்களில் கிட்டத்தட்ட பாதி பேர் இன்று வேலைக்குச் செல்லவில்லை.""",1
"நியூட் கிங்ரிச் கூறுகையில், மின்சார கூட்டுறவுகள் மற்றும் கடன் சங்கங்கள் ஃப்ரெடி மேக் போன்ற ""அரசாங்கத்தால் வழங்கப்படும் நிறுவனங்கள்"".",1
D.C. நகர கவுன்சில் ஒரு சட்டத்தை இயற்ற எலி பிடிப்பதை தடை செய்துள்ளது என்று கூறுகிறது.,1
தோல்வியுற்ற சோலார் நிறுவனமான சோலிண்ட்ராவிற்கு மத்திய கடன் உத்தரவாதத்திற்கு பிரதிநிதி டேவிட் சிசிலின் பொறுப்பு.,1
"டெக்சாஸ் ஆளுநராக ரிக் பெர்ரி 1,200 ஒதுக்கீட்டைக் கோரியதாக ரிக் சாண்டோரம் கூறுகிறார்.",1
"பராக் ஒபாமா ""உலகம் முழுவதும் மன்னிப்புக் கோரும் சுற்றுப்பயணத்தில் தனது ஜனாதிபதி பதவியைத் தொடங்கினார்"" என்று கூறுகிறார்.",1
"பாலிடிஃபாக்ட் ஓரிகான், வரிகள் மற்றும் கட்டணங்கள் பற்றிய கோரிக்கைக்காக ராப் கார்னிலெஸுக்கு ஒரு பேன்ட் ஆன் ஃபயர் கொடுத்தார்.",1
"அமெரிக்க இராணுவம் அதன் ""இராணுவ மேன்மையை"" இழக்கும் அபாயத்தில் உள்ளது, ஏனெனில் ""நமது கடற்படை 1917 முதல் இருந்ததை விட சிறியது. எங்கள் விமானப்படை 1947 முதல் எந்த காலத்திலும் சிறியது மற்றும் பழையது.""",1
"""[மிட் ரோம்னி] மாசசூசெட்ஸின் ஆளுநராக இருந்தபோது, ​​அவர் 100 நிகழ்ச்சிகளை நடத்தினார் - இந்த எண்ணிக்கை சரியானது என்று எனக்குத் தெரியவில்லை, ஆனால் இது சுமார் 180 ஓரினச்சேர்க்கை திருமணங்கள் என்று என் மனம் கூறுகிறது.""",1
"""டென்வரில் உள்ள ACLU மற்றும் நாத்திகர்கள் NFL நிறுத்தத்தை [டிம் டெபோ] ஓரங்கட்டி பிரார்த்தனை செய்வதை கோருகின்றனர்.""",1
"புதிய வீரர் பாப் கிப்ஸ் ""தனது ஓராண்டு நிறைவை விடுமுறையில் செலவிடுகிறார் - ஜனவரி மாதம் முழுவதும் 6 நாட்கள் மட்டுமே வேலை செய்கிறார்.""",1
"""குடியரசுக் கட்சியினர் பட்ஜெட்டை சமநிலைப்படுத்த உண்மையில் எதையும் செய்யவில்லை.""",1
"நியூட் கிங்ரிச் ""நான்சி பெலோசியுடன் இணைந்து ஒரு மசோதாவுக்கு நிதியுதவி செய்தார், இது சீனாவின் மிருகத்தனமான ஒரு குழந்தை கொள்கையை ஆதரிக்கும் ஐ.நா திட்டத்திற்கு ஆண்டுக்கு 60 மில்லியன் டாலர்களை வழங்கியிருக்கும்.""",1
"""மிட் ரோம்னி, ரிக் பெர்ரி மற்றும் நியூட் கிங்ரிச் அனைவரும் இஸ்ரேலுக்கான வெளிநாட்டு உதவிகளை - மற்றும் மற்ற எல்லா நாட்டிற்கும் - பூஜ்ஜியமாகக் குறைப்பதாகக் கூறுகிறார்கள்.""",1
"""அவர் 60 வரி உயர்வுகளுக்கு வாக்களித்துள்ளார், இது நடுத்தர வர்க்கம் மற்றும் சிறு வணிகங்களை பாதிக்கிறது.""",1
"ஜனாதிபதி பராக் ஒபாமா ""ஒரு சோசலிஸ்ட்"" என்கிறார்.",1
"""நாங்கள் இனி ஒரு சுதந்திர பொருளாதாரமாக இருப்பதற்கு அங்குலங்கள் மட்டுமே தொலைவில் இருக்கிறோம்.""",1
"விஸ்கான்சின் கவர்னர் ஸ்காட் வாக்கர் ""காப்பீடு செய்யப்படாத பெண்களுக்கான புற்றுநோய் பரிசோதனைகளை"" நீக்கிவிட்டு ""மாற்று வழிகள் இல்லை"" என்று கூறுகிறார்.",1
"""கடந்த செப்டம்பரில் நெவார்க் நகரில் ஒன்பதாம் வகுப்பில் தொடங்கும் குழந்தைகள், அவர்களில் 23 சதவீதம் பேர் நான்கு ஆண்டுகளில் பட்டம் பெறுவார்கள்"" என்கிறார்.",1
"""பபூன்களின் குழுவிற்கு சரியான கூட்டுப் பெயர்ச்சொல் என்ன? நம்புவதா இல்லையா. . ஒரு காங்கிரஸ்!""",1
"""ஒபாமாவின் கடந்த காலத்திலிருந்து, அவரைத் தெரியும், அவருடன் பள்ளியில் படித்தவர், அவருடைய நண்பர் என்று சொல்லி யாரும் ஏன் முன்வரவில்லை என்று எப்போதாவது யோசிக்கிறீர்களா? அவரது கடந்த காலத்திலிருந்து ஒருவர் கூட முன்வரவில்லை.""",1
"""எந்த மட்டத்திலும் எந்த ஒரு கூட்டாட்சி அதிகாரியும் தற்போது 'கிறிஸ்துமஸ் வாழ்த்து' என்று கூற அனுமதிக்கப்படவில்லை.""",1
"Freddie Mac, மின்சார கூட்டுறவு மற்றும் கடன் சங்கங்கள் அனைத்தும் ""அரசு நிதியுதவி"" நிறுவனங்கள் என்று கூறுகிறார்.",1
மாநில விவசாய ஆணையராக அவர் மேற்பார்வையிட்ட கடன் திட்டத்தை டெக்சாஸ் பிணை எடுக்கவில்லை என்று கூறுகிறார்.,1
"""கடந்த வாரம் நாங்கள் நடத்திய விவாதத்திற்குப் பிறகு, PolitiFact வெளிவந்தது மற்றும் நான் சொன்னது அனைத்தும் உண்மை என்று கூறியது.""",1
"மிட் ரோம்னி, மாசசூசெட்ஸின் ஆளுநராக, ""சமூகமயமாக்கப்பட்ட மருத்துவத்தை அறிமுகப்படுத்தினார்"" என்று கூறுகிறார்.",1
"சில பெரிய தொண்டு நிறுவனங்களின் தலைமை நிர்வாக அதிகாரிகளுக்கு பெரிய சம்பளம் இருந்தாலும், சில படைவீரர் குழுக்களின் தலைவர்கள் இந்த வேலையை இலவசமாக செய்கிறார்கள்.",1
"""நாடு நிறுவப்பட்டபோது, ​​கிறிஸ்துமஸ் கொண்டாட்டங்களின் புனிதம் பற்றி காங்கிரஸும் இன்று 7-லெவன் செய்யும் அதே அணுகுமுறையைக் கொண்டிருந்தது: 'ஆம், நாங்கள் திறந்திருக்கிறோம்'.""",1
"""99% NJ வாக்காளர்கள் வேட்டையாடுவதை ஆதரிக்கவில்லை.""",1
"அவருக்கு எதிரான காங்கிரஸின் நெறிமுறைகள் விசாரணையானது ""மிகவும் பாகுபாடான அரசியல் குழுவால்"" நடத்தப்பட்டது, அது ""நெறிமுறைகளை விட ஜனநாயகக் கட்சியின் அரசியலுடன் தொடர்புடையது"" என்று கூறுகிறார்.",1
"சென். ஷெரோட் பிரவுன் ""எங்கள் இயற்கை வளங்கள் மீதான தாக்குதல்களில் வாஷிங்டன் அதிகாரத்துவத்தின் பக்கமும், தீவிரவாதிகளை ஓரங்கட்டவும் தேர்வு செய்துள்ளார்.""",1
"பராக் ஒபாமா தனது முதல் இரண்டு ஆண்டுகளில் காங்கிரஸில் ""பெரும்பான்மைகளை"" பெற்றதாகவும், ""அமெரிக்காவில் வேலைகளை உருவாக்க அவர்களுடன் எதுவும் செய்யவில்லை"" என்றும் கூறுகிறார்.",1
"""ஹவாய்க்குச் செல்வது"" உட்பட ""எதற்கும்"" உணவு முத்திரைகளை மக்கள் பயன்படுத்தலாம், மேலும் கோடீஸ்வரர்கள் கூட தகுதி பெறலாம்.",1
"""2010 ஆம் ஆண்டில் தாக்கல் செய்யப்பட்ட ரோட் தீவு வரிக் கணக்குகளில் எண்பத்தைந்து சதவீதம். .",1
"சுகாதார சீர்திருத்த சட்டத்தில் உருவாக்கப்பட்ட ஒரு சுயாதீன கட்டண ஆலோசனை குழு ""புதிய அரசாங்க திட்டங்களுக்கு பணம் செலுத்துவதற்காக மருத்துவ காப்பீட்டை குறைக்கும் அதிகாரம் கொண்ட மருத்துவ IRS போன்றது.""",1
"பராக் ஒபாமா கூறுகிறார், ""நாங்கள் பொருளாதாரத்தைப் பற்றி பேசினால், நாம் இழக்கப் போகிறோம்.""",1
"சென். ஷெரோட் பிரவுன், ""வோல் ஸ்ட்ரீட் மற்றும் பிற இடங்களில் நடந்த இந்த போராட்டங்களில் காவலர்கள் மீது எச்சில் துப்புவதும், காவலர்களின் கார்களில் குளியலறைக்குச் செல்வதும் போன்ற பல எதிர்ப்பாளர்களை அங்கேயே முட்டையிடுகிறார்"" என்று கூறுகிறார்.",1
"""[அட்லாண்டா மேயர் காசிம் ரீட்] புல் கானரைப் போல இருக்க விரும்பினால், அப்படியே ஆகட்டும்.""",1
"""ஊழல் அரசியல் முதலாளிகள். பணமோசடி. மோசடி. வின் கோபாலுக்கு அலுவலகத்தில் இன்னும் ஒரு நாள்.""",1
"""இந்தப் பிரச்சனையைப் பற்றி அவர்கள் பேசுகிறார்கள். லாஸ் ஏஞ்சல்ஸ்.""",1
"சீனா ""அணுசக்தி திறனை மேம்படுத்த முயற்சிக்கிறது.""",1
"""பாரக் ஒபாமாவின் கண்காணிப்பின் கீழ், ஈராக் மக்களை விடுவிக்க 805 பில்லியன் டாலர்கள் செலவழித்துள்ளோம், மேலும் முக்கியமாக 4,400 அமெரிக்க உயிர்களை விடுவிக்கிறோம்.""",1
"பராக் ஒபாமா ""ஒரு மனிதனை விண்வெளியில் வைக்கும் அமெரிக்காவின் திறனை நிறுத்திய முதல் ஜனாதிபதி"".",1
"முன்னாள் அலாஸ்கா கவர்னர் சாரா பாலின், ஜனாதிபதி பராக் ஒபாமாவின் சுகாதாரப் பாதுகாப்பு மசோதா ""மரணக் குழுவாக இருக்கும்"" என்பதை உருவாக்கியது சரிதான்.",1
"""Obamacare சட்டத்தில் இணைக்கப்பட்ட விதிகள், 2012 மறுதேர்தல் பிரச்சாரங்களை குழப்பாத வகையில் தாமதப்படுத்தப்பட்டதால், மருத்துவ காப்பீட்டு மாதாந்திர பிரீமியங்கள் 2012 இல் $104.20 ஆகவும், 2014 இல் $247.00 ஆகவும் உயரும்.""",1
"காங்கிரஸின் குடியரசுக் கட்சியினர் சமூகப் பிரச்சினைகள் மற்றும் பிற தலைப்புகளில் டஜன் கணக்கான மசோதாக்களை அறிமுகப்படுத்தியுள்ளனர், ஆனால் ""வேலை உருவாக்கத்தில் பூஜ்யம்.""",1
"தேசிய ஹீத் கேர் சீர்திருத்தம் ""சுகாதாரப் பாதுகாப்பை அரசாங்கம் கையகப்படுத்துதல்"" என்று கூறுகிறது.",1
"தூண்டுதல் ""பூஜ்ஜிய வேலைகளை"" உருவாக்கியது.",1
"""ஒரு ஜனாதிபதி ரோம்னிக்கு (மார்மன் தேவாலயத்தின்) தலைவரிடமிருந்து அழைப்பு வந்தால், அவருக்குக் கீழ்ப்படிவதைத் தவிர வேறு வழியில்லை. அது குடும்பம் மற்றும் நாட்டின் மீது கீழ்ப்படிதல்.""",1
"அப்பலாச்சியன் பவர் நிறுவனம் ""சாதனை லாபம்"" ஈட்டி வருகிறது.",1
"""ஐஆர்எஸ் ஏற்கனவே 19,500 புதிய ஊழியர்களை நிர்வகிப்பதற்கு திட்டமிட்டுள்ளது"" ஒபாமாவின் சுகாதாரப் பாதுகாப்பு ஆணையை.",1
யூதர்களை சமாதானப்படுத்த நாஜி ஜெர்மனி கெட்டோக்கள் மற்றும் மரண முகாம்களில் நீர் ஃவுளூரைடு தொடங்கியது என்று சொல்லுங்கள்.,1
"நேஷனல் கிளப் ஃபார் க்ரோத் எதிர்ப்பு இருந்தபோதிலும், கிளப் ஃபார் க்ரோத் விஸ்கான்சின் அவரை யு.எஸ். செனட்டிற்கு ""ஆமோதித்துள்ளது"".",1
"ரிக் பெர்ரி அலுவலகத்தில் ""எங்கள் வரிகள் இரட்டிப்பாகிவிட்டன"" என்று கூறுகிறார்.",1
"விஸ்கான்சின் கவர்னர் ஸ்காட் வாக்கர் ""ஜனநாயகக் கட்சியினருக்கு வாக்களிக்கும் உரிமையை மறுக்கிறார்"" என்கிறார்.",1
"ரிக் பெர்ரி ""அரசு எடுத்துக்கொள்வதை விட அதிகப் பணத்தைச் செலவழிக்கிறார், அவருடைய பற்றாக்குறையை சாதனைக் கடன் மூலம் ஈடுகட்டுகிறார்"" என்று கூறுகிறார்.",1
"""ஜனாதிபதி ஒபாமா நவீன காலத்தில் எந்தவொரு ஜனாதிபதிக்கும் குறைவான பொது அங்கீகார மதிப்பீடுகளைக் கொண்டுள்ளார்.""",1
"""மத்திய அரசு (எல்லைப் பாதுகாப்பில்) ஈடுபடவே இல்லை.""",1
அமெரிக்க அதிபர் ஒபாமா உலகம் முழுவதும் சென்று அமெரிக்காவிற்காக மன்னிப்பு கேட்டார்.,1
"""விஸ்கான்சின் உடைந்துவிட்டது,"" மற்றும் ""மாநில அரசாங்கம் $3 பில்லியன் கடனில் உள்ளது.""",1
"""முதல் சுற்று தூண்டுதல் ... அது பூஜ்ஜிய வேலைகளை உருவாக்கியது.""",1
"விஸ்கான்சின் டிபார்ட்மென்ட் ஆஃப் கரெக்ஷன், பாதுகாப்பு ஊழியர்களுக்கு கட்டாய உடல் தகுதி சோதனையை செயல்படுத்துவது பற்றி பரிசீலித்து வருகிறது.",1
"மாசசூசெட்ஸ் சுகாதாரப் பாதுகாப்புத் திட்டம் ""நமது மக்கள்தொகையில் 8 சதவிகிதத்தைக் கையாள்கிறது,"" ஜனாதிபதி பராக் ஒபாமாவின் சுகாதாரப் பாதுகாப்புச் சட்டத்தால் பாதிக்கப்பட்ட ""100 சதவிகித அமெரிக்க மக்களை"" விட மிகக் குறைவு.",1
"""(அமெரிக்க பிரதிநிதிகள்.) பால் ரியான், சீன் டஃபி மற்றும் ரீட் ரிப்பிள் ஆகியோர் ... டவுன் ஹால் கூட்டங்களை நிறுத்துகின்றனர், அல்லது அவர்களது அங்கத்தினர்கள் கலந்துகொள்ள பணம் செலுத்துகிறார்கள்.""",1
"ஓஹியோ பிரதிநிதிகள் மார்சியா ஃபட்ஜ், மார்சி கப்டூர் மற்றும் டென்னிஸ் குசினிச் ஆகியோர் ""அமெரிக்க காங்கிரஸில் வெளிப்படையாகப் பணியாற்றும் சோசலிஸ்டுகள்"" என்று கூறுங்கள்.",1
டெக்சாஸ் அமெரிக்க பிரதிநிதிகள் எடி பெர்னிஸ் ஜான்சன் மற்றும் ஷீலா ஜாக்சன் லீ ஆகியோர் காங்கிரஸில் திறந்த சோசலிஸ்டுகளாக உள்ளனர்.,1
"மினசோட்டாவுடனான ஒரு புதிய கல்லூரிக் கல்விக்கான பரஸ்பர ஒப்பந்தம் ""விஸ்கான்சின் குடியிருப்பாளர்களுக்குக் கல்லூரிக் கல்வியை மிகவும் மலிவாக மாற்றுகிறது.""",1
"""மேயர் ஃபங் தனது தனியார் பட்டயப் பள்ளிக்கு செலுத்த தற்போதைய நிதியிலிருந்து 12 மில்லியன் டாலர்களை அகற்றி எங்கள் குழந்தைகளின் கல்வியைத் தண்டிக்க விரும்புகிறார். உங்கள் வரிகள் வருடத்திற்கு 6 முதல் 8 சதவிகிதம் வரை அதிகரிக்கும்.""",1
"புளோரிடா அமெரிக்க பிரதிநிதிகள் கொரின் பிரவுன், அல்சீ ஹேஸ்டிங்ஸ் மற்றும் ஃபிரடெரிகா வில்சன் ஆகியோர் சோசலிஸ்டுகள் என்று கூறுகிறார்.",1
"அமெரிக்கப் பிரதிநிதிகள். ஹாங்க் ஜான்சன், ஜான் லூயிஸ் மற்றும் காங்கிரஸின் முற்போக்குக் குழுவின் பிற உறுப்பினர்கள் ""அமெரிக்க காங்கிரஸில் வெளிப்படையாகப் பணியாற்றும் சோசலிஸ்டுகள்"".",1
"ஜனாதிபதி பராக் ஒபாமா ""தனியார் துறை அனுபவமுள்ள எவரும் அவரது அமைச்சரவையில் இல்லை.""",1
கடல் துளையிடும் திட்டங்களுக்கு உதவுவதற்காக பிரேசிலுக்கு 2 பில்லியன் டாலர்களை ஜனாதிபதி பராக் ஒபாமா வழங்கினார்.,1
"நியூ ஜெர்சி பிரதிநிதிகள். டொனால்ட் பெய்ன் மற்றும் ஃபிராங்க் பலோன் ஆகியோர் ""அமெரிக்க காங்கிரஸில் வெளிப்படையாகப் பணியாற்றும் சோசலிஸ்டுகள்"" என்று கூறுங்கள்.",1
"ஓரிகான் பிரதிநிதிகள் பீட்டர் டிஃபாசியோ மற்றும் ஏர்ல் ப்ளூமனோயர் ஆகியோர் ""அமெரிக்க காங்கிரஸில் வெளிப்படையாகப் பணியாற்றும் சோசலிஸ்டுகள்"" என்று கூறுங்கள்.",1
"""பேர்ல் ஹார்பருக்குப் பிறகு எந்த நேரத்திலும் இருந்ததை விட ஜிடிபியில் % பாதுகாப்புக்காக நாங்கள் இன்று குறைவாகச் செலவிடுகிறோம்.""",1
"அட்லாண்டா பப்ளிக் பள்ளியின் 2010 மற்றும் 2011 CRCT சோதனைகளின் முடிவுகள் ""கேள்வி கேட்கப்படவில்லை.""",1
ஒரு செனட் தீர்மானம் $140 மாதாந்திர பொது உதவித் தொகையை மீட்டெடுக்கும் மற்றும் மக்கள் குற்றம் செய்வதைத் தடுக்கும் என்று கூறுகிறது.,1
"""இனி ஒரு சுதந்திர பொருளாதாரம் இல்லாமல் நாங்கள் அங்குல தூரத்தில் இருக்கிறோம்.""",1
"கெனோஷா பகுதிக்கு Uline நிறுவனத்தை ""உதவி"" செய்து, ""800 உள்ளூர் வேலைகளை உருவாக்கினார்"" என்கிறார்.",1
"""தொடர்ச்சியாக இரண்டு தேர்தல்கள் (வௌகேஷா கவுண்டி கிளார்க் கேத்தி நிக்கோலஸ்) வாக்குகளை எண்ணுவதில் குழப்பம் ஏற்பட்டது""",1
"மாநிலப் பிரதிநிதி சாண்டி பாஸ்ச் கூறுகிறார், அவரது திரும்ப அழைக்கும் எதிர்ப்பாளர், ""பொதுப் பள்ளி ஊழியர்கள் வரி செலுத்துவோர் டாலர்களைப் பயன்படுத்தி...வயாகராவைத் தேர்வுசெய்ய வாக்களித்தனர்.""",1
"செனட். ராபர்ட் கவுல்ஸ், அவரது திரும்ப அழைக்கும் எதிர்ப்பாளர், அரசுக்கு சொந்தமான மின் உற்பத்தி நிலையங்களை ""அதிக ஏலதாரர்களுக்கு அல்ல, ஆனால் மிகப்பெரிய நன்கொடையாளர்களுக்கு"" எந்த மேற்பார்வையும் இல்லாமல் விற்பனை செய்வதை ஆதரித்தார்.",1
"""புஷ்ஷின் எட்டு ஆண்டுகளில் எட்டு மில்லியன் வேலைகள் இழப்பு"" ஏற்பட்டது.",1
"ஓஹியோ பொருளாளர் ஜோஷ் மண்டேல் ""அமெரிக்கா அதன் கடமைகளில் தவறிழைக்க அனுமதிப்பதை ஆதரிக்கிறார்"" என்கிறார்.",1
"அட்லாண்டா ஸ்ட்ரீட்கார் கட்டுமானத்தின் போது 930 வேலைகளை உருவாக்கும் என்று எதிர்பார்க்கப்படுகிறது, இது அடுத்த 20 ஆண்டுகளில் 5,600 க்கும் மேற்பட்ட வேலைகளை உருவாக்கும்.",1
"""ஒபாமாகேர் மசோதாவில் மறைக்கப்பட்ட ஒரு விதி, இப்போது சட்டமாக உள்ளது, ஒபாமாவுக்கு ஒரு தனியார் இராணுவத்தை உருவாக்கும் உரிமையை வழங்குகிறது.""",1
"விஸ்கான்சின் செனட் ரீகால் வேட்பாளர் ஜெசிகா கிங் ""வரி செலுத்துவோர் டாலர்களுடன் தனது ஊதியத்தை 63 சதவிகிதம் அதிகரிக்க வாக்களித்தார்"" என்று கூறுகிறார்.",1
"வர்ஜீனியா மாநில ஊழியர்கள் தங்கள் ஓய்வூதியத்திற்காக ""எதுவும் செலுத்துவதில்லை"".",1
"""சந்தேகத்திற்குரிய வரி செலுத்துவோர்-நிதி"" தூண்டுதல் செலவு -- பகுதி II.",1
"நீதித்துறைக்கான மறுவடிவமைப்பு செய்யப்பட்ட இணையதளத்தின் மேலே உள்ள மேற்கோள், உலகளாவிய பொதுச் சட்டத்தைத் திணிக்க விரும்பிய ஒரு சோசலிஸ்ட்டிடமிருந்து வந்ததாகக் கூறுகிறது.",1
"மாநில செனட். ஷீலா ஹார்ஸ்டோர்ஃப் எங்களுக்குத் தெரிந்தபடி ""மருத்துவக் காப்பீட்டை அகற்ற"" விரும்புகிறார்.",1
"""சீட் பெல்ட்களால் கொல்லப்பட்ட 30,000 பேர் உள்ளனர்.""",1
"முன்னாள் அட்லாண்டா பொதுப் பள்ளிகளின் கண்காணிப்பாளர் பெவர்லி ஹால் பள்ளி மாவட்டத்தை விட்டு வெளியேறினார் ""அவர் கண்டுபிடித்ததை விட குறிப்பிடத்தக்க வகையில் சிறப்பாக இருந்தது.""",1
"ஜனாதிபதி ஒபாமா, ""யாரும் இவர்களை போருக்கு செல்ல வைக்கவில்லை. ... இப்போது அவர்கள் தங்கள் விருப்பப்படி செலவுகளை தாங்கிக்கொண்டு சிணுங்குகிறார்கள்?""",1
"விஸ்கான்சினின் 2011-13 மாநில பட்ஜெட்டில் ""கட்டண உயர்வு இல்லை"" என்று கூறுகிறது",1
"""விஸ்கான்சின் மாநில மாளிகைக்கு எதிர்ப்பாளர்கள் $7.5 மில்லியன் சேதம் விளைவித்தனர்""",1
"""நான் என்ன செய்தேன் - இது முன்னோடியில்லாதது ... நான் ஒவ்வொரு ஏஜென்சிக்கும் சொன்னேன் ... 'ஏற்கனவே புத்தகங்களில் உள்ள விதிமுறைகளைப் பாருங்கள், அவை அர்த்தமற்றதாக இருந்தால், அவற்றை அகற்றுவோம். '""",1
"WIC திட்டம் ""நம்பமுடியாத அளவிற்கு செலவு குறைந்த திட்டமாகும், இது ஒவ்வொரு ஆண்டும் கிட்டத்தட்ட 10 மில்லியன் அமெரிக்கர்களுக்கு சேவை செய்கிறது மற்றும் ஒரு நபருக்கு $100 க்கும் குறைவாக செலவாகும். எனது மாவட்டத்தில், 18 சதவீதத்திற்கும் அதிகமான குடியிருப்பாளர்கள் உணவுப் பாதுகாப்பின்மையால் அவதிப்படுகின்றனர், மேலும் WICஐச் சார்ந்து வாழ்கின்றனர்.""",1
"Phil Puckett ""EPA க்கு அவர்கள் ஒரு முறை அல்ல, இரண்டு முறை வெகுதூரம் சென்றுவிட்டதாக ஒரு செய்தியை அனுப்பவில்லை என்று வாக்களித்தார்.""",1
"Multnomah County இன் உணவு நடவடிக்கைத் திட்டம் ""உணவுத் தேர்வுகளின் அடிப்படையில் தடையற்ற சந்தை முறையை சீர்குலைக்கத் திட்டமிட்டுள்ளது, பல குடியிருப்பாளர்கள் தங்கள் விருப்பமான உணவை உண்பதை கடினமாகவும் விலை உயர்ந்ததாகவும் ஆக்குகிறது.""",1
"""அரசாங்கம்... பழைய [ஒளிரும்] பல்புகளைப் பயன்படுத்துவதை சட்டவிரோதமாக்குவது பைத்தியக்காரத்தனம்.""",1
"கவர்னர் கிறிஸ் கிறிஸ்டி 30-பில் வேலை உருவாக்கும் தொகுப்பை வீட்டோ செய்ததால், ""வேலை உருவாக்கத்தில் நியூ ஜெர்சி நாட்டிலேயே 50வது இடத்தில் உள்ளது.""",1
"அமெரிக்கப் பிரதிநிதி பால் ரியான் ""எங்கள் முதியோர்களுக்கான சுகாதாரப் பராமரிப்பை முடிவுக்குக் கொண்டுவருவதாக"" உறுதியளித்தார்.",1
"""எனது அமைச்சரவையில் அவர்கள் (முஸ்லிம்கள்) இருக்க மாட்டார்கள் என்று நான் கூறவில்லை.""",1
2008 மற்றும் 2011ல் ஒசாமா பின்லேடனைக் கொல்லும் முயற்சிகள் குறித்து அதிபர் பராக் ஒபாமா முன்னுக்குப்பின் முரணான கூற்றுக்களை கூறியதாக குற்றம் சாட்டினார்.,1
"ஓஹியோ நுகர்வோர் கவுன்சில் அலுவலகத்தில் 74 வழக்கறிஞர்கள் பணிபுரிவதாகவும், அவர்களுக்கு நிதியளிப்பது வீணான நகல் என்றும் கூறுகிறார்.",1
"மிச்சிகன் மற்றும் மசாசூசெட்ஸ் தங்கள் பாட்டில் வைப்புத்தொகையை உயர்த்தி, ""இனி திட்டத்திற்கு பணம் செலுத்த முடியவில்லை, ஏனெனில் மீட்புகள் மிக அதிகமாக இருந்ததால் அங்கு எந்த லாபமும் இல்லை.""",1
"சென்ட்ரல் ஃபால்ஸ் பள்ளி அமைப்பு ""ஒரு நேரக் கடிகாரத்தில் $100,000 செலவிட்டது.""",1
"""பதவியில் சில மாதங்கள், (ஜனாதிபதி பராக் ஒபாமா) அமெரிக்காவிற்காக மன்னிப்பு கேட்க உலகம் முழுவதும் பயணம் செய்தார்.""",1
"""நாங்கள் ஒரு நாளைக்கு 8 பில்லியன் டாலர்களைப் பார்க்கப் போகிறோம், அந்த மேக்-அப் எரிபொருளை இறக்குமதி செய்வதற்காக நாங்கள் வெளிநாடுகளுக்குச் செலுத்தப் போகிறோம், அதை நாங்கள் பெற்றிருக்கக்கூடிய இடத்தைப் பிடிக்க வேண்டும். வளைகுடாவிற்கு வெளியே.""",1
"""சுதந்திர சந்தைப் பொருளாதாரமாக இருப்பதை நிறுத்துவதற்கு நாங்கள் அங்குலங்கள் மட்டுமே தொலைவில் இருக்கிறோம்.""",1
"பொலிட்டிஃபாக்ட் ஓஹியோ, பெட்டி சட்டன் ""கூட்டாட்சிக் கடனை அதிகப்படுத்தினார்"" என்பதை உறுதிப்படுத்துகிறது என்று கூறுகிறது",1
"ஹவுஸ் குடியரசுக் கட்சியினர் ""கோச் இண்டஸ்ட்ரீஸின் ஒரு பகுதியாக"" இருக்கும் ஹவுஸ் சிற்றுண்டிச்சாலைகளில் ஸ்டைரோஃபோம் கோப்பைகளைப் பயன்படுத்த வேண்டும்.",1
"""உடல் பருமன் ஒரு மணி நேரத்திற்கு 34 குழந்தைகளைக் கொல்கிறது.""",1
"காங்கிரஸின் உறுப்பினர்கள் ""ஒரு காலத்திற்குப் பிறகு முழு ஊதிய ஓய்வு பெறுகிறார்கள்.""",1
யூடியூப்பில் வெளியிடப்பட்ட அவரது வெறுங்கையுடன் கேட்ச் உண்மையானது என்று கூறுகிறார்.,1
"""தொழிற்சங்கங்கள் Obamacare உடன் இணங்க வேண்டியதில்லை.""",1
"அடுத்த ஆண்டு, ""உங்கள் தற்போதைய ஒளி விளக்குகளை அகற்றுவதற்கு கூட்டாட்சி சட்டத்தால் நீங்கள் கட்டாயப்படுத்தப்படுவீர்கள்.""",1
"""ஜனநாயகக் கட்சியினர் ஏற்கனவே எங்கள் வழக்கமான ஒளி விளக்குகளை தடை செய்ய வாக்களித்துள்ளனர் ... ஆபத்தான ஒளிரும் விளக்குகளுக்கு ஆதரவாக.""",1
"ஜார்ஜ் டபிள்யூ. புஷ்ஷுடன் ஒப்பிடுகையில், பராக் ஒபாமா 115 சதவிகிதம் ""கடனை அதிகரித்துள்ளார்"" என்று ஒரு விளக்கப்படத்தை விளம்பரப்படுத்துகிறது.",1
"""$1.8 பில்லியன் [போக்குவரத்து] பிணைப்பில், எங்களிடம் திருப்பிச் செலுத்தும் வழிமுறை இல்லை.""",1
"விமான நிலையப் பாதுகாப்பிற்குச் செல்லும்போது, ​​""மிக, மிக, மிகச் சிலரே பாட்-டவுன் பெறுகிறார்கள்"".",1
"ஜனாதிபதி ஒபாமாவின் சுகாதாரப் பாதுகாப்புச் சட்டம் ""சுகாதாரப் பாதுகாப்பை அரசாங்கம் கையகப்படுத்துவதைக் குறிக்கிறது.""",1
"""ரோட் தீவின் மக்கள் ஒரே பாலின திருமணத்தை விரும்பவில்லை.""",1
"பென்சீன் ""தீங்கு விளைவிக்கும் என்று ஒருபோதும் நிரூபிக்கப்படவில்லை.""",1
"ஆப்பிரிக்காவில் உள்ள மக்கள் வாக்களிப்பதற்காக ""இருநூறு மற்றும் முந்நூறு மைல்கள் நடக்கிறார்கள்"" என்கிறார்.",1
"புளோரிடாவில் 9/11 பயங்கரவாதிகள் வாழ்ந்தபோது அங்கு E-Verify இருந்திருந்தால், ""நாங்கள் 3,000 அமெரிக்கர்களின் உயிரைக் காப்பாற்றியிருக்கலாம்"" என்று கூறுகிறார்.",1
"பெடர்னல்ஸ் எலக்ட்ரிக் கோஆபரேட்டிவ் டைரக்டர்ஸ் குழுவில் இடம் பெறுவதற்கு $300,000 அதிகமாக செலவாகும் என்று கூறுகிறார்.",1
"அவரது திட்டம் முன்கூட்டியே வாக்களிக்கும் நேரத்தைக் குறைக்கும் அதே வேளையில், ""இது இன்னும் அமெரிக்காவில் மிகவும் ஆக்ரோஷமான ஆரம்பகால வாக்களிப்பு காலகட்டங்களில் ஒன்றாக இருக்கும்"" என்று கூறுகிறார்.",1
"ஜனாதிபதி ஒபாமா ""முஸ்லிமாக வளர்ந்தவர்"".",1
"1991 இல் குவைத்தில் இருந்து சதாம் ஹுசைனின் படைகளை அமெரிக்க தலைமையிலான இராணுவக் கூட்டணி வெளியேற்றிய பிறகு, குவைத் மக்கள் ""எங்களுக்கு ஒருபோதும் பணம் கொடுக்கவில்லை.""",1
"பராக் ஒபாமாவின் நீண்ட கால பிறப்புச் சான்றிதழில் பட்டியலிடப்பட்டுள்ள மருத்துவமனை, ஜனாதிபதி அங்கு பிறந்ததை மறுப்பதாகக் கூறுகிறது.",1
"""சிஎன்என் சமீபத்தில் ஒரு கருத்துக்கணிப்பை நடத்தியது, அங்கு ஒபாமாவும் நானும் புள்ளியியல் ரீதியாக இணைக்கப்பட்டுள்ளோம்.""",1
மாநில செனட் கூட்டாக பேரம் பேசும் மாற்றங்களை நிறைவேற்றிய இரவில் விஸ்கான்சின் மாநில கேபிட்டலில் எதிர்ப்பாளர்கள் அவரது காரின் கண்ணாடியை சேதப்படுத்தினர்.,1
"""முதியவர்கள் மருத்துவப் பாதுகாப்பை நிறுத்த குடியரசுக் கட்சியினர் வாக்களித்ததால், சுகாதாரப் பாதுகாப்புக்காக $12,500 கண்டுபிடிக்க வேண்டும்.""",1
"""சமூக பாதுகாப்பை அகற்ற காங்கிரஸ்காரர் எரிக் கேன்டர் விரும்புகிறார்"" என்று கூறுகிறார்.",1
"புளோரிடாவில் 331,247 வேலைகளை இழந்ததாக ஆளுநர் ரிக் ஸ்காட் கூறுகிறார்.",1
"விஸ்கான்சின் உச்ச நீதிமன்ற பிரச்சாரத்தில் ஜோஆன் க்ளோப்பன்பர்க்கின் தரப்புக்கு ""3-க்கு-1 பண நன்மை"" இருந்தது என்று கூறுகிறார்.",1
"""நேவி டைம்ஸில் உள்ள ஒரு அறிக்கை, இராணுவம், கடற்படை மற்றும் கடற்படையினரில் 7.3 சதவீதம் பேர் தற்கொலை முயற்சி பற்றி யோசித்துள்ளனர்.""",1
"""கறுப்பினக் குழந்தைகளை அவர்கள் உலகிற்கு வருவதற்கு முன்பே அவர்களைக் கொல்ல உதவுவதே திட்டமிடப்பட்ட பெற்றோர்ஹுட்டின் ஆரம்பக் குறிக்கோள்"" என்று கூறினார்.",1
"""நாங்கள் 26 மில்லியன் வேலைகளை இழந்துள்ளோம் ... (ஒபாமா) ஜனாதிபதியாக இருந்து.""",1
"விஸ்கான்சின் உச்ச நீதிமன்ற வேட்பாளர் ஜோஆன் க்ளோப்பன்பர்க் ""80 வயதான விவசாயியை தனது பண்ணையில் பூர்வீக தாவரங்களை நட மறுத்ததற்காக சிறையில் அடைத்தார்"" என்று கூறுகிறார்.",1
"PolitiFact Wisconsin ""நீதிமன்றத்தின் முன் வரும் விஷயங்களை நீதியரசர் ப்ரோஸ்ஸர் முன்நிறுத்துகிறார் என்ற குற்றச்சாட்டு உண்மைதான்"" என்று முடிவு செய்தது.",1
"சுப்ரீம் கோர்ட் வேட்பாளர் ஜோஆன் க்ளோப்பன்பர்க்கின் மாநில நீதித்துறை வழக்கறிஞரின் பதிவு, கப்பல்துறைகளை ஒழுங்குபடுத்துவது தொடர்பான வழக்குகளின் விசாரணையை மட்டுமே கொண்டுள்ளது என்று கூறுகிறார்.",1
"கடந்த ஆண்டு ஏற்றுக்கொள்ளப்பட்ட நோயாளி பாதுகாப்பு மற்றும் கட்டுப்படியாகக்கூடிய பராமரிப்புச் சட்டம் ""சிறிதளவு அல்லது மேற்பார்வையின்றி தானாகவே புத்தகங்களில் தங்குவதற்கு அமைக்கப்பட்ட ஸ்லஷ் நிதிகளின் தொடர்"" உள்ளது என்று கூறுகிறது.",1
"""ஒன்று. ஒபாமா ஆட்சிக்கு வந்ததில் இருந்து கிடைத்த புதிய துளையிடல் அனுமதிகளின் எண்ணிக்கை இதுவாகும்.""",1
"வூன்சாக்கெட்டுக்கு குப்பைகளை எரிக்கும் மின் உற்பத்தி நிலையம் தேவை, ஏனெனில் ""குடியிருப்பாளர்கள் வெளிநாட்டு எண்ணெயால் எரிபொருளாகக் கிடைக்கும் மின்சாரத்திற்காக, விண்ணை முட்டும் விலையில் மூக்கு வழியாகச் செலுத்துகிறார்கள்.""",1
"""2002 முதல் 2008 வரை மத்திய அரசாங்கத்தால் கொடுக்கப்பட்ட $1.3 பில்லியனை அமெரிக்காவின் திட்டமிடப்பட்ட பெற்றோர்கள் கூட்டமைப்பு கண்டுபிடிக்க முடியவில்லை என்று அமெரிக்க அரசாங்க பொறுப்புக்கூறல் அலுவலக அறிக்கை கூறுகிறது.""",1
"""புளோரிடாவில் டெம் (ஜனநாயக) பிரச்சாரங்களில் பாதியை நிறுத்திய தொழிற்சங்க நிலுவைத் தொகை.""",1
"ஜனாதிபதியின் கூற்றுப்படி, முன்கூட்டியே பிறக்கும் எந்த குழந்தையும் கொல்லப்படலாம்.",1
சுமார் 25% RI க்கு குற்றப் பதிவு உள்ளது,1
விஸ்கான்சின் மாநில கேபிட்டலுக்கு எதிர்ப்பாளர்களால் ஏற்பட்ட சேதத்தை சரிசெய்ய $7.5 மில்லியன் செலவாகும்.,1
"""தொழிற்சங்க முதலாளிகள்"" மத்திய புளோரிடா கல்விப் போராட்டத்திற்கு எதிர்ப்பாளர்களை அழைத்துச் சென்றனர்.",1
"ஷெல்டன் வைட்ஹவுஸ் செனட் தளத்தில் கூறினார்: ""Rhode Island இல் Obamacare பற்றி என்னுடன் உடன்படாத அனைவரும் ஆரியர்கள், ஒரு வெள்ளை மேலாதிக்கவாதிகள்.""",1
"எதிர்ப்பாளர்களைக் கட்டுப்படுத்தும் முயற்சிகளின் ஒரு பகுதியாக, விஸ்கான்சினில் உள்ள குடியரசுக் கட்சியினர் ""கேபிட்டலுக்குள் ஜன்னல்களை மூடிவிட்டனர்.""",1
மிச்செல் ஒபாமா தனது ஊழியர்களில் 43 பேர் இருப்பதாக கூறுகிறார்; நான்சி ரீகனுக்கு வெறும் 3 வயதுதான் இருந்தது.,1
"வெண்டியின் நிறுவனர் ""டேவ் தாமஸ் எஸ்டேட் வரியைத் தவிர்ப்பதற்காக தனது மரணப் படுக்கையில் மாநிலத்தை விட்டு வெளியேறினார்"" என்று கூறுகிறார்.",1
"ஒரு விசாரணையில், ஜெனரல் டேவிட் பெட்ரேயஸிடம், பிரதிநிதி கேப்ரியல் கிஃபோர்ட்ஸ், இராணுவம் ""கார்பன் வெளியீட்டைக் குறைப்பதற்காக எதிரிப் படைகளைக் குத்துவது அல்லது குத்துவது போன்ற குறைவான சுற்றுச்சூழலை சேதப்படுத்தும் முறைகளுக்கு அதிக முக்கியத்துவம் கொடுக்கிறது"" என்று பரிந்துரைத்தார்.",1
"""துரதிர்ஷ்டவசமாக மக்கள் (ஸ்டேட்ஹவுஸ்) கட்டிடத்தில் மலம் கழித்த நிகழ்வுகளை நாங்கள் ஆவணப்படுத்தியுள்ளோம்.""",1
"""டெக்சாஸில் உள்ள வளாகத்தில் எங்களிடம் மதுக்கடைகள் இல்லை. இது சட்டத்திற்கு எதிரானது... மதுவுக்கு அனுமதி இல்லை.""",1
"ஹிட்லர் ""தொழிற்சங்கங்களை ஒழித்தார், அதைத்தான்"" விஸ்கான்சின் கவர்னர் ஸ்காட் வாக்கர் ""இன்று செய்கிறார்.""",1
"""எங்கள் சொந்த அமெரிக்க அரசியலமைப்பைப் பற்றி அறிந்து கொள்வதில் எங்கள் குழந்தைகள் பள்ளியில் எந்த நேரத்தையும் செலவிடுவதில்லை.""",1
"அவரது பட்ஜெட் பழுதுபார்ப்பு மசோதாவின் கீழ், ""கூட்டு பேரம் முழுமையாக அப்படியே உள்ளது"" என்று கூறுகிறார்.",1
"விஸ்கான்சின் கவர்னர் ஸ்காட் வாக்கரின் கூட்டு பேரம் பேசும் உரிமைகளை கட்டுப்படுத்தும் நடவடிக்கை கேபிட்டலில் ""கலவரங்களுக்கு"" வழிவகுத்தது -- ""இந்த நாட்களில் கெய்ரோ மேடிசனுக்கு மாறியது போல் உள்ளது.""",1
ஹிரோஷிமாவில் ஏற்படுத்தப்பட்ட அணுகுண்டை விட டெட்ராய்டுக்கு நீண்டகால சேதத்தை நலத்திட்டங்கள் ஏற்படுத்தியது,1
"விஸ்கான்சின் கவர்னர் ஸ்காட் வாக்கர், பேரம் பேசும் சட்டங்களில் மாற்றங்களை ""தொழிலாளர்கள் எதிர்த்துப் போராடினால் தேசிய காவலரை அழைப்பதாக அச்சுறுத்தியுள்ளார்"" என்கிறார்.",1
ஆஸ்டினின் தாயகமான டிராவிஸ் கவுண்டி அமெரிக்காவில் மிகவும் தாராளவாத மாவட்டமாக உள்ளது என்று கூறுகிறார்.,1
"""பராக் ஒபாமாவுடன் பள்ளிக்குச் சென்றவர்கள், அவர்கள் அவரைப் பார்த்ததில்லை, அவர் யார் என்று அவர்களுக்குத் தெரியாது.""",1
"நான்கு மாநில சட்டமன்ற ஜனநாயகக் கட்சியினர் ""வடகிழக்கு விஸ்கான்சினின் பொருளாதாரத்திற்கு மரண அடியை அடித்தனர்"" கிரீன் பே அருகே சாத்தியமான பாஸ் ப்ரோ கடைகளில் நூற்றுக்கணக்கான வேலைகளைக் கொன்றனர்.",1
"வெளிநாட்டு வர்த்தக மண்டலங்கள் யு.எஸ். ""நிலத்தில் சீன கம்யூனிஸ்டுகள் -- சீனாவிலிருந்து கம்யூனிஸ்டுகள் வாழ அனுமதிக்கிறார்கள்! அவர்கள் சிறிய நகரங்களை அமைத்து இங்கு வாழ வேண்டும்.""",1
"எனது சொத்துக்களில் நகர கட்டிடக் குறியீடு மீறல்கள் வெளிப்புற சிக்கல்களை மட்டுமே உள்ளடக்கியது; ""வீடுகளுக்குள், அது நன்றாக இருக்கிறது.""",1
"""கடைசி கிறிஸ்தவர்கள் ஈராக்கை விட்டு வெளியேற உள்ளனர்"".",1
"""சட்டவிரோத வெளிநாட்டினர் ரோட் தீவு மாநிலத்திற்கு ஆண்டுக்கு $400 மில்லியன் செலவழிக்கிறார்கள்.""",1
"முன்னாள் பாதகமானவர்களை வெற்றிகரமாக சமூகத்திற்குத் திரும்பப் பெறுவது முக்கியம் என்று கூறுகிறார் ""எனவே நாம் எப்போதும் மறுபரிசீலனையை எதிர்கொள்வதில்லை, இது இன்று சிறைச்சாலையில் ஒரு பெரிய பிரச்சனை - 70 முதல் 80 சதவிகிதம் வரை.""",1
காங்கிரஸ் உறுப்பினர் ராபர்ட் ஹர்ட் கல்வியை 40 சதவிகிதம் குறைக்கும் திட்டத்தைக் கொண்டுள்ளார்.,1
"""கவர். ஸ்காட் வாக்கர் மற்றும் குடியரசுக் கட்சியின் கட்டுப்பாட்டில் உள்ள மாநில சட்டமன்றம் புதிய சிறப்பு வட்டி செலவில் $140 மில்லியனுக்கு மேல் சேர்த்துள்ளனர்""",1
"""கனேடிய மாகாணப் பிரதம மந்திரி தனது மருத்துவ சிகிச்சைக்காக ஓஹியோவுக்கு வந்தார், ஏனெனில் கனேடிய சுகாதாரப் பராமரிப்பில் தாமதம் ஏற்பட்டதால் அது அவரது உயிருக்கு ஆபத்தை விளைவிக்கும்.""",1
"ஒரு போர்ட்லேண்ட் பள்ளி முஸ்லீம் மாணவர்களுக்கு ""அவர்களுடைய சொந்த பள்ளி பூஜை அறை, தொழுகை விரிப்புகளை வழங்கியது"" மற்றும் ""வகுப்பிற்கு வெளியே ஒரு நாளைக்கு ஐந்து முறை அல்லாஹ்விடம் பிரார்த்தனை செய்ய அனுமதிக்கிறது"" என்று கூறுகிறது.",1
"கவர்னர் ""பில்லியன் கணக்கான டாலர்கள் கடன் மற்றும் புதிய செலவினங்களுக்கு உறுதியளித்தார், அந்த பணத்தை எவ்வாறு திருப்பிச் செலுத்த திட்டமிட்டுள்ளார் என்பது பற்றிய எந்த விளக்கமும் இல்லாமல்.""",1
"ஸ்காட் வாக்கர், மாநில பட்ஜெட்டை சமநிலைப்படுத்த உதவுவதற்காக, மாநில ஊழியர் ஓய்வு முறை மீதான சோதனையை மேற்பார்வையிட, தண்டனை பெற்ற சட்டமன்ற சபாநாயகர் ஸ்காட் ஜென்சனை நியமித்தார்.",1
"ஸ்டாம்ப் ஃபார்ம் காற்றாலை விசையாழி கட்டப்பட்டால், ""விசையாழிகளின் பிளேடுகளின் நிழல்களால் உருவாக்கப்பட்ட 'ஃப்ளிக்கர்' பாதிப்பின் ஆரோக்கிய ஆபத்து உண்மையான மற்றும் குறிப்பிடத்தக்க உடல்நல அபாயங்களை, குறிப்பாக வலிப்புத்தாக்கங்களை ஏற்படுத்துகிறது.""",1
காங்கிரஸின் உறுப்பினர்கள் மற்றும் அவர்களது குடும்பங்கள் மற்றும் ஊழியர்கள் மாணவர் கடன்களை திருப்பிச் செலுத்துவதில் இருந்து விலக்கு அளிக்கப்படுகிறார்கள்.,1
"""உள்நாட்டுப் போரின்போது வெள்ளை தெற்கத்தியர்களுடன் இணைந்து போராடிய தென்பகுதியில் உள்ள ஒவ்வொரு படைப்பிரிவிலும் கறுப்பர்களை நீங்கள் காணலாம்.""",1
"மாநிலத்தின் மருத்துவ உதவித் தள்ளுபடி திட்டம் ""இரண்டு ஆண்டுகளுக்கும் மேலாக மருத்துவ மற்றும் மருத்துவச் சேவை மையங்களில் கோப்பு அமைச்சரவையில் தேங்கிக் கிடக்கிறது"" என்று கூறுகிறது.",1
50 வயதுக்கு மேற்பட்ட ஒவ்வொரு தொழிலாளிக்கும் ஓய்வு பெற ஒரு மில்லியன் டாலர்களை வழங்குவதன் மூலம் வேலையின்மை மற்றும் வீட்டுவசதி மற்றும் வாகனத் தொழில் நெருக்கடிகளை சரிசெய்ய முடியும்.,1
"விஸ்கான்சின் பல்கலைக்கழக கால்பந்து நிகழ்ச்சியானது, அரசியல் ரீதியாக இணைக்கப்பட்ட அதிகாரிகளுக்கு ரோஸ் பவுல் ஜங்கட்டில் கிட்டத்தட்ட அனைத்து கிண்ண சாம்பியன்ஷிப் தொடர் கட்டணத்தையும் செலவிடுகிறது என்று கூறுகிறது.",1
"""Obamacare"" இன் கீழ் உடல்நலக் காப்பீட்டை வாங்கத் தவறியவர்கள் சிறை தண்டனையை எதிர்கொள்கின்றனர்.",1
"""ஜனவரி 2008 முதல் தனியார் துறை கிட்டத்தட்ட 8 மில்லியன் வேலைகளை இழந்துள்ளது, அதே நேரத்தில் உள்ளூர், மாநில மற்றும் மத்திய அரசாங்கங்கள் 590,000 சேர்த்துள்ளன.""",1
"""ஏற்கனவே, கிரீன் பே மேயர் புதிய VA மையத்தைச் சுற்றி பொருளாதார வளர்ச்சிக்காக ரிப்பன் வெட்டுக்குப் பிறகு ரிப்பன் வெட்டுகிறார்.""",1
"அதிவேக இரயிலுக்கு ஆளுநராக தேர்ந்தெடுக்கப்பட்ட ஸ்காட் வாக்கரின் எதிர்ப்பு ""13,000 விஸ்கான்சின் வேலைகளைக் கொன்றது""",1
"ஜோ ஸ்ட்ராஸ் ""பொதுப் பள்ளி பாலியல் கல்வியைக் கட்டுப்படுத்த திட்டமிடப்பட்ட பெற்றோரை அனுமதிக்கும் மசோதாவின் இணை ஆசிரியராக இருந்தார்"" என்று கூறுகிறார்.",1
"ஒரு பேரழிவு நிகழ்வின் போது, ​​நோய் கட்டுப்பாடு மற்றும் தடுப்பு மையங்களின் அட்லாண்டா பகுதி அலுவலகங்கள் தன்னைத்தானே அழித்துக்கொள்ளும்.",1
"""கொலம்பியா/எச்.சி.ஏ-வில் நாங்கள் மேற்கொண்ட செலவு-சேமிப்பு நடவடிக்கைகள் ஏழு ஆண்டுகளில் தேசிய சுகாதாரப் பணவீக்கத்தை 18% இலிருந்து 8% ஆகக் குறைத்தது.""",1
"""உங்கள் தனிப்பட்ட 401(k) அல்லது IRA திட்டத்தைப் பறிமுதல் செய்து, சமூகப் பாதுகாப்பை வலுப்படுத்த சமூகப் பாதுகாப்பில் மாற்றுவது பற்றி இப்போது காங்கிரஸில் பேசப்படுகிறது.""",1
"""இந்த நகரம் (வில்மிங்டன், ஓஹியோ) அரசாங்கத்திடம் இருந்து எந்தப் பணத்தையும் எடுக்கவில்லை. அவர்கள் அரசாங்கத்திடம் இருந்து எந்தப் பணத்தையும் விரும்பவில்லை.""",1
புதிய உணவு பாதுகாப்பு சட்டம் கொல்லைப்புற தோட்டக்கலையை ஒழுங்குபடுத்தும்.,1
மூன்று உயர்நிலைப் பள்ளிகளை மீண்டும் கட்டியெழுப்புவது போர்ட்லேண்ட் பப்ளிக் பள்ளி மாணவர்களில் 40 சதவீதம் பயனடையும்.,1
"""வணிகத்திற்கான மொத்த விற்பனையில் $250,000 உள்ள சிறு வணிகங்கள். பாரிய வரி அதிகரிப்புகளைப் பார்க்கின்றன.""",1
"அவர்கள் குடியரசுக் கட்சியின் லெப்டினன்ட் கவர்னர் கேசி கேக்லேவுடன்  ""அதிகாரப் பகிர்வு ஒப்பந்தத்தை"" அடைந்ததாகக் கூறினார்.",1
"காங்கிரசுக்கு முன் உள்ள தொப்பி மற்றும் வர்த்தக மசோதா ""EPA நிர்வாகியின் அனுமதியின்றி உங்கள் வீட்டை விற்பதைத் தடுக்கிறது.""",1
"ஜனாதிபதி ஒபாமா, சென். ஹாரி ரீட் மற்றும் பிரதிநிதி நான்சி பெலோசி ஆகியோர் ""1.2 டிரில்லியன் டாலர் ஊக்க மசோதாவை"" நிறைவேற்றினர்.",1
டெக்சாஸ் பட்ஜெட்டில் 25 சதவீதத்திற்கும் அதிகமானவை யு.எஸ். குடிமக்கள் அல்லாதவர்களுக்கு சேவைகளை வழங்குகின்றன.,1
"""பிரஸ். ஒபாமாவின் நிதிக் குழு எந்தவொரு நிதி நிறுவனத்திலும் அனைத்து பரிவர்த்தனைகளுக்கும் .. 1% வரியை பரிந்துரைக்கிறது.""",1
"""காங்கிரஸ் பெண்மணி கேத்தி காஸ்டர் சீனாவில் விபச்சாரிகளுக்கு பொறுப்புடன் குடிக்கக் கற்றுக்கொடுக்க $2.6 மில்லியன் செலவழிக்க வாக்களித்தார்.""",1
"பேட்ரிக் ரோஸ் ""மாநில வருமான வரியை ஆராய வாக்களித்தார்.""",1
"""டான் கெல்பர்: எங்கள் தேவைப்படும் குழந்தைகள் யூத தனியார் பள்ளிகளில் சேர உதவித்தொகைக்கு எதிரான பதிவில்.""",1
"""வடக்கு டகோட்டாவின் பொருளாதாரம் தள்ளாடுகிறது.""",1
"குடியரசுக் கட்சியின் ஆளுநர் வேட்பாளர் ஸ்காட் வாக்கர் ""தனது சொந்த ஊதியத்தை $50,000 அதிகரித்தார்"" என்று கூறுகிறார்.",1
"ஜார்ஜியாவின் ஆளுநருக்கான போட்டியை ""சிவில்"" மற்றும் ""நேர்மறை"" மீது கவனம் செலுத்த உறுதிமொழிகள்.",1
"""காங்கிரஸ்காரர் காசிச் தனது கார்ப்பரேட் நண்பர்களுக்கு ரகசிய போனஸ் கொடுக்க எங்கள் வரி டாலர்களைப் பயன்படுத்த விரும்புகிறார்.""",1
"மாநில செனட் வேட்பாளர் ""துறவி எல்மர் (பள்ளி மாவட்ட சொத்து வரி) செலவு வரம்பை மீற வாக்களித்துள்ளார்"" என்கிறார்.",1
"முக்கிய விஸ்கான்சின் சட்டமன்றப் பந்தயங்களில் குடியரசுக் கட்சி வேட்பாளர்கள் ""சமூகப் பாதுகாப்பை தனியார்மயமாக்க விரும்புவோருக்கு பக்கபலமாக -- வோல் ஸ்ட்ரீட்டில் எங்கள் ஓய்வுக்கு ஆபத்து"" என்கிறார்.",1
"கடந்த இரண்டு ஆண்டுகளில், ஜனநாயகக் கட்சியினர் ""இந்த நாடு கடந்த 200 ஆண்டுகளில் செலவிட்டதை விட அதிகப் பணத்தைச் செலவிட்டுள்ளனர்.""",1
"""ஒபாமாகேர் காரணமாக எனது உடல்நலக் காப்பீடு மற்றும் எனது மருத்துவரை இழந்தேன்.""",1
"எட் பெர்ல்முட்டர் வரி டாலர்களுடன் செலுத்தப்பட்ட ""கற்பழிப்பாளர்களுக்கான வயாகரா""விற்கு வாக்களித்தார்.",1
"ரெப். ஜான் போசீரியின் தேர்தலுக்குப் பிறகு, ""ஓஹியோ 600,000 வேலைகளை இழந்துவிட்டது"" மற்றும் அவரது மாவட்டத்தில் ""வேலையின்மை இரட்டிப்பாகிவிட்டது.""",1
"""தலிபான்கள் பல வருடங்களாக அங்கே இருக்கிறார்கள், அதாவது நூறாயிரக்கணக்கான ஆண்டுகளாக.""",1
"திருத்தம் 4 ""புளோரிடா முழுவதும் உள்ள மாவட்டங்கள் மற்றும் நகரங்கள் வரி மற்றும் கட்டணங்களை உயர்த்த கட்டாயப்படுத்தும்"" என்று PolitiFact கூறுகிறது.",1
"ரிக் பெர்ரி சமீபத்தில் ""இன்னொரு (டெக்சாஸ்) வணிக வரி வேண்டும்"" என்று கூறினார்.",1
"ஜான் கிட்சாபர் விற்பனை வரி வேண்டும் என்று கூறுகிறார், அதனால் வேலை இல்லாதவர்கள் வரி செலுத்துகிறார்கள்.",1
"புதிய சுகாதாரப் பாதுகாப்புச் சட்டம் ""பராக் ஒபாமாவின் அரசாங்கத்தால் நடத்தப்படும் சுகாதாரப் பாதுகாப்புத் திட்டத்தில் மூத்தவர்களை கட்டாயப்படுத்தும்.""",1
டெக்சாஸ் வாக்காளர்கள் சொத்து வரிகளை பாதிக்கும் முன்மொழியப்பட்ட அரசியலமைப்பு திருத்தத்தின் மீது இந்த நவம்பரில் செயல்படுமாறு கேட்டுக் கொள்ளப்படுகிறார்கள்.,1
"புதிய சுகாதாரப் பாதுகாப்புச் சட்டத்தின் கீழ், ""முதல் நபர் (அ) நோயாளி ஒரு அதிகாரியிடம் செல்ல வேண்டும். அது ஒரு குழு என்று அழைக்கப்படுகிறது.""",1
"ரிக் ஸ்காட் ""ஒரு பரப்புரையாளருடன் எந்த தொடர்பும் கொண்டிருக்கவில்லை.""",1
"""நாங்கள் இன்னும் எதிர்மறையான விளம்பரத்தை எடுக்கவில்லை.""",1
"""டாம் பாரெட் எங்கள் சுகாதாரப் பாதுகாப்பை அரசாங்கம் கையகப்படுத்துவதை ஆதரிக்கிறார்"" என்கிறார்",1
"கிறிஸ் கூன்ஸ் ""மார்க்சிய நம்பிக்கைகள்"" உடையவர்.",1
"Steve Kagen கூறுகிறார், ""எங்களுக்கு வேலை தருவதாக உறுதியளித்தார், $787 பில்லியன் ஊக்கத்தொகைக்கு வாக்களித்தார். செலவு: மேலும் 77,000 வேலைகள் இழந்தன.""",1
"மாட் வாண்ட் ட்ரூட்டேல் போலீஸைக் கட் செய்தார், தனக்கென ஒரு சேறு நிதியை உருவாக்கினார்.",1
ஸ்டேட் ஹவுஸ் இருக்கைக்கான தனது போட்டியாளருக்கு பிரச்சார பங்களிப்புகள் பள்ளி மாணவர்களுக்கான பணம் என்று கூறுகிறார்.,1
மளிகைப் பொருட்களுக்கு 5 சதவீத மாநில விற்பனை வரி விதிக்க வேண்டும் என்று சால் எஸ்கிவெல் கூறுகிறார்.,1
"வாக்கர் எப்படி மில்வாக்கி கவுண்டியை ""தவறாக நிர்வகித்தார்"" என்பதற்கு ""தலைப்புச் செய்திகள் ... கதையைச் சொல்லுங்கள்"" என்று கூறுகிறார்",1
"ரிக் பெர்ரி ""11 மற்றும் 12 வயது சிறுமிகளுக்கு பெற்றோரின் அனுமதியின்றி சர்ச்சைக்குரிய மருந்தை (HPV தடுப்பூசி) செலுத்துவது நல்லது"" என்று நினைக்கிறார்.",1
கார்ப்பரேட் வரி ஓட்டைகளை மூடுவதன் மூலம் ஆசிரியர் வேலைகளை காப்பாற்றுவதற்கான ஒரு பில் முழுமையாக செலுத்தப்படுகிறது.,1
"Peter DeFazio ""அனைத்து வங்கி பரிவர்த்தனைகளிலும் 1 சதவீத வரியை செலுத்துவார்.""",1
"ஃபீன்கோல்ட் கேரேஜ் விளம்பரம் ""ஒரு போலியானது: அவர் தனது வீட்டின் முன் நிற்கவில்லை"" என்று கூறுகிறார்.",1
"""சோலார் பேனலை உருவாக்க அதன் முழு வாழ்க்கையிலும் எவ்வளவு ஆற்றல் தேவைப்படுகிறது.""",1
"""அரசியல்வாதி ரீட் ரிபிள் சமூகப் பாதுகாப்பை படிப்படியாக அகற்ற விரும்புகிறார், விஸ்கான்சின் மூத்தவர்கள் தங்களைத் தற்காத்துக் கொள்ளும்படி கட்டாயப்படுத்துகிறார்.""",1
"""பாதுகாப்பு அனுமதிக்கான விண்ணப்பத்தைப் பார்த்தால், எனது பின்னணி காரணமாக அமெரிக்க அதிபரால் கூட பெற முடியாத அனுமதி என்னிடம் உள்ளது.""",1
"""எங்கள் பொருளாதாரத்தை சிதைத்த அதே தோல்வியுற்ற பொருளாதாரக் கொள்கைகளுக்கு"" திரும்புவதன் மூலம் ஜான் போஹ்னர் ""நாங்கள் இருந்ததை விட வித்தியாசமாக இருக்கப் போவதில்லை"" என்று ஒப்புக்கொள்கிறார்.",1
"Earl Blumenauer இன் ஒரு மசோதா ""எங்கள் அனைத்து வாகனங்களிலும் GPS கண்காணிப்பு சாதனங்களை கட்டாயமாக்கும்.""",1
"மார்கோ ரூபியோ மாநில பட்ஜெட்டில் ""ஒரு ரோயிங் நிறுவனத்திற்கு $1.5 மில்லியன்"" சேர்க்க முயன்றார்.",1
"ஆளுநருக்கான வேட்பாளர் ராய் பார்ன்ஸ், சட்டவிரோதமாக குடியேறியவர்களை வாக்களிக்க அனுமதிக்க ""கடுமையாக போராடி வருகிறார்"".",1
"""டாம் பாரெட்டின் தலைமையின் கீழ், மில்வாக்கியில் வன்முறைக் குற்றங்கள் 20%-க்கும் மேல் குறைந்துள்ளன -- 20 ஆண்டுகளுக்கும் மேலாக அதன் மிகக் குறைந்த அளவிற்கு.""",1
"""சபாநாயகர் பெலோசி ... அவர் பறக்கும் இராணுவ ஜெட் விமானங்களில் மதுபானத்திற்காக $100,000 பார் டேப் மூலம் வரி செலுத்துபவரை ஒட்டிக்கொண்டிருக்கிறார்.""",1
"""தேர்ந்தெடுக்கப்பட்டால், சமூகப் பாதுகாப்பு, மருத்துவப் பாதுகாப்பு மற்றும் படைவீரர்களின் நலன்களில் இருந்து 'டிக்ன்களை' குறைக்க விரும்புவதாக கேன்லி கூறினார்.""",1
"""ஒவ்வொரு முறையும் நான் அமெரிக்க செனட்டிற்கு போட்டியிடும் போது எனது எதிர்ப்பாளர்களால் நான் சிறப்பாக செயல்படவில்லை.""",1
"ரான் க்ளீன் ""சட்டவிரோதமாக குடியேறியவர்களுக்கான பொது மன்னிப்புக்கு ஆதரவாக மீண்டும் மீண்டும் வாக்களித்தார்.""",1
"""தூண்டுதல் ஒரு தனியார் துறை வேலையை உருவாக்கவில்லை.""",1
"""ஊக்கச் சார்பு பொருளாதார நிபுணர் இது வேலை செய்யவில்லை என்று ஒப்புக்கொள்கிறார் ..."" என்று கூறுகிறார்.",1
"""சமூக பாதுகாப்பை தனியார்மயமாக்கும் திட்டத்தை சீன் டஃபி ஆதரித்தார்.""",1
"""பிராவிடன்ஸின் சகோதரரின் மேயர் நகரத்திற்கு மோசமான காசோலைகளில் 100 க்கும் மேற்பட்ட கிராண்ட்களை எழுதியபோது, ​​ஜோ பெர்னாண்டஸுக்கு அவர் மீது வழக்குத் தொடர தைரியம் இல்லை. அவர் அவரை வெளியேற்றினார்.""",1
"""எங்கள் சட்ட அமலாக்க முகவர் பாலைவனத்தில் புதைக்கப்பட்ட அல்லது தலை துண்டிக்கப்பட்ட உடல்களை கண்டுபிடித்துள்ளனர்.""",1
லிண்ட்சே கிரஹாம் அமெரிக்க செனட்டிற்கு சார்லி கிறிஸ்ட்டை ஆதரித்தார்.,1
"""எங்கள் மிக முக்கியமான பணி கிட்டத்தட்ட 55,000 ஓஹியோ வேலைகளை உருவாக்கி தக்கவைத்து வருகிறது.""",1
"""நான் (அப்போதைய மாநிலச் செயலாளர் காண்டலீசா ரைஸ்) எத்தனை பேர் இறந்தார்கள் என்று கேட்டேன், அந்தக் கேள்விக்கான பதில் அவருக்குத் தெரியவில்லை.""",1
"""எனது பிரச்சார நிதியில் 80 முதல் 85 சதவிகிதம் பிராவிடன்ஸ் நகரம் முழுவதும் உள்ள பல்வேறு நிறுவனங்களுக்கு நன்கொடையாகச் செல்கிறது.""",1
"""அரசாங்கம் இப்போது எந்த வகையான பெரிய கூட்டங்களுக்கும் லிங்கன் நினைவகத்தை மூட முயற்சிக்கிறது.""",1
அதிபர் ஒபாமா ஒரு முஸ்லிம்.,1
"புதிய சுகாதாரச் சட்டத்தின் கீழ், ""அனைத்து ரியல் எஸ்டேட் பரிவர்த்தனைகளும் 3.8% விற்பனை வரிக்கு உட்பட்டது""",1
பில் ஒயிட் விவாதத்திற்கு மறுப்பதாக கூறுகிறார்.,1
"""பீனிக்ஸ், அரிஸ்., உலகின் நம்பர் 2 கடத்தல் தலைநகரம்.""",1
"ஜாக் ஸ்பேஸ் ஆதரிக்கும் தொப்பி மற்றும் வர்த்தகச் சட்டம் ""சராசரி குடும்பத்திற்கு ஆண்டுக்கு $1,761 அதிகரித்த ஆற்றல் விகிதத்தில் செலவாகும்.""",1
"""ஒபாமா தான் ஒரு குடிமகன் அல்ல என்பதை ஒப்புக்கொள்கிறார்.""",1
"""சமீபத்திய ஆண்டுகளில், பிரதிநிதி. லாடூரெட் 551.6 சதவீதம் செலவினங்களை அதிகரிக்கும் சட்டத்திற்கு நிதியுதவி செய்துள்ளார்.""",1
"""அமெரிக்க வரலாற்றில் மிகப்பெரிய வரி அதிகரிப்பை ஏற்படுத்த ஜனநாயகக் கட்சியினர் இப்போது தயாராக உள்ளனர்.""",1
"""தொண்ணூற்று நான்கு சதவீத சிறு வணிகங்கள் ஜனநாயகக் கட்சியின் திட்டத்தின் கீழ் அதிக வரிகளை எதிர்கொள்ளும்.""",1
"""கிளிண்டனைத் தேர்ந்தெடுத்த அணியில் அவர் இருந்ததால், எனது எதிரியான சாம் ஓலென்ஸ் [அரிசோனா குடியேற்றத் தீர்ப்புக்கு] நன்றி சொல்ல வேண்டும்.""",1
"1981ல் ஒபாமா பாகிஸ்தானுக்குச் சென்றபோது, ​​அவர் அமெரிக்கக் குடிமகனாகப் பயணம் செய்திருக்க முடியாது.",1
பராக் ஒபாமா ஒரு இந்தோனேசிய குடிமகன் என்பதை ஆக்சிடெண்டல் கல்லூரி வெளியிட்ட டிரான்ஸ்கிரிப்ட் நிரூபிக்கிறது.,1
பராக் ஒபாமா ஜனாதிபதியாக இருக்க தகுதியுள்ளவரா என்பது குறித்த வழக்கை உச்ச நீதிமன்றம் விசாரிக்க நீதிபதி அன்டோனின் ஸ்காலியா ஒப்புக்கொண்டார்.,1
"அட்லாண்டாவில் நடந்த ஒபாமா நிகழ்வுகளுக்கு ""யாரும் எங்களை அழைக்கவில்லை"".",1
"""எனது பிரச்சாரத்தில் எதிர்மறையான விளம்பரம் எதுவும் இல்லை.""",1
"டவுன் சிண்ட்ரோம் உள்ள சாரா பாலினின் மகன் டிரிக் ""உள்ளே சென்று கருக்கலைப்பு செய்வது சரியென்று"" கரேன் ஹேண்டல் உணர்ந்திருப்பார்.",1
"""அறுபது சதவிகித ஹிஸ்பானியர்கள்"" அரிசோனா குடியேற்ற சட்டத்தை ஆதரிக்கின்றனர்",1
"சட்டவிரோதமாக எல்லையை கடக்கும் நபர்களுக்கு மருந்துகளை கொண்டு செல்வது ""சேர்க்கையின் விலை"".",1
"""இந்த வெள்ளை மாளிகையிலிருந்து எங்களுக்கு அதிக அழைப்புகள் வரவில்லை... வெளிப்படையாகச் சொன்னால், அவர்களிடமிருந்து எனக்கு அழைப்பு வரவில்லை.""",1
"கவர்னர் ரிக் பெர்ரி ""ஒரு மணிநேர அடிப்படையில் அதிக ஊதியம் பெறும் அரசு ஊழியர்"" என்கிறார்.",1
"ப்ளூ கிராஸ் தலைமையகத்தில் ""$30,000 கிரானைட் டேபிள் உள்ளது.""",1
"புளூ கிராஸின் புதிய $90-மில்லியன் பிராவிடன்ஸ் தலைமையகம் ""$25 மில்லியன் அலங்காரத்துடன் அலங்கரிக்கப்பட்டது.""",1
"""காங்கிரஸ்காரராக நான்கு ஆண்டுகள், அவர் [அமெரிக்க பிரதிநிதி. ஹாங்க் ஜான்சன்] MARTA பற்றிப் பேசவே இல்லை.""",1
"""திட்டமிட்ட பெற்றோருக்கான பரப்புரையாளர்களிடமிருந்து ஆயிரக்கணக்கானவர்களை பில் மெக்கலம் ஏற்றுக்கொண்டார்.""",1
"அமெரிக்கப் பிரதிநிதி ஜிம் லாங்கேவின், சட்டவிரோதக் குடியேற்றத்தைத் தடுக்க ஒரு எல்லை வேலியை விரும்பவில்லை ""ஏனென்றால் வேலியைச் சுற்றிச் செல்ல முயன்றால் யாராவது காயப்படுவார்கள் என்று அவர் பயப்படுகிறார்.""",1
"ஜெனரல் ஸ்டான்லி மெக்கிரிஸ்டலை பதவி நீக்கம் செய்வதில் அவரது முடிவால், ஜனாதிபதி ஒபாமா ""புஷ் நிர்வாகத்தில் இருந்து பெற்ற மற்றொரு சிக்கலை சரிசெய்ய வேண்டும்.""",1
"""பிரதிநிதித்துவம் இல்லாமல், (ஐஆர்எஸ்) வரிகளை அதிகரிக்க முடியும்.""",1
"""செனட்டில் நிறைவேற்றப்படும் 94 சதவீத மசோதாக்களில் விவாதம் இல்லை, வாக்கெடுப்பு இல்லை, திருத்தங்கள் இல்லை, மசோதாவைப் படிக்க முடியாது, ஆன்லைனில் வெளிப்படுத்துவது இல்லை.""",1
அவர் ஒருபோதும் ஜார்ஜியா லாக் கேபின் குடியரசுக் கட்சியின் உறுப்பினராக இருந்ததில்லை என்று கூறுகிறார்.,1
"ஜார்ஜியா மாநில கேபிட்டலின் ""தங்கக் குவிமாடத்திலிருந்து தங்கத்தை"" அகற்றுவதன் மூலம் பள்ளிகளுக்கு பணம் பெறலாம்.",1
"2011 இல் தொடங்கி, ""நீங்கள் நிறுவனத்தால் வழங்கப்படும் உடல்நலக் காப்பீட்டின் மதிப்பு"" மீது ""நீங்கள் வரி செலுத்த வேண்டும்"".",1
"""இன்னும் 20 ஆண்டுகளில் அமெரிக்காவில் ஜனாதிபதியைத் தேர்ந்தெடுக்கும் அளவுக்கு முஸ்லிம் வாக்காளர்கள் இருப்பார்கள்.""",1
பராக் ஒபாமா 'ஹூம்ப்!' வீடியோவில் தோன்றினார். (அங்கே இருக்கிறது!)',1
"""2008 நவம்பரில் எனது எதிர்ப்பாளர் வெள்ளை மாளிகைக்கு, தேர்ந்தெடுக்கப்பட்ட ஜனாதிபதி ஒபாமாவுக்கு ஒரு மிஸ்ஸிவ் அனுப்பினார், மேலும், 'அமெரிக்க மக்களுக்கு நீங்கள் தொப்பி மற்றும் வர்த்தகத்தை எப்படி விற்க வேண்டும்' என்று கூறினார். """,1
"புதிய சுகாதாரப் பாதுகாப்புச் சட்டத்தின் கீழ், முதியோர்கள் ""சிகிச்சைக்கான வயது வரம்பைக் கடந்தால்"" அவர்களுக்குக் கவனிப்பு மறுக்கப்படும்.",1
"""பார்பரா குத்துச்சண்டை வீரர் வானிலை பற்றி கவலைப்படுகிறார்"" பயங்கரவாதத்திற்கு பதிலாக தேசிய பாதுகாப்புக்கு மிகப்பெரிய அச்சுறுத்தல்.",1
"கவர்னர் ரிக் பெர்ரி, ""டெக்ஸான்கள் கஷ்டப்பட்டு சம்பாதித்த பணத்தை XIV லூயியைப் போல் செலவிடுகிறார்"" என்று கூறுகிறார்.",1
"""கடந்த வாரம் மூன்று நாட்களில், (கவர். ரிக்) பெர்ரி ஐந்து நகரங்களுக்கு வரி செலுத்துவோர் செலவில் பறந்து, செய்தியாளர் சந்திப்புகளை நடத்தி, $2,325,000 காசோலைகளை வழங்கினார்.""",1
"எலெனா ககன் ""நியூயார்க் நகர தீவிர, மார்க்சிஸ்ட் வழக்கறிஞர்.""",1
"""லூசியானா சென். மேரி லாண்ட்ரியூ கடந்த தசாப்தத்தில் BP யிலிருந்து கிட்டத்தட்ட $1.8 மில்லியன் பெற்றார்.""",1
"""சப்பிரைம் அடமான நெருக்கடி ஒரு பெரிய விஷயம் என்று தான் நினைக்கவில்லை என்று மெக்கலம் ஒப்புக்கொண்டார், சப்பிரைம் சரிவு ஊடகங்கள் மற்றும் முதலீட்டாளர்களால் பெரிதுபடுத்தப்பட்டது என்றும் 'இது உலகின் முடிவு அல்ல' என்றும் செய்தியாளர்களிடம் கூறினார். """,1
"""இரண்டு வாரங்களுக்கு முன்பு வரை, ஜான் மெக்கெய்ன் பொதுமன்னிப்பின் முன்னணி ஆதரவாளராக இருந்தார். இப்போது நான் அவருக்கு சவாலாக இருந்ததால், திடீரென்று அவர் மாறிவிட்டார்.""",1
"""நீங்கள் ஹெல்த் இன்ஷூரன்ஸ் வாங்கவில்லை என்றால், நீங்கள் சிறைக்கு செல்வீர்கள் என்று ஃபாக்ஸ் நியூஸில் யாராவது எப்போதாவது கூறியிருக்கிறார்களா என்பதைக் கண்டறிய நாங்கள் ஆராய்ச்சி செய்தோம். யாரும் அதைச் சொல்லவில்லை.""",1
சிறையில் அடைக்கப்பட்ட பரப்புரையாளர் ஜாக் அப்ரமோஃப் மற்றும் பிரதிநிதி சி.டபிள்யூ. பில் யங்குடன் தொடர்பு கொள்கிறார்.,1
"புதிய சுகாதாரப் பாதுகாப்புச் சட்டம் ""சிறப்புத் தேவைகள் உள்ள குடும்பங்களுக்கு $13 பில்லியன் வரி அதிகரிப்பை"" வழங்குகிறது.",1
"குடியரசுக் கட்சியின் மாநிலத் தலைவர்கள் ""சோவியத் பாணி"" பட்ஜெட் நிர்வாகத்தைப் பயன்படுத்துகின்றனர்.",1
"துருப்புக்கள் போருக்குச் செல்வதற்கான ""செலவுகளைத் தாங்கிக் கொள்ள வேண்டும்"" என்று ஒபாமா கூறினார்.",1
"""ObamaCare சட்டமாக மாறுவதற்கான பாதை அனைத்தும் ஜனாதிபதி ஒபாமாவின் $787 பில்லியன் ஊக்கத்தை சார்லி கிறிஸ்ட் ஆதரிப்பதன் மூலம் தொடங்கியது.""",1
"""நான் ஒருபோதும் என்னை ஒரு மாவீரன் என்று கருதவில்லை.""",1
"""கடந்த மக்கள்தொகை கணக்கெடுப்பின் தணிக்கை டெக்சாஸில் வசிக்கும் 370,000 க்கும் மேற்பட்ட மக்கள் கணக்கிடப்படவில்லை என்று கண்டறியப்பட்டது, இதன் விளைவாக எங்கள் மாநிலம் $1 பில்லியன் மதிப்பிலான கூட்டாட்சி நிதியை இழந்தது.""",1
"""மாசசூசெட்ஸில் காப்பீடு செய்யப்படாதவர்களின் எண்ணிக்கை 2006 இல் ஆணைகள் நிறைவேற்றப்பட்டபோது இருந்ததைப் போலவே உள்ளது.""",1
"""இந்த மசோதா கருக்கலைப்புகளுக்கு முழு மத்திய நிதியுதவியையும் வழங்குகிறது...""",1
"ஜனநாயக சுகாதாரப் பாதுகாப்புத் திட்டம் என்பது ""நமது பொருளாதாரத்தில் கிட்டத்தட்ட 20 சதவீதத்தை அரசாங்கம் கையகப்படுத்துவது"" ஆகும்.",1
"""மாசசூசெட்ஸ் உச்ச நீதிமன்றம்... திருமணத்தை எளிமையாக, மேற்கோள், நெருக்கத்தை நிறுவுதல் என வரையறுத்துள்ளது... உங்கள் குதிரை மீது உங்களுக்கு உண்மையிலேயே பாசம் இருந்தால், உங்கள் குதிரையை நீங்கள் திருமணம் செய்து கொள்ளலாம் என்று நினைக்கிறேன்.""",1
"மக்கள் ""ஒபாமாவால் இனி மீன்பிடிக்க செல்ல முடியாது.""",1
"எனது ""எல்லைப் பாதுகாப்பு முயற்சிகள் எல்லைக் குற்றங்கள் 60 சதவிகிதம் குறைவதற்கு வழிவகுத்தன.""",1
"""புற்றுநோய் நிபுணர்களை சேர்க்காத அரசுக் குழு, பெண்கள் 50 வயது வரை மேமோகிராம் பெறக் கூடாது என்று கூறுகிறது... அரசு சுகாதாரப் பராமரிப்பை எடுத்துக் கொண்டால், இது போன்ற பரிந்துரைகள் அனைத்து வகையான நோய்களுக்கும் சட்டமாக மாறும்.""",1
"""ஜனவரி 2007 இல் ஜனநாயகக் கட்சியினர் காங்கிரஸின் கட்டுப்பாட்டைக் கைப்பற்றியபோது பொருளாதாரம் அதன் மூக்கை மூழ்கடிக்கத் தொடங்கியது.""",1
"""பில் ஒயிட் ... 'ஒபாமாகேர்' சமூகமயமாக்கப்பட்ட மருத்துவத் திட்டத்தை ஆதரிக்கிறது, அத்துடன் ஆயிரக்கணக்கான டெக்சாஸ் வேலைகளைக் கொல்லும் 'கேப் அண்ட் டிரேட்' சட்டத்தையும் ஆதரிக்கிறது.""",1
டெக்சாஸ் மாநில கல்வி வாரியம் பாடப்புத்தகங்களில் கிறிஸ்துமஸ் மற்றும் அரசியலமைப்பு பற்றிய குறிப்புகளை நீக்குவது குறித்து பரிசீலித்து வருவதாக கூறுகிறது.,1
"""சமூக பாதுகாப்பை தகர்க்க காங்கிரஸ் உறுப்பினர் மெக்கலம் வாக்களித்தார்.""",1
"""அதன் வார்த்தைகளில் நான் மகிழ்ச்சியடைகிறேன் (கார்ப்பரேட்-ஸ்பான்சர் செய்யப்பட்ட காங்கிரஸின் பயணங்கள் பற்றிய ஒரு நெறிமுறை அறிக்கை) ஏனெனில் அந்த வார்த்தைகள் என்னை விடுவிக்கிறது.""",1
"ஜனநாயக சுகாதாரப் பாதுகாப்புத் திட்டம் என்பது ""எங்கள் சுகாதாரத் திட்டங்களை அரசாங்கம் கையகப்படுத்துவது"" ஆகும்.",1
"தூண்டுதல் மசோதா ""ஒரு புதிய வேலையை உருவாக்கவில்லை.""",1
"பில் ஒயிட் ""பாகுபாடு காட்டுகிறார். அவர் ஆப்பிரிக்க அமெரிக்கர்களிடமிருந்து வேலைகளைப் பெற்று தனது நண்பர்களுக்குக் கொடுக்கிறார்.""",1
"""உலகின் மிகப்பெரிய கருக்கலைப்பு மருத்துவ மனையின் கட்டுமானத்திற்கு பில் ஒயிட் தலைமை தாங்கினார்.""",1
"ஜனாதிபதியின் சுகாதாரப் பாதுகாப்பு முன்மொழிவுகள் ""பெரும்பாலான அமெரிக்கர்கள் தங்கள் பிரீமியத்தை அதிகரிக்க வேண்டும், குறைக்கவில்லை, மேலும் நூற்றுக்கணக்கான மில்லியன் மக்கள் தங்களின் தற்போதைய காப்பீட்டுத் தொகையை இழக்க நேரிடும்.""",1
"வெள்ளை மாளிகையின் இணையதளம் மூலம் ஹைட்டி நிவாரணத்திற்கு நன்கொடை அளிக்கும் போது ""அதிக நிர்வாகச் செலவுகள்"" உள்ளன.",1
நில ஆணையர் ஜெர்ரி பேட்டர்சன் தன்னைச் சுடப் போவதாக மிரட்டியதாகக் கூறுகிறார்.,1
"""சென். ஹட்சிசன் குடியரசுக் கட்சியினரைக் கைவிட்டு, சுகாதாரப் பாதுகாப்புச் சட்டம் விரைவாக நிறைவேற்றப்படுவதை உறுதிசெய்ய ஜனநாயகக் கட்சியினருடன் நின்றார்.""",1
"சமீபத்திய ஒபாமா நிர்வாக உத்தரவு ""அமெரிக்காவில் உள்ள இன்டர்போல் மூலம் பல விசாரணைகளுக்கு வழிவகுக்கும், இது அமெரிக்க அதிகாரிகளை இலக்காகக் கொண்டதாக இருக்கலாம்.""",1
"""கற்பழிப்பு பாதிக்கப்பட்டவர்கள் கற்பழிப்பு கருவிக்கு பணம் செலுத்த வேண்டும் என்று அட்டர்னி ஜெனரல் கோருகிறார்.""",1
"""புஷ்ஷின் கீழ் எங்களுக்கு உள்நாட்டு தாக்குதல்கள் எதுவும் இல்லை.""",1
"ஜனாதிபதி ஒபாமா ""... நாங்கள் போரில் இருக்கிறோம் என்பதை ஒப்புக்கொள்ள விரும்பவில்லை.""",1
"ஒரு தரவு-சேமிப்பு மைக்ரோசிப் ""பொது சுகாதாரப் பாதுகாப்பு விருப்பத்தின் கீழ் வருவதைத் தேர்ந்தெடுக்கும் பெரும்பான்மையான மக்களுக்கு பொருத்தப்படும்.""",1
"தொப்பி மற்றும் வர்த்தக மசோதாவின் கீழ், வீடுகள் விற்கப்படுவதற்கு முன்பு ஆற்றல் மற்றும் நீர் திறன் தரநிலைகளை பூர்த்தி செய்ய மறுசீரமைக்கப்பட வேண்டும்.",1
"ஃபோர்ட் ஹூட் துப்பாக்கிச் சூட்டில் குற்றம் சாட்டப்பட்ட மேஜர் நிடல் ஹசன், ""ஒபாமா நிர்வாகத்தின் ஆலோசகராக இருந்தார்.""",1
"""சுகாதாரப் பாதுகாப்பு மசோதாவில், நாங்கள் இப்போது நாய்களுக்கான காப்பீட்டை வழங்குகிறோம்.""",1
"கூட்டாட்சி ஊக்க மசோதாவை ""நான் அங்கீகரிக்கவில்லை"".",1
"ஹவுஸ் ஹெல்த் கேர் மசோதாவின் பக்கம் 92 ""குறிப்பாக குறிப்பிட்ட தேதிக்குப் பிறகு மக்கள் தனியார் மருத்துவக் காப்பீட்டை வாங்க முடியாது என்று கூறுகிறது.""",1
2010 வரிக் கணக்கில் உங்கள் துப்பாக்கிகள் அனைத்தையும் பட்டியலிட வேண்டும்.,1
"பராக் ஒபாமா கொலம்பியா பல்கலைக்கழகத்தில் ஒரு ஆய்வறிக்கையை எழுதினார், அதில் அவர் ""புளூட்டோக்ரடிக் குண்டர்களை"" விமர்சித்தார் மற்றும் அரசியலமைப்பு அமெரிக்கர்களுக்கு ""பாசாங்குத்தனத்தின் தளைகளை"" வழங்கியதாகக் கூறினார்.",1
"ஜனாதிபதி ஒபாமா கோபன்ஹேகன் காலநிலை மாற்ற ஒப்பந்தத்தில் கையெழுத்திட்டால், அவர் ""உங்கள் சுதந்திரம், உங்கள் ஜனநாயகம் மற்றும் உங்கள் செழிப்பு ஆகியவற்றை என்றென்றும் கையொப்பமிடுவார் - உங்களுக்கோ அல்லது நீங்கள் தேர்ந்தெடுக்கும் எந்த அரசாங்கமும் அதை மீண்டும் எடுக்க எந்த அதிகாரமும் இல்லை.""",1
"ஒபாமா வெள்ளை மாளிகை கிறிஸ்துமஸ் மரங்களுக்கு ""விடுமுறை மரங்கள்"" என்று பெயர் மாற்றுகிறது.",1
"""வரலாற்றில் முதன்முறையாக, சமூகப் பாதுகாப்பு COLA (வாழ்க்கைச் செலவு சரிசெய்தல்) அதிகரிக்க ஜனநாயகக் காங்கிரஸ் அனுமதிக்காது.""",1
"""தேநீர் விருந்து"" போராட்டங்களின் புகைப்படம், கேபிடலில் இருந்து வாஷிங்டன் நினைவுச்சின்னம் வரை மக்கள் கூட்டம் அலைமோதுவதைக் காட்டுகிறது",1
"கடந்த சில மாதங்களாக, உடல்நலக் காப்பீட்டுச் சீர்திருத்தத்தைப் பற்றிய பொய்யான ""ஊடகங்களை நாங்கள் நம்ப முடியாது"" என்பதை அறிந்தோம்.",1
"நாடு முழுவதும் உள்ள பள்ளிக்குழந்தைகள் ""அரசாங்கத்தால் நடத்தப்படும் சுகாதாரப் பாதுகாப்பு, வங்கிகள் மற்றும் ஆட்டோமொபைல் நிறுவனங்கள், வேலைகளை உருவாக்குபவர்கள் மீதான வரிகளை அதிகரிப்பது மற்றும் வேறு எந்த ஜனாதிபதியையும் விட அதிக கடனை அடைப்பது போன்றவற்றை ஜனாதிபதி நியாயப்படுத்துவதைப் பார்க்க வேண்டிய கட்டாயம் ஏற்படும்.""",1
"""ஜனாதிபதி ஒபாமா. .. விருத்தசேதனத்தை கட்டாயப்படுத்த விரும்புகிறார்.""",1
"படைவீரர் விவகாரத் திணைக்களம், ""உங்கள் சமூகத்திற்கு நீங்கள் உண்மையிலேயே மதிப்புமிக்கவரா?' போன்ற எங்கள் வீரர்களுக்குக் கூறும் கையேடு உள்ளது. அவர்களை தற்கொலைக்கு தூண்டுவது உங்களுக்குத் தெரியும்.""",1
ஒபாமாவின் கென்ய பிறப்புச் சான்றிதழின் நகலைப் பெற்றவர்கள் பெற்றுள்ளனர்.,1
"""எனக்கு வயது 59. கனடா அல்லது கிரேட் பிரிட்டனில், என் இடுப்பு உடைந்தால், என்னால் அதை மாற்ற முடியாது.""",1
"மூத்தவர்களும் ஊனமுற்றோரும் ""ஒபாமாவின் 'மரணக் குழு' முன் நிற்க வேண்டும், அதனால் அவரது அதிகாரத்துவத்தினர் 'சமூகத்தில் அவர்களின் உற்பத்தித்திறன் நிலை' குறித்த அகநிலைத் தீர்ப்பின் அடிப்படையில், அவர்கள் சுகாதாரப் பாதுகாப்புக்கு தகுதியானவர்களா என்பதைத் தீர்மானிக்க முடியும்.""",1
"சுகாதாரப் பாதுகாப்பு மசோதாவின் பக்கம் 992 ""பள்ளி அடிப்படையிலான 'சுகாதார' கிளினிக்குகளை நிறுவும். உங்கள் பிள்ளைகள் கற்பிக்கப்படுவார்கள், உங்கள் பேரக்குழந்தைகள் கருக்கலைக்கப்படலாம்!""",1
"""சட்டவிரோதமாக இருந்தாலும் இல்லாவிட்டாலும், அமெரிக்க அல்லாத குடிமக்கள் அனைவருக்கும் இலவச சுகாதார சேவைகள் வழங்கப்படும்.""",1
"சுகாதாரப் பாதுகாப்பு மசோதாவில், ""உங்களுக்கான உடல்நலப் பலன்களை 'ஹெல்த் சாய்ஸ் கமிஷனர்' முடிவு செய்வார். உங்களுக்கு வேறு வழியில்லை. எதுவுமில்லை.""",1
"வெள்ளை மாளிகையின் அறிவியல் மற்றும் தொழில்நுட்பக் கொள்கையின் இயக்குநர் ஜான் ஹோல்ட்ரன், ""மக்கள்தொகையைக் கட்டுப்படுத்த கருக்கலைப்புகளை கட்டாயப்படுத்தவும், குடிநீரில் கிருமிநாசினிகளை வைப்பதையும் முன்மொழிந்துள்ளார்.""",1
"""சமூக பாதுகாப்பு நலன்களை சட்டவிரோதமாக வெளிநாட்டினர் அணுக அனுமதிக்க செனட் இந்த வாரம் வாக்களித்தது.""",1
"சுகாதாரப் பாதுகாப்புச் சீர்திருத்த மசோதா ""ஒவ்வொரு ஐந்தாண்டுக்கும் ஒருமுறை மருத்துவப் பாதுகாப்பில் உள்ளவர்கள் தங்கள் வாழ்க்கையை எப்படி விரைவாக முடித்துக் கொள்வது என்று அவர்களுக்குத் தேவையான ஆலோசனை அமர்வுகளை கட்டாயமாக்குகிறது - முற்றிலும் தேவைப்படுகிறது.""",1
சுகாதார சீர்திருத்த மசோதா -- பக்கம் 16 -- தனியார் காப்பீட்டை சட்டவிரோதமாக்குகிறது.,1
"""அனைத்து இராணுவ குறுக்கு வடிவ தலைக்கற்களையும் அகற்ற ACLU வழக்குத் தாக்கல் செய்துள்ளது.""",1
"2009 இன் இலவச தகவல் ஓட்டம் சட்டம் ""போலி பிறப்பு ஆவணங்களை தயாரிப்பதற்காக பராக் ஒபாமா ஒருபோதும் பொறுப்பேற்கப்பட மாட்டார் என்று உத்தரவாதம் அளிக்கும்.""",1
"ACORN மக்கள்தொகை கணக்கெடுப்பு பணியகத்துடன் ஊதியம் பெறும் கூட்டாளியாக இருப்பார் மேலும் ""அவர்கள் வீடு வீடாகச் சென்று அமெரிக்க மக்களிடம் இருந்து தரவுகளை சேகரிக்கும் பொறுப்பில் இருப்பார்கள்.""",1
"""எங்கள் வீட்டில் எத்தனை பேர் இருக்கிறார்கள்"" என்று மக்கள்தொகை கணக்கெடுப்பில் கூற வேண்டும் என்று அரசியலமைப்புச் சட்டம் கூறுகிறது.",1
"ஊக்கப் பொதியின் உள்ளே ""கிறிஸ்தவ விரோதச் சட்டம், ஞாயிற்றுக்கிழமைகளில் பொதுப் பள்ளிகள் மற்றும் பாய் சாரணர்கள் மற்றும் மாணவர் பைபிள் ஆய்வுக் குழுக்களைப் பயன்படுத்துவதைத் தடுக்கும்.""",1
"""நீங்கள் உண்மையில் முஸ்லிம்களின் [sic] அமெரிக்கர்களின் எண்ணிக்கையை எடுத்துக் கொண்டால், நாங்கள் உலகின் மிகப்பெரிய முஸ்லிம் நாடுகளில் ஒன்றாக இருப்போம்.""",1
"ஃபெடரல் வெறுப்புக் குற்றங்கள் தடுப்புச் சட்ட மசோதா ""குழந்தைகளுக்கு சிறப்புப் பாதுகாப்பை"" உருவாக்கும்.",1
"""ஹமாஸ் அகதிகளை அமெரிக்காவிற்கு குடியேற்றுவதற்கு"" ஒபாமா $20 மில்லியன் மத்திய அரசின் பணத்தில் பயன்படுத்தினார்.",1
"""ஒருவர் தும்மும்போது, ​​அது விமானம் முழுவதும் செல்லும்.""",1
"1970களில், ""பன்றிக் காய்ச்சல் பரவியது.",1
"""நிர்வாகம் தேசியமயமாக்கப்பட்ட சுகாதாரப் பாதுகாப்புக்கான வருவாயை புதிய வரிகளின் மூலம் திரட்டுகிறது, இதில் லைட் ஸ்விட்ச் வரி உட்பட ஒவ்வொரு அமெரிக்க குடும்பத்திற்கும் ஆண்டுக்கு $3,128 செலவாகும்.""",1
"ஒபாமாவின் வரவு செலவுத் திட்டத்தின் கீழ், $250,000க்கு மேல் சம்பாதிக்கும் குடும்பங்கள் ""தங்கள் அடமானக் கழிவுகள், அவர்களின் தொண்டு விலக்குகளை இழக்கப் போகின்றன.""",1
"""அமெரிக்க காங்கிரஸின் ஓய்வூதிய நம்பிக்கையை AIG காப்பீடு செய்கிறது!""",1
"""ஒபாமா நிர்வாகம், சிப்பாய்கள் மற்றும் அதிகாரிகள் நேரடியாக ஜனாதிபதியின் அலுவலகத்திற்கு விசுவாசப் பிரமாணம் செய்ய விரும்புகிறது, மேலும் இனி அரசியலமைப்பிற்கு இல்லை.""",1
"""நான்சி பெலோசி ஓய்வுபெறும் வருமானத்தில் ஒரு விண்ட்ஃபால் வரியை விரும்புகிறார்.""",1
"""மனிதகுலம் மற்றும் பெண்களின் வரலாற்றில், அரசாங்கம் - கூட்டாட்சி, மாநிலம், உள்ளூர் அல்லது வேறு - ஒரு வேலையை உருவாக்கவில்லை என்பதை நீங்களும் நானும் அறிவோம்.""",1
"தூண்டுதல் மசோதாவில் ""மியாமியில் ஒரு சிற்பத் தோட்டத்திற்கு $300,000"" அடங்கும்.",1
"""மற்றும் 100 சதவிகிதம், ஜான், உங்கள் விளம்பரங்களில் . . 100 சதவிகிதம் எதிர்மறையானவை.""",1
"ஒபாமா ""சோசலிசத்தில் பரிசோதனை செய்வார்.""",1
மிச்செல் ஒபாமா நியூயார்க் ஹோட்டலில் $400 மதிப்புள்ள இரால் மற்றும் கேவியர் ஆர்டர் செய்தார்.,1
"ஒபாமா அமெரிக்கக் கொடியை மறுவடிவமைப்பு செய்ய விரும்புவதாகக் கூறுகிறார், ""எங்கள் எதிரிகளுக்கு நம்பிக்கையையும் அன்பையும் சிறப்பாக வழங்குவதற்காக.""",1
"""பயங்கரவாதிகளுடன் நன்றாகப் பேச வேண்டும் என்று பராக் ஒபாமா நினைக்கிறார்.""",1
"""எனது தரப்பில் சட்டவிரோதமான அல்லது நெறிமுறையற்ற நடவடிக்கை எதுவும் இல்லை என்று அந்த அறிக்கையில் உண்மை வெளிப்படுத்தப்பட்டது.""",1
"""(பில்) அயர்ஸ் மற்றும் ஒபாமா இணைந்து தீவிர கல்வி அறக்கட்டளையை நடத்தினர்.""",1
"தடயவியல் தேர்வுகளுக்கு ""கற்பழிப்பு பாதிக்கப்பட்டவர்கள் மீது அரசுகள் கட்டணம் வசூலிக்க அனுமதிக்க வாக்களித்ததாக"" மெக்கெய்ன் கூறுகிறார்.",1
"""இரண்டாவது திருத்தத்தை 'மாற்ற' ஒபாமாவின் பத்து அம்சத் திட்டம்... வீட்டுப் பாதுகாப்பிற்காக துப்பாக்கிகளைப் பயன்படுத்துவதைத் தடை செய்தல்.""",1
ஒபாமா விளம்பரம் ஜான் மெக்கெய்ன் குடியேற்றம் பற்றிய ரஷ் லிம்பாக்கின் கருத்துக்களை ஆமோதிப்பதாக வாதிடுகிறது.,1
"ஒபாமாவின் ஒரு கல்வி சாதனை ""மழலையர்களுக்கு 'விரிவான பாலியல் கல்வி' கற்பிப்பதற்கான சட்டம்.""",1
"""புக்ஸ் சாரா பாலின் தடை செய்ய முயன்றார்.""",1
சாரா பாலினை பன்றி என்று ஒபாமா அழைத்தார்.,1
"சாரா பாலின் ""அலாஸ்காவின் வாசில்லாவின் மேயராகப் போட்டியிட்டார், ஜோ பிடன் அமெரிக்காவின் ஜனாதிபதி தேர்தலில் போட்டியிட்டதை விட அதிகமான வாக்குகளைப் பெற்றார்.""",1
"மெக்கெய்னின் ஆற்றல் திட்டம் ஒரு ""ஒற்றை-பதில் முன்மொழிவு"" - புதிய உள்நாட்டு எண்ணெய் தோண்டுதல்.",1
ஒபாமா அரசாங்கத்தின் அளவை 23 சதவீதம் அதிகரிக்க விரும்புகிறார்.,1
"பராக் ஒபாமா ""அவரது தாய் மற்றும் தாத்தா பாட்டி உட்பட அனைவரையும் வெள்ளையர்களை நிராகரிக்கிறார்.""",1
"ஒபாமா புதுமை, மின்சார கார் மற்றும் ""சுத்தமான, பாதுகாப்பான, அணுசக்தி"" ஆகியவற்றை எதிர்க்கிறார்.",1
"ஒபாமாவின் புத்தகத்திலிருந்து: ""எனது தாயின் இனத்திற்கு எதிரான மனக்குறை மற்றும் பகைமையின் பரவலான உணர்வை வளர்ப்பதில் நான் ஆறுதல் கண்டேன்.""",1
"""பிடல் காஸ்ட்ரோ ஒபாமாவை ஆதரித்தார்.""",1
"ஒபாமாவின் மனைவி கல்லூரியில் ஒரு கட்டுரை எழுதினார், அமெரிக்கா ""குற்றம் மற்றும் வெறுப்பின்"" அடிப்படையில் நிறுவப்பட்ட தேசம் என்றும் அமெரிக்காவில் உள்ள வெள்ளையர்கள் ""தவிர்க்க முடியாத இனவெறி"" என்றும் கூறினார்.",1
"""கிளிண்டனின் முன்னாள் போதகர் குழந்தை வன்கொடுமைக்கு தண்டனை பெற்றவர்.""",1
"""ஒபாமா ... கிட்டத்தட்ட ஒரு மில்லியன் டாலர்களை (கென்யா) எதிர்க்கட்சி பிரச்சாரத்திற்கு வழங்கினார், அவர் தனது உறவினர் ரைலா ஒடிங்காவாக இருந்தார்.""",1
"""அவரது உண்மையான பெயர் பராக் உசேன் முகமது ஒபாமா.""",1
"ஒபாமா தேசிய கீதம் ""உலகைப் பாடக் கற்றுக்கொடுக்க விரும்புகிறேன்"" என்று இருக்க வேண்டும் என்று நினைக்கிறார்.",1
"ஒரு எரிவாயு வரி ""விடுமுறை"" விலையானது ""எங்கும் ஒரு பாலம் (அல்லது) மற்றொரு பன்றி இறைச்சி பீப்பாய் திட்டம்"" போலவே இருக்கும் என்று மெக்கெய்ன் கூறுகிறார்.",1
"ஒபாமா பிரச்சாரம் ""ரேஸ் கார்டை விளையாடியது"" என்று அவர் கூறியதை மறுக்கிறார்.",1
"""ஹிலாரி (கிளிண்டன்), ஒரு முறை இரவு தாமதமாக களைத்துப்போயிருந்தபோது, ​​தவறாகக் குறிப்பிட்டு, உடனடியாக மன்னிப்புக் கேட்டார், 1995 இல் போஸ்னியாவில் அவருக்கு என்ன நடந்தது.""",1
"""தி புக் ஆஃப் ரிவிலேஷன்ஸ் படி, ஆண்டிகிறிஸ்ட்... 40 வயதில், முஸ்லிம் வம்சாவளியைச் சேர்ந்த ஒரு மனிதராக இருப்பார்... ஒபாமாவா??""",1
"""ஸ்னைப்பர் தீயில் தரையிறங்கியதை நான் நினைவில் வைத்திருக்கிறேன்.""",1
"ஒபாமா அமெரிக்கா பெரியது, ஆனால் ""அதை மாற்ற முயற்சிப்போம்"" என்கிறார்.",1
"ஒபாமா ""அடிப்படையில் பாகிஸ்தானை வெடிகுண்டு வைப்பதாக மிரட்டினார்.""",1
"""பராக் ஒபாமா சே குவேராவை நேசிக்கிறார்.""",1
"ஒபாமா ""பாகிஸ்தானை குண்டுவீசப் பரிந்துரைத்தார்.""",1
"ஹிலாரி கிளிண்டன் காதலரின் RNC பதிப்பு: ""ரோஜாக்கள் சிவப்பு, வயலட் நீலம், நான் உங்கள் வரிகளை உயர்த்துவேன், உங்களால் எதுவும் செய்ய முடியாது.""",1
"மெக்கெய்ன் ஒரு ""ஹனோய் ஹில்டன் பாடல் பறவை"" என்று கூறுகிறார், அவர் எதிரியுடன் ஒத்துழைத்தார்.",1
"பராக் ஒபாமாவின் நடுப் பெயர் முகமது மற்றும் அவர் ஒரு ""மறைமுக"" முஸ்லீம்.",1
"மார்மன் மதம் ""அரசியலமைப்பை தூக்கி எறிந்து, ஒரு இறையாட்சியால் மாற்றப்படும் ஒரு திட்டத்தை"" கொண்டுள்ளது.",1
"""உங்கள் திட்டத்தை எனது விளம்பரத்தில் மன்னிப்பு என்று நான் விவரிக்கவில்லை. நான் அதை மன்னிப்பு என்று அழைக்கவில்லை.""",1
"""ஒபாமா ஜகார்த்தாவில் உள்ள வஹாபி பள்ளியில் சேர்க்கப்பட்டார். வஹாபிசம் என்பது இப்போது மேற்கத்திய உலகிற்கு எதிராக ஜிஹாத் நடத்தி வரும் முஸ்லீம் பயங்கரவாதிகளால் பின்பற்றப்படும் தீவிர போதனை.""",1
"ஒபாமா பதவியேற்றபோது, ​​""அவர் பரிசுத்த பைபிளைப் பயன்படுத்தவில்லை, மாறாக குரானைப் பயன்படுத்தினார் (அவற்றின் சமமான நமது பைபிள், ஆனால் மிகவும் மாறுபட்ட நம்பிக்கைகள்).""",1
ஹிலாரி கிளிண்டன் கம்யூனிசத்தை ஆதரிப்பதாக ஒரு அநாமதேய மின்னஞ்சல் கூறுகிறது.,1
"எட்வர்ட்ஸ் கூறுகையில், காங்கிரஸ் உலகளாவிய சுகாதாரப் பாதுகாப்பை நிறைவேற்றவில்லை என்றால், காங்கிரஸிடம் கூறுவேன்: ""உங்கள் உடல்நலப் பாதுகாப்பை உங்களிடமிருந்து பறிக்க ஜனாதிபதியாக எனது அதிகாரத்தைப் பயன்படுத்தப் போகிறேன்.""",1
"ரூடி கியுலியானி ""ஜார்ஜ் புஷ்ஷிற்குப் பிறகு ஜனாதிபதி பதவிக்கு வருவதற்கு மிகவும் தகுதியற்றவர்.""",1
"சுதந்திரப் பிரகடனத்தில் கையொப்பமிட்டவர்கள் ""தைரியமான மக்கள், அவர்களில் பெரும்பாலோர், மதகுருமார்கள்.""",1
"""உலகின் நான்கு அல்லது ஐந்து சிறந்த அமெரிக்கர்களில் நானும் ஒருவனாக இருக்கலாம்.""",1
"""ஐயோவா, நல்ல காரணத்திற்காக, அரசியலமைப்பு காரணங்களுக்காக, இறைவன் தொடர்பான காரணங்களுக்காக, முதல் காகஸ் மற்றும் முதன்மையாக இருக்க வேண்டும்.""",1
"""1972 இல், இந்த நாட்டில் 179,000 மனிதர்கள் சிறையில் இருந்தோம். இன்று அது 2.3 மில்லியனாக உள்ளது, அவர்களில் 70 சதவீதம் பேர் கறுப்பர்கள், ஆப்பிரிக்க-அமெரிக்கர்கள்.""",1
"""ஜனாதிபதி மூளைச்சாவு அடைந்துள்ளார்.""",1
சோஷியல் மீடியாவில் நீங்க படிப்பது எல்லாம் உண்மை தகவலா..!,1
100க்கும் மேற்பட்ட யூடியூப் சேனல்கள் முடக்கம்..காரணம் என்ன,1
பூமியை விட்டு தூரமாகச் செல்லும் சூரியன்; காய்ச்சல் ஏற்படும்- உண்மையா?,1
மசூதிகள் எரிக்கப்படுவது போல வெளியான படங்கள் போலியானவை - காவல்துறை,1
Explainer: சமூக வலைதள போலிச்செய்திகள் பற்றி விரிவான அலசல்...!,1
தமிழகத்துக்கு ஐந்து புயல்கள் வரிசையாக உருவாகிறதா?,1
விளாடிமர் புதின் அடுத்தாண்டு பதவி விலக உள்ளதாக வதந்தி - ரஷ்யா மறுப்பு,1
ரஜினி குறித்து பரவிய செய்தி - உண்மை நிலவரம் என்ன?,1
சமூக வலைதளத்தில் பொய்யான செய்தி பரப்பியவர் கைது...!,1
பொய்யான தகவல்களைப் பரப்புவோர் மீது நடவடிக்கை - திருப்பத்தூர் எஸ்.பி.,1
வாட்ஸ்அப் வதந்தியை தொலைக்காட்சி நிகழ்ச்சியில் மேற்கோள் காட்டிய மத்திய,1
போலிச் செய்திகளைக் கட்டுப்படுத்த கர்நாடக காவல்துறை புதிய முயற்சி!,1
போலிச் செய்திகளைப் பரப்பியதற்காக மகாராஷ்டிராவில் 11 பேர் கைது!,1
கொரோனா நோயாளி என வதந்தி: தற்கொலை செய்துகொண்ட கூலித்தொழிலாளி,1
அமைதியின்மையை விளைவிக்கும் வாட்ஸ்அப் தகவலா... குண்டர் சட்டம் பாயும் அபாயம்!,1
’ஓட்டுக்குப் பணம் கொடுத்தாரா முதல்வர்?’,1
தகவல் தொழில்நுட்ப சட்டத்தில் புதிய திருத்தம்!,1
வலதுசாரி அமைப்புகளால் நாட்டுக்கு அச்சுறுத்தல்: பிரகாஷ்ராஜ்,1
